x,y,z,p,H2,T,U_0,U_1,U_2,rho,Mach_0,Mach_1,Mach_2,U_mag,Mach_mag,rad_dist
-0.0033619737,0.067763075,0.0009008322,98370.0,0.0,295.4,-8.356712e-13,7.0355404e-14,-1.05881165e-13,1.15506,2.419803439609714e-15,2.056616539437264e-16,4.93036113341283e-16,8.452851935785937e-13,2.478069815664714e-15,2.32037983596063
-0.0036853154,0.010261538,1.5513156999999998e-19,87601.914,0.23582526,261.47787,-1.4011776,-47.1639,1.3689557,0.302562,0.0156135162001388,0.0738191151802069,0.0026340528759045,47.20456335552003,0.0754982244074237,2.456876933333333
0.0007924895,0.065292306,0.00045754042,98370.0,0.0,295.4,-9.144763e-14,1.5105818e-14,-2.92322e-14,1.15506,1.1281353795885833e-15,1.3587780132178834e-16,6.195930671184759e-16,9.718732575241498e-14,1.2942363695990005e-15,0.610057499491838
-0.0015188704,0.027781539,-0.0056685233,98370.0,0.0,295.4,-2.8731213e-08,3.6242713e-07,-1.0646775e-07,1.15506,8.319526170622187e-11,1.0494586578826623e-09,3.0829232290704036e-10,3.788327981452381e-07,1.096963573934278e-09,3.9123237593043534
-0.0014932879,0.055633847,-0.0014932879,98370.0,0.0,295.4,-1.1750961e-13,7.124128e-14,6.088207e-14,1.15506,6.655474493341305e-16,2.4414527818356173e-16,4.950008301322715e-16,1.5030121378709957e-13,8.6463064137591945e-16,1.407885333805092
0.0,0.038787693,0.0,98370.0,0.0,295.4,2.7893778e-15,-2.5683516e-14,1.3676873e-14,1.15506,1.020555078101215e-15,1.481538822025145e-16,7.325192129586098e-16,2.923149804049593e-14,1.2649374046186454e-15,0.0
0.0032781975,0.06708923,-1.5699931e-19,98370.0,0.0,295.4,8.3849664e-13,6.2951306e-14,-6.67997e-14,1.15506,2.4279848014843988e-15,4.632699428425975e-16,2.9021889824295395e-16,8.435055910534829e-13,2.488766008502602e-15,2.185465
-0.0031915514,0.015203077,-0.0018426349,85084.6,0.12900245,255.68437,-118.2455,-74.24456,-67.54658,0.47380513,0.2222607326366468,0.143804312230845,0.1278398566048786,155.10252554210714,0.29397711207698,2.4568546932603774
0.002372638,0.027107691,-0.0041095437,98370.0,0.0,295.4,5.1754014e-06,4.14497e-05,-8.980293e-06,1.15506,1.4986101251733022e-08,1.200234262438198e-07,2.6003701730922925e-08,4.2725964846998726e-05,1.237190307985948e-07,3.1635254947783733
1.5699931e-19,0.047323078,0.0032781975,98370.0,0.0,295.4,-3.2377873e-15,-1.13873e-13,6.86831e-13,1.15506,3.342413572248382e-16,3.297352349449785e-16,1.9888156563145312e-15,6.962143103647037e-13,2.0434848482055163e-15,2.185465
-0.0046863924,0.005769231,0.002705682,94748.83,2.5557924e-07,294.2,14.690325,-0.7345625,-8.536025,1.1170775,0.0426249906808311,0.0023721590880194,0.0247665711378455,17.006144579905705,0.0493548378095377,3.607583913671109
-0.0033709237,0.047772307,0.0019461956,98370.0,0.0,295.4,2.0124333e-13,-1.2830619e-13,-7.0741503e-13,1.15506,7.872288305038127e-16,3.963153407034961e-16,2.0484195443410333e-15,7.465905041799728e-13,2.2299815493612626e-15,2.594935572283576
0.0004505431,0.009363077,-0.0016814725,82028.766,0.26077774,285.15076,36.985233,584.2438,-101.24798,0.24631013,0.0512418256785418,0.8390327342050863,0.135793188269676,594.1042658932728,0.851493654554734,1.1605245659162278
0.00084845215,0.042156924,0.0031664888,98370.0,0.0,295.4,-4.957925e-14,1.5127977e-13,7.1170056e-13,1.15506,4.548503170560007e-16,4.48182806778675e-16,2.0974471788965208e-15,7.292882543590902e-13,2.192496592352866e-15,2.185459257238885
0.0007924895,0.024636922,-0.00045754042,133154.25,1.5369226e-09,316.75638,6.539494,80.47554,-3.7641938,1.4553213,0.0182067581385832,0.2241290988501335,0.0104798838312596,80.82850162555033,0.2251114545251006,0.610057499491838
-0.0014593768,0.012956923,-0.00544649,88064.2,3.1622317e-06,288.8995,-4.1029463,-38.112038,-16.862614,1.0572662,0.012017261858118,0.1115935103145284,0.0493702377237046,41.877313187060174,0.1226170726276746,3.7590799089658
0.0032781975,0.06304616,-1.5699931e-19,98370.0,0.0,295.4,7.8781637e-13,5.047255e-14,-9.260289e-14,1.15506,2.281232926861621e-15,3.03104496559738e-16,2.9211065724077553e-16,7.948442654884235e-13,2.3197466755027388e-15,2.185465
0.002317984,0.029353846,0.002317984,98370.0,0.0,295.4,3.8572626e-10,3.104155e-09,3.8565776e-10,1.15506,1.1169245562169565e-12,8.988516710323034e-12,1.1167261674807625e-12,3.151713013509765e-09,9.12622761326788e-12,2.185416273442557
0.00031057486,0.04485231,0.001159104,98370.0,0.0,295.4,-9.798012e-14,6.803736e-14,-3.0349762e-13,1.15506,8.3406280930279465e-16,3.1405640814938367e-16,2.0914657552234638e-15,3.260981318815678e-13,2.2734381897545002e-15,0.7999941184450516
0.0016390758,0.050243076,-0.002838977,98370.0,0.0,295.4,-2.0078145e-13,-5.927484e-14,-1.1227237e-14,1.15506,7.18084450714688e-16,2.3957106733891995e-16,1.2118646417538688e-15,2.096491072525287e-13,1.428865103709009e-15,2.185442735178454
0.0041095437,0.048446152,-0.002372638,98370.0,0.0,295.4,3.838444e-14,7.118753e-16,2.4816843e-13,1.15506,1.3117028548947702e-15,2.3259029693048487e-16,1.0537957777698465e-15,2.511203728278955e-13,1.6985723908655929e-15,3.1635254947783733
-0.0017618468,0.0064430768,-0.0017618468,96495.42,0.13100025,275.30063,17.937113,83.01505,18.203794,0.44633487,0.0321744999408299,0.149973698534037,0.0326698447083408,86.85975285062527,0.1568267434198892,1.6610850929224252
0.00075,0.029803077,1.2490008e-19,98370.0,0.0,295.4,5.1901487e-11,1.3121885e-09,2.54237e-14,1.15506,1.502880465543999e-13,3.799626147408111e-12,1.951890797275865e-14,1.3132145386536906e-09,3.8026472811415186e-12,0.5
-0.00074549386,0.03452,0.0027822433,98370.0,0.0,295.4,-1.0041299e-13,1.0130728e-13,5.6969864e-13,1.15506,4.2657414063715126e-16,1.2541582334006352e-15,2.193036135083057e-15,5.872839806768003e-13,2.562086232281607e-15,1.920259111647012
-1.5126382999999998e-19,0.038113847,-0.0045283833,98370.0,0.0,295.4,-1.5034288e-14,1.0075826e-13,1.3881409e-12,1.15506,8.99596425383833e-16,3.969771469289364e-16,4.01955711657414e-15,1.391874065792845e-12,4.1380797475579206e-15,3.0189222
-0.0010392044,0.0028492308,0.00059997645,102571.67,0.23734999,275.06763,-168.43016,205.97424,97.1998,0.43891764,0.2363095138908381,0.2771184368435899,0.1373814369267008,283.27002570205553,0.3892434631512827,0.799977090098061
-0.0013424361,0.031375386,-0.0050100614,98370.0,0.0,295.4,2.1712275e-14,2.9768015e-13,5.4768153e-13,1.15506,3.0685492759358133e-16,9.100840933587175e-16,1.6205755952762329e-15,6.237306733621805e-13,1.8837935830599744e-15,3.4578638180467665
0.0050100614,0.05091692,-0.0013424361,98370.0,0.0,295.4,-4.733131e-13,6.294618e-14,2.287692e-13,1.15506,2.10077446901699e-15,2.559946869677566e-16,9.132849331560542e-16,5.294552474731387e-13,2.304967682758089e-15,3.4578638180467665
0.0013613222,0.017224615,-0.0013613222,97170.95,0.56330615,257.90625,66.74841,369.14987,-61.12439,0.155372,0.0709565144976347,0.391510429495384,0.0649069645341658,380.083106453598,0.4031478108564557,1.283466878666386
-0.004313942,0.013855385,1.5224762e-19,82667.29,0.020567633,271.724,-57.705914,-61.560524,1.0444462,0.8396071,0.1542498540463034,0.1649265028617982,0.0201820852759812,84.38460460057075,0.2267180746778156,2.8759613333333336
-0.0006890677,0.04912,0.0011935149,98370.0,0.0,295.4,-2.0920108e-14,1.3975478e-13,-1.4468235e-13,1.15506,8.10845595618447e-16,8.252554647677026e-16,4.612682156083241e-16,2.022425075326712e-13,1.2455061335831625e-15,0.9187653821431114
-0.0043740757,0.043504614,0.0011720242,98370.0,0.0,295.4,2.4428606e-13,1.99451e-13,-1.03696904e-13,1.15506,2.1961570682733905e-15,1.2362937445137964e-15,8.299062174175894e-16,3.319780541097691e-13,2.653351168043817e-15,3.018916579372005
-0.0039621918,0.069110766,0.0010616601,98370.0,0.0,295.4,1.7319689e-13,1.0921455e-13,-5.312479e-13,1.15506,1.5048162360752373e-15,6.78563080453186e-16,1.5383028290180173e-15,5.693411208509223e-13,2.256389893674096e-15,2.734640827760201
-0.0015075472,0.0046461537,-0.0008703744,90660.086,0.10006277,319.87726,-77.16739,359.26474,-49.37725,0.47627762,0.131976742164434,0.6580568170452863,0.0854382301411881,370.76147629472274,0.6765769180970996,1.160507581746156
0.0015075472,0.030926153,-0.0008703744,98370.0,0.0,295.4,8.3302106e-14,2.2234497e-12,-8.68362e-14,1.15506,9.534261136978809e-16,6.438311104561064e-15,7.237644703157516e-16,2.226703468117065e-12,6.548641556986211e-15,1.160507581746156
0.0011935149,0.028006153,0.0006890677,98370.0,0.0,295.4,5.1849526e-07,8.141049e-06,3.0091124e-07,1.15506,1.5013758115587511e-09,2.3573550308247928e-08,8.713307803211e-10,8.163091554637972e-06,2.3637377620873363e-08,0.9187653821431114
-0.0012458276,0.036316924,0.0021578514,98370.0,0.0,295.4,2.95119e-13,4.606137e-14,-3.5556914e-13,1.15506,9.891811870038097e-16,3.25144429955793e-16,1.6065994296052877e-15,4.643773113402683e-13,1.9145130055086018e-15,1.6611119533351038
-0.004491879,0.009363077,-0.0025933797,90586.64,0.00012834267,291.34875,18.548075,-30.377874,10.845114,1.0766188,0.0540321918107501,0.0884962466170253,0.0315991592821683,37.20837019594512,0.1083954347955433,3.4578474498201968
0.0008019567,0.046873845,0.00021488206,98370.0,0.0,295.4,5.884175e-14,8.040435e-14,-1.0524039e-14,1.15506,8.58513971059215e-16,2.411378622140951e-16,3.9113605465094005e-16,1.0018965235421533e-13,9.737459218630649e-16,0.5534975051172251
-0.00045754042,0.021941539,-0.0007924895,173866.62,0.9815649,234.25612,-176.90813,511.98636,-307.71136,0.18330374,0.1531373487165593,0.4427411902894554,0.2663741536262117,622.9869985474786,0.538911865587446,0.610057499491838
-0.0021569484,0.057655383,0.0037359586,98370.0,0.0,295.4,1.4978475e-13,-5.6832475e-14,-1.0815787e-13,1.15506,1.1659868197387305e-15,6.749550502824548e-16,1.2419500201114913e-15,1.9329647278242052e-13,1.8323562525232816e-15,2.875939503395293
0.0056685233,0.048446152,-0.0015188704,98370.0,0.0,295.4,-2.245453e-13,-2.0688461e-14,2.98631e-14,1.15506,8.049342922679173e-16,2.0370327547349878e-16,4.501581443862927e-16,2.2746518175810673e-13,9.444874770291005e-16,3.9123237593043534
3.469447e-20,0.055184614,-0.0006,98370.0,0.0,295.4,-1.1424615e-13,2.5455747e-13,5.962105e-13,1.15506,1.3855521018155437e-15,7.56112501414489e-16,1.7264112573226378e-15,6.582694346792e-13,2.3392213599937644e-15,0.3999999999999999
-0.00069490174,0.06888615,0.0025934312,98370.0,0.0,295.4,1.5039727e-14,9.8703076e-14,-8.594257e-14,1.15506,3.953271781399393e-16,5.470000883641532e-16,1.155920016568951e-15,1.3173691942011246e-13,1.338522976699034e-15,1.7899439863847344
-0.003667574,0.03249846,-0.003667574,98370.0,0.0,295.4,3.279165e-13,-6.81381e-14,2.6610664e-13,1.15506,1.7559388076543192e-15,2.7737339855231687e-16,1.662033590296331e-15,4.2776719777929405e-13,2.433641870474012e-15,3.457821927871294
-0.0046863924,0.04283077,0.002705682,98370.0,0.0,295.4,6.453029e-13,1.12787506e-13,-5.823915e-13,1.15506,1.868565086653988e-15,6.21582497113704e-16,1.6863963247559566e-15,8.765367724918105e-13,2.5926497734809324e-15,3.607583913671109
0.0041669416,0.036316924,0.0011165227,98370.0,0.0,295.4,-4.7269073e-13,-7.228713e-15,-4.3498075e-13,1.15506,2.0570319333353097e-15,3.723119243026462e-16,1.259547849302105e-15,6.424150009068373e-13,2.440585447883499e-15,2.8759558980875943
0.00392167,0.006667692,0.002264169,94106.44,8.662508e-05,293.8055,-24.6458,-5.1413164,-13.99375,1.109715,0.0715211153194226,0.0149168988028144,0.0406022475798202,28.8040558086428,0.0835842468109904,3.0189002301766195
-0.0050100614,0.020593846,-0.0013424361,121129.0,7.5147455e-14,309.50476,-54.005,51.4136,-14.452456,1.3574587,0.1527738411663309,0.1454361669445302,0.0408878350095669,75.95243099724944,0.2148565573865553,3.4578638180467665
-2.0677499e-19,0.012732307,-0.0045283833,83092.3,0.011927117,276.31464,-0.090819985,-63.96506,-32.517574,0.9053528,0.0117688208531914,0.178100415748162,0.0901484286793327,71.75604342436078,0.1999625025530922,3.0189222
0.0045836214,0.014529231,-0.0012281717,85560.7,0.0005508061,285.5345,44.007763,-43.16005,-12.564263,1.0318224,0.1291259694051491,0.1266517818615526,0.0368854175611123,62.90734317231843,0.1845934014318589,3.163541676540452
-0.00031432978,0.060126156,-0.0005329707,98370.0,0.0,295.4,-1.0268483e-13,-4.4336703e-15,3.8192924e-13,1.15506,6.166858003727312e-16,1.358214060946155e-16,1.7018041036632926e-15,3.955170996448012e-13,1.815182094992152e-15,0.4125050721052952
1.2490008e-19,0.04754769,-0.00075,98370.0,0.0,295.4,-5.498406e-14,-1.7553189e-14,-1.461466e-15,1.15506,4.150524322914108e-16,2.263125036646756e-16,1.311427166684287e-15,5.773644586413749e-14,1.3940326697691008e-15,0.5
0.0016267902,0.0608,0.0016267902,98370.0,0.0,295.4,-4.15645e-13,6.590677e-14,-9.152241e-13,1.15506,1.7445053860348402e-15,9.280535548627782e-16,2.6501596833876777e-15,1.0073428520507022e-12,3.3057417911947508e-15,1.533752509317093
-0.0007244437,0.021043077,0.00019411351,108222.25,0.9998357,211.69713,15.222821,1352.5437,-2.4764898,0.12398738,0.013770781299991,1.2211986592301562,0.0026334172334732,1352.6316304488143,1.221279138694127,0.4999994352148855
0.0013781823,0.029129231,-1.5183822e-19,98370.0,0.0,295.4,2.5423974e-09,3.3788538e-08,8.046005e-12,1.15506,7.361869118550581e-12,9.783945517710019e-11,9.330303788687812e-13,3.3884054501419495e-08,9.812047009650104e-11,0.9187882
-0.0006495165,0.06978462,0.00037499773,98370.0,0.0,295.4,-1.1973849e-13,9.778119e-14,-3.5015925e-14,1.15506,6.869697465410197e-16,4.3208128914068364e-16,5.515678909093556e-16,1.5850735663968985e-13,9.812485981494713e-16,0.4999977694516481
-0.001007429,0.03788923,0.0037597984,98370.0,0.0,295.4,4.14634e-13,-4.4534468e-14,-6.365058e-14,1.15506,1.2006310583934561e-15,4.679854683862122e-16,1.3866039655183189e-15,4.218483959082687e-13,1.8929331457267002e-15,2.5949521253287604
-0.0007791963,0.03654154,0.0013496222,98370.0,0.0,295.4,-3.85327e-13,-2.8915262e-14,-7.940452e-14,1.15506,1.333372940280397e-15,2.2384579183110837e-16,8.382134912471261e-16,3.9448455876239193e-13,1.5907835155360337e-15,1.0389368404857235
-0.0033619737,0.06619077,0.0009008322,98370.0,0.0,295.4,-7.625677e-13,-2.0641673e-14,-3.6101252e-14,1.15506,2.2665280312810266e-15,6.005038602936633e-16,4.2760284346666647e-16,7.637007765764655e-13,2.3834005946443447e-15,2.32037983596063
-0.0006495165,0.069110766,0.00037499773,98370.0,0.0,295.4,-2.3814636e-15,-9.516976e-14,-1.8774953e-13,1.15506,6.735244144481601e-16,3.3127295517367154e-16,6.805914810611788e-16,2.1050615336031542e-13,1.0132036674727757e-15,0.4999977694516481
-0.0001279371,0.06978462,-0.00044156975,98370.0,0.0,295.4,3.4870837e-13,2.1316862e-13,1.9777687e-14,1.15506,1.0097340326196428e-15,7.42025448739924e-16,1.5321758496927733e-15,4.091815547698005e-13,1.979324990391872e-15,0.3064867194305833
-0.0009705788,0.05069231,-0.00026006208,98370.0,0.0,295.4,-1.5945363e-13,-2.4537276e-14,1.4448707e-13,1.15506,1.2073260524328614e-15,1.3827682467814944e-16,7.051672517740473e-16,2.1657343195983665e-13,1.40499734167035e-15,0.6698774323920479
-0.004299605,0.05540923,-0.00248237,98370.0,0.0,295.4,1.6786307e-13,5.1559695e-14,3.4269858e-13,1.15506,1.2681288289833484e-15,3.210058213647225e-16,1.1542264356569368e-15,3.850697717977021e-13,1.744544103488942e-15,3.3098347708290348
0.00083024846,0.030252308,7.63982e-20,98370.0,0.0,295.4,5.803325e-12,1.216775e-10,-1.0393138e-14,1.15506,1.6804342803788652e-14,3.523342940902268e-13,2.2644621588916667e-15,1.218158146355511e-10,3.527420708081114e-13,0.5534989733333333
-1.3285194e-19,0.018796923,-0.0024917016,104296.39,0.2721175,242.52762,0.4523121,-9.838552,-173.80576,0.38049513,0.0352940857425691,0.0164581853483027,0.2577236966020032,174.08458834965865,0.2606492818780905,1.6611344
0.002264169,0.03744,-0.00392167,98370.0,0.0,295.4,8.881125e-15,-6.814964500000001e-16,-1.3141376e-13,1.15506,9.888659165761056e-16,1.934835107151975e-15,1.2461396094348416e-15,1.3171528057144542e-13,2.504856606481919e-15,3.0189002301766195
-0.0030781461,0.011609231,1.8567266e-19,80554.73,0.63500375,245.64474,15.369822,174.84613,-2.2388496,0.12048487,0.0159258794644884,0.1812459972795752,0.0023292913307314,175.53464914887886,0.1819592557818607,2.0520974
-0.0054114084,0.03204923,2.5823509e-19,98370.0,0.0,295.4,1.0184834e-12,4.2123748e-14,-2.2524886e-14,1.15506,2.949161646859953e-15,9.09263694905422e-16,4.666531218603897e-16,1.019602970136141e-12,3.121230530147496e-15,3.6076056
-0.00035669186,0.05406154,0.001331215,98370.0,0.0,295.4,-1.940741e-13,2.984683e-14,-4.771425e-13,1.15506,7.1092635755300195e-16,2.2114678305184591e-16,1.4942610742010477e-15,5.15965652789126e-13,1.669472474582983e-15,0.9187823969714264
1.5183822e-19,0.04328,0.0013781823,98370.0,0.0,295.4,-1.2752226e-13,-5.6655198e-14,-3.8458613e-13,1.15506,6.583593378485305e-16,6.819776303838809e-16,1.1505461513121765e-15,4.0911884537907044e-13,1.490733695995241e-15,0.9187882
-1.5513156999999998e-19,0.061923075,-0.0036853154,98370.0,0.0,295.4,-1.3668222e-13,4.1229762e-14,-2.3577112e-13,1.15506,4.097730854657303e-16,1.9613479545339447e-16,8.277797031759679e-16,2.7562645657621373e-13,9.442468303096089e-16,2.456876933333333
-0.0041095437,0.05159077,0.002372638,98370.0,0.0,295.4,5.454483e-14,-8.1311185e-14,-3.9022399e-13,1.15506,1.092145306075155e-15,2.737539568748665e-16,1.3152491142417702e-15,4.023200338752138e-13,1.7313586661926526e-15,3.1635254947783733
-1.2490008e-19,0.031375386,0.00075,98370.0,0.0,295.4,2.6707032e-14,6.467946e-14,1.050265e-13,1.15506,1.0910557118308602e-15,3.465402953801962e-16,2.103661133518457e-15,1.262032638499917e-13,2.394970335373092e-15,0.5
0.0054114084,0.06731384,-1.4721278e-19,98370.0,0.0,295.4,-1.1693221e-12,-7.4637074e-14,-8.3477435e-14,1.15506,3.3859365223469635e-15,3.360902583057771e-16,5.623484052842816e-16,1.1746715917727265e-12,3.4487328867305547e-15,3.6076056
0.001159104,0.036316924,0.00031057486,98370.0,0.0,295.4,-3.9076194e-13,1.1465297e-13,-5.4416387e-15,1.15506,1.663086267529992e-15,5.237346974635604e-16,6.508996119003074e-16,4.07271173438688e-13,1.86113521038802e-15,0.7999941184450516
0.0052270126,0.024187692,0.001400568,100160.7,2.7959068e-29,296.58887,1.3636994,4.4817047,0.36448696,1.171365,0.00393929972811,0.0129464072469512,0.0010529032662393,4.6987449191856,0.0135733617147652,3.607600091361616
0.0008019567,0.017673846,0.00021488206,95791.625,0.9996424,206.53525,1.4171388,1357.8588,-0.021816365,0.1124995,0.0066782035857712,1.2416016571205593,0.0027665508018485,1357.85953967845,1.2416226992009252,0.5534975051172251
0.002973254,0.06237231,0.000796675,98370.0,0.0,295.4,7.9267776e-14,4.3190823e-14,-1.9188056e-13,1.15506,7.663449239591583e-16,2.2350890822398297e-16,7.016996799257506e-16,2.120541836637917e-13,1.0628373419020174e-15,2.0520916596531995
0.00087018503,0.01655077,-0.00050239643,93835.164,0.99669236,218.63837,28.66309,954.5699,-16.559958,0.10439238,0.0254327066533072,0.8495339562167775,0.0146882099747358,955.143705901536,0.8500414747794985,0.6698670379885004
0.0025934312,0.05091692,0.00069490174,98370.0,0.0,295.4,-3.635715e-14,1.6042258e-13,-6.723884e-14,1.15506,9.180248746669784e-16,6.445464706823782e-16,4.2799320952468196e-16,1.7770286473358978e-13,1.2005781985258892e-15,1.7899439863847344
0.002039934,0.06035077,-0.00054659264,98370.0,0.0,295.4,9.027264e-14,1.625866e-13,-1.8331352e-13,1.15506,1.1283474562218264e-15,5.260977240040046e-16,5.988478823826197e-16,2.6112716949203124e-13,1.3815084449248248e-15,1.4079290131187046
1.2490008e-19,0.020144615,-0.00075,96546.48,0.99986136,204.65038,0.40444195,1438.8049,-18.483143,0.1144125,0.0022962207674843,1.3212935611487568,0.0169819854469321,1438.9236708083092,1.3214046825982932,0.5
0.00016102531,0.015652308,0.0005830067,93470.27,0.99989164,194.34575,-28.963963,1618.7262,-91.1959,0.11662838,0.0272968724756683,1.5252341472769806,0.0859438126630275,1621.551761090566,1.5278974645576675,0.4032236559999844
0.0037359586,0.0077907695,-0.0021569484,92525.336,0.0017509323,291.68912,-30.079113,-14.593275,16.459463,1.0753312,0.0866668763456996,0.0420280912023762,0.0473841506725964,37.26433464239987,0.107344145814289,2.875939503395293
0.0032019995,0.039686155,0.0032019995,98370.0,0.0,295.4,1.1709275e-13,1.3152602e-13,1.0150675e-13,1.15506,1.3814058149614725e-15,3.919546485280946e-16,1.4711873127845528e-15,2.0325704498286254e-13,2.0557973103908826e-15,3.018874079741246
-0.0030503666,0.047996923,-0.0030503666,98370.0,0.0,295.4,-5.9871997e-13,2.609325e-14,-5.569759e-13,1.15506,1.7855772127978958e-15,4.704554306259428e-16,1.699498781250241e-15,8.18149505502004e-13,2.5095637873024063e-15,2.875913210619937
-0.0008019567,0.037664615,0.00021488206,98370.0,0.0,295.4,-1.5323951e-13,1.0014274e-13,-3.568089e-14,1.15506,8.008125637145693e-16,3.4453608332796843e-16,5.090891799800701e-16,1.865048034527256e-13,1.0095432967886313e-15,0.5534975051172251
-0.00019411351,0.0044215387,-0.0007244437,26755.387,1.0,124.20037,-165.41809,2280.495,-607.047,0.05199,0.1958459418311161,2.68953311987144,0.7177658178317052,2365.6979202200027,2.7905432813458986,0.4999994352148855
-0.0019252748,0.029353846,1.6320611e-19,98370.0,0.0,295.4,-8.9291e-10,8.411762e-09,2.7667e-12,1.15506,2.585546334807729e-12,2.4357439570150305e-11,3.484252473549349e-13,8.459020975702382e-09,2.449676126380701e-11,1.2835165333333334
-0.00023684214,0.045975383,0.0008839167,98370.0,0.0,295.4,5.744654e-14,1.4608109e-13,-7.6845695e-14,1.15506,4.222240887467084e-16,5.683590270437573e-16,1.4841168905166097e-15,1.7477142401889598e-13,1.6443564423374893e-15,0.6100648168910395
-0.00025366183,0.010036923,-0.00041642482,63923.54,0.999988,170.00488,105.402885,1997.7288,167.074,0.091105685,0.1061078596128017,2.012452685700922,0.1681533487377921,2007.4720042859285,2.0222512798236023,0.3250667997750489
-0.0009705788,0.06461846,-0.00026006208,98370.0,0.0,295.4,-1.4493724e-13,1.1169119e-13,2.163451e-13,1.15506,1.3032676852186661e-15,3.300683067835699e-16,6.668356772537924e-16,2.833494798944295e-13,1.500707022352037e-15,0.6698774323920479
0.0018426349,0.06372,0.0031915514,98370.0,0.0,295.4,-3.9763508e-13,5.495857e-14,-5.3513624e-14,1.15506,1.151408191754904e-15,6.250051398525092e-16,5.124997712483234e-16,4.049664297403733e-13,1.4067793943657036e-15,2.4568546932603774
0.0012281717,0.053387694,-0.0045836214,98370.0,0.0,295.4,2.2170494e-13,-1.9283937e-14,1.07678304e-13,1.15506,8.507730286231962e-16,3.1643316921275864e-16,9.985454980529572e-16,2.472237201381372e-13,1.3494583389243792e-15,3.163541676540452
0.0015584395,0.018123077,-1.7182793999999998e-19,99673.6,0.91262174,239.979,19.155565,489.55075,4.2512565,0.109801754,0.0178167911650899,0.4326678022382712,0.00960899369614,489.9438188995352,0.4331410831368558,1.0389596666666667
-0.00084845215,0.06506769,0.0031664888,98370.0,0.0,295.4,2.5912432e-16,-3.9305063e-14,5.948865e-13,1.15506,4.3084053144566326e-16,2.8566929996508683e-16,1.9391807398850105e-15,5.961836151766478e-13,2.0069012069406658e-15,2.185459257238885
-0.00392167,0.036092307,-0.002264169,98370.0,0.0,295.4,-1.6404788e-13,-6.6109065e-14,1.8896915e-13,1.15506,1.762761328140244e-15,3.2406263231741262e-16,1.3882674818116524e-15,2.588270755917764e-13,2.267075360614841e-15,3.0189002301766195
-0.0052270126,0.051141538,0.001400568,98370.0,0.0,295.4,6.8075e-13,-1.500854e-13,-2.6338095e-13,1.15506,2.2063643824987163e-15,4.3459335815704083e-16,8.511251509116149e-16,7.451950849382076e-13,2.4044394768484973e-15,3.607600091361616
1.588243e-19,0.03923692,0.0028803973,98370.0,0.0,295.4,2.4722564e-14,3.8294122e-14,5.4607113e-15,1.15506,4.057557114484794e-16,3.2714808470793924e-16,6.259984840191564e-16,4.5907127097945566e-14,8.145782152104343e-16,1.9202648666666664
-0.00044156975,0.05496,-0.0001279371,98370.0,0.0,295.4,-7.8295714e-14,1.6074673e-14,1.5871957e-13,1.15506,1.0362241655202764e-15,9.249025104524096e-16,5.240365906964837e-16,1.777090764249582e-13,1.4845267001432332e-15,0.3064867194305833
-0.00071900955,0.053836923,-0.0004151182,98370.0,0.0,295.4,-1.5562153e-13,-3.529653e-14,-8.340125e-14,1.15506,9.319416849283202e-16,1.1045791244934312e-16,3.41697301718402e-16,1.8005464207052344e-13,9.987358512296132e-16,0.5534930905771464
0.0021578514,0.03654154,-0.0012458276,98370.0,0.0,295.4,-1.0942187e-13,5.763347e-14,3.3951206e-13,1.15506,1.3604786917921401e-15,2.99867695079537e-16,1.259999038712395e-15,3.6133530326274715e-13,1.878409029718748e-15,1.6611119533351038
0.00035669186,0.0028492308,0.001331215,94373.94,0.04831948,291.7735,17.827251,99.39977,64.01913,0.7730793,0.0370393597070978,0.2200186127824021,0.1333684801529146,119.56828241731502,0.2599370224429424,0.9187823969714264
-0.001331215,0.032947693,-0.00035669186,98370.0,0.0,295.4,3.535651e-14,1.2900159e-13,-2.080199e-13,1.15506,1.5791526947552385e-15,3.735422129420275e-16,7.440323486479161e-16,2.473131048244678e-13,1.7851725838240104e-15,0.9187823969714264
0.00045754042,0.021492308,-0.0007924895,121736.0,0.99960625,226.04875,83.513054,895.081,-142.34302,0.13053213,0.0727548288233447,0.7826247195036374,0.1239721824166115,910.1680955142996,0.7957159158320254,0.610057499491838
-0.004149602,0.052713845,-0.004149602,98370.0,0.0,295.4,-6.3659998e-15,-1.3436038e-13,7.724635e-14,1.15506,1.1690721188353272e-15,3.890593413148681e-16,5.182145339988033e-16,1.5511362369411817e-13,1.336653692378874e-15,3.912282284567013
0.0011503282,0.007116923,0.0019924412,93506.0,0.21431863,270.62988,-25.134863,176.06337,-38.39789,0.3156416,0.0387268998572733,0.2748769483577807,0.0596903205325092,181.9463370069257,0.2839366899087101,1.533779196505254
-0.0041669416,0.03586769,0.0011165227,98370.0,0.0,295.4,2.8880023e-13,4.8088663e-14,-3.904316e-13,1.15506,2.194957749300051e-15,4.484027118263229e-16,1.1305495774823089e-15,4.880111951950902e-13,2.5093917311434204e-15,2.8759558980875943
0.0039870623,0.055858463,0.0039870623,98370.0,0.0,295.4,-3.5822175e-13,8.173997e-14,-4.6654336e-13,1.15506,1.847495341265108e-15,3.4780025785370753e-16,1.55883005032714e-15,5.938576863430775e-13,2.4421619891322308e-15,3.759038385790977
-1.6320611e-19,0.044627693,-0.0019252748,98370.0,0.0,295.4,3.7864287e-14,1.3947994e-13,4.4539112e-13,1.15506,5.486732955931386e-16,4.0388375220121374e-16,1.2896925585423018e-15,4.682537855343793e-13,1.4585853989905958e-15,1.2835165333333334
0.0025934312,0.05990154,-0.00069490174,98370.0,0.0,295.4,1.8255582e-13,1.7146953e-13,-8.009081e-14,1.15506,9.995685799006558e-16,9.430110273328594e-16,5.347937572178793e-16,2.629504991072453e-13,1.4745885888461245e-15,1.7899439863847344
-0.001331215,0.067763075,0.00035669186,98370.0,0.0,295.4,2.8155234e-13,8.164939e-14,-2.17746e-14,1.15506,1.1181482224261259e-15,2.488026708366629e-16,4.75242147173537e-16,2.9395999090353725e-13,1.240166647987389e-15,0.9187823969714264
1.00559694e-19,0.03586769,0.003480578,98370.0,0.0,295.4,-2.4219506e-14,-1.7179622e-14,5.7880214e-13,1.15506,2.456569225016267e-16,2.0456077550332072e-16,1.6760029031154404e-15,5.795633193634036e-13,1.706217502459424e-15,2.3203853333333333
0.001007429,0.06843692,-0.0037597984,98370.0,0.0,295.4,-4.7222675e-13,1.2837627e-13,3.4991397e-13,1.15506,1.3673988212680765e-15,3.797512333389523e-16,1.6080132349924461e-15,6.015965064026189e-13,2.1446904437560804e-15,2.5949521253287604
-0.00095382205,0.025086153,-0.0035597347,98705.3,1.0691171e-26,295.62375,-0.05085234,0.86367625,-0.18806024,1.158125,0.000147181051064,0.0024997356510148,0.0005443004514399,0.8853752194219102,0.0025625385008199,2.4568713291004243
0.0023251872,0.054735385,-0.0013424391,98370.0,0.0,295.4,7.8682625e-14,-3.2779506e-13,4.0483052e-13,1.15506,1.7498004036390785e-15,9.491766072959684e-16,1.4822503538888156e-15,5.268095545458194e-13,2.4818952024646177e-15,1.7899271558427734
0.0035105823,0.009587692,-0.0035105823,89986.734,0.0005406772,290.53537,-15.5144005,-35.534073,15.745875,1.0666625,0.0451290943179723,0.1033764279352117,0.0458093869292165,41.84853099404272,0.1217449010736594,3.309808733657956
-0.0045283833,0.04867077,1.5126382999999998e-19,98370.0,0.0,295.4,7.3328854e-13,1.3495029e-13,7.370837e-14,1.15506,2.1233400099711244e-15,6.678047407733459e-16,6.257822574126468e-16,7.492373372132976e-13,2.312172009915352e-15,3.0189222
-0.0031664888,0.03901231,-0.00084845215,98370.0,0.0,295.4,-6.910702e-13,-1.5786293e-13,3.4662706e-14,1.15506,2.1897497083721506e-15,4.67223087699689e-16,5.886251265531609e-16,7.097184154180215e-13,2.3151200268248025e-15,2.185459257238885
0.00050239643,0.069110766,-0.00087018503,98370.0,0.0,295.4,1.4257351e-13,1.7413239e-14,7.6236936e-14,1.15506,1.1851972274893452e-15,5.028182993507296e-16,1.2725259292335376e-15,1.626114911587103e-13,1.810204670964604e-15,0.6698670379885004
-1.3877788e-20,0.04036,-0.00015293711,98370.0,0.0,295.4,-4.6059273e-14,-4.7562828e-14,3.7365174e-13,1.15506,5.20858464920602e-16,4.789307411223478e-16,1.0819611288092359e-15,3.794723995782482e-13,1.292790810427427e-15,0.1019580733333333
0.0028192918,0.04575077,0.0048831706,98370.0,0.0,295.4,-3.5738938e-13,6.2323214e-14,-3.281366e-13,1.15506,1.179160083925523e-15,3.996260727801423e-16,1.004946145672895e-15,4.891676401803723e-13,1.6000113303572989e-15,3.7590637937450806
0.0045836214,0.010935385,0.0012281717,85714.55,0.0019443344,285.46802,-12.002357,-53.92536,-3.1868773,1.0154814,0.0349359501807969,0.156813354746749,0.0093003333550602,55.336761846084784,0.160926831331758,3.163541676540452
-1.5126382999999998e-19,0.003523077,-0.0045283833,95043.98,3.066374e-06,294.14825,0.11508004,2.6029413,15.309375,1.120715,0.0058787640303823,0.0075530735488683,0.0444237611199309,15.529504490403973,0.0454431440219557,3.0189222
-0.0025933797,0.021716923,-0.004491879,135127.5,2.3429588000000003e-16,317.11176,-27.164463,78.05564,-46.870163,1.4779975,0.0759134753509298,0.2181359365758318,0.1309942457788691,95.01264739777824,0.2655289720404278,3.4578474498201968
-1.6320611e-19,0.024412308,-0.0019252748,139221.88,2.5804605e-11,319.96936,0.02644378,91.71744,-17.6006,1.5074413,0.0065578942026758,0.2546387523876228,0.0488519586950055,93.39095577081916,0.2593654064485799,1.2835165333333334
-0.0049647847,0.05496,9.37506e-20,98370.0,0.0,295.4,6.273463e-14,1.65494e-13,-3.8494253e-14,1.15506,3.0601323967932033e-16,1.3491947378859349e-15,1.1839541939926435e-16,1.811234533440242e-13,1.3885200822936834e-15,3.3098564666666666
0.0024067922,0.06888615,-0.000644892,98370.0,0.0,295.4,-1.6070371e-13,-5.0284948e-14,-5.08634e-14,1.15506,6.098769888096509e-16,3.535945417152809e-16,2.1609360746978038e-16,1.7590151751104026e-13,7.373435349955069e-16,1.6611287174214255
0.0007791963,0.06686462,-0.0013496222,98370.0,0.0,295.4,4.557998e-14,3.3656393e-14,2.7350973e-13,1.15506,5.988155116100598e-16,7.22086728345736e-16,1.2290958206837524e-15,2.793167731648849e-13,1.5461778023953562e-15,1.0389368404857235
0.002317984,0.0064430768,-0.002317984,94492.35,0.015332512,285.6584,-24.283226,6.5614924,24.7216,0.956888,0.0652921142727731,0.0175143918448389,0.0664996924351543,35.268764566430924,0.0948262790679542,2.185416273442557
0.004299605,0.008464616,0.00248237,91725.02,0.00018515938,292.25037,-23.71645,-21.86435,-13.402813,1.0859587,0.0689666436114073,0.0635704154974817,0.0389621051890967,34.93071997308342,0.1015659455640106,3.3098347708290348
0.0013424361,0.029129231,-0.0050100614,98370.0,0.0,295.4,7.2817974e-11,1.0577201e-09,-2.73437e-10,1.15506,2.1085467791191461e-13,3.062777198350941e-12,7.917752328019134e-13,1.0949164626812742e-09,3.1704844868275735e-12,3.4578638180467665
0.0041669416,0.052264616,-0.0011165227,98370.0,0.0,295.4,-4.1616013e-13,1.7745992e-13,4.626567e-13,1.15506,1.818701523743768e-15,1.0592044879632068e-15,1.339687556281074e-15,6.470954327322309e-13,2.4948651523165854e-15,2.8759558980875943
-0.0010559278,0.025086153,-0.0018289352,100174.984,1.3903502e-17,296.60638,-0.3988525,4.677821,-0.68313015,1.1714575,0.001151889150831,0.0135099377815567,0.0019728968996982,4.744234335131041,0.0137017367386099,1.407912163392128
-0.001159104,0.024412308,0.00031057486,152445.0,4.3105506e-09,326.82486,-15.275738,118.63577,4.077765,1.6166288,0.041989689386615,0.3262259339659083,0.0112083157518759,119.68467847779334,0.3291080678875973,0.7999941184450516
0.0028803973,0.03699077,-1.8657987e-19,98370.0,0.0,295.4,7.234519e-14,9.311749e-14,1.0078868e-14,1.15506,6.360808195430753e-16,3.548336343316363e-16,3.415129029173529e-16,1.1834811802558425e-13,8.044481213245669e-16,1.9202648666666664
-0.00544649,0.06956,-0.0014593768,98370.0,0.0,295.4,4.1052724e-13,-2.320225e-13,2.1872022e-13,1.15506,1.1887393179696014e-15,1.3387986329884722e-15,6.779319031213815e-16,5.198130336237406e-13,1.9144384584123917e-15,3.7590799089658
0.00023684214,0.023064615,-0.0008839167,196088.25,0.0028919366,341.37387,17.060833,243.76913,-62.7936,1.9194225,0.0450558967121822,0.644151433824326,0.1658367346197686,252.30437365327376,0.6666805277461023,0.6100648168910395
-1.588243e-19,0.02373846,-0.0028803973,156574.0,5.449811e-12,328.40237,-0.041312456,123.319626,-39.6001,1.6536525,0.0144027101740058,0.3386453734974636,0.1087389640482609,129.52181199901773,0.3559666969730202,1.9202648666666664
-0.0026657272,0.041033845,0.00153905,98370.0,0.0,295.4,3.1624046e-14,2.1157162e-14,-3.094924e-13,1.15506,3.979400379151145e-16,3.377557910274628e-16,8.974280025363123e-16,3.118224678355689e-13,1.0381773778525446e-15,2.0520749831783918
0.0037359586,0.012507692,-0.0021569484,82651.73,0.037362162,269.06674,30.104324,-71.116196,-15.267052,0.731428,0.0750178887953793,0.1775382142610261,0.0379805545317419,78.72017869503408,0.1964434363496233,2.875939503395293
-0.0007775554,0.056083076,-0.0007775554,98370.0,0.0,295.4,3.0531123e-14,-5.1424932e-14,-3.32405e-14,1.15506,1.6227910972572565e-15,2.76586778416444e-16,1.5872663180351837e-15,6.842224742798027e-14,2.286780609437899e-15,0.7330862614509579
-0.0038263933,0.02531077,-0.0038263933,98390.234,0.0,295.41376,-0.010407327,0.0514605,-0.010449299,1.1552488,3.013503358288208e-05,0.0001490069357504,3.0256567096156536e-05,0.0535320779077959,0.0001550053128225,3.607558199889029
-0.0001279371,0.026658462,-0.00044156975,98371.85,2.398672e-38,295.4015,-3.543155e-05,0.0048853965,-0.00011492436,1.15508,1.02596724151906e-07,1.4146309475697144e-05,3.327786470597999e-07,0.0048868765040124,1.4150595022752382e-05,0.3064867194305833
-0.0025933797,0.023289232,0.004491879,130563.625,3.720312e-21,314.79688,-14.106764,70.11292,24.498112,1.4383925,0.0395532227058596,0.1966007785996721,0.0686832624995689,75.59748562645876,0.211975739460914,3.4578474498201968
0.0029342247,0.0062184613,0.00508224,94427.234,2.87215e-08,293.71,-8.05191,-3.2580013,-13.964475,1.1151463,0.0233815551230572,0.0094611407981577,0.0405526840879721,16.445497534113304,0.0477569941674933,3.912307532088964
0.0025934312,0.039686155,0.00069490174,98370.0,0.0,295.4,7.8772905e-14,1.170633e-13,-3.541105e-14,1.15506,8.475437265119803e-16,4.348244502890951e-16,4.4234521381786004e-16,1.454748405434133e-13,1.050272326164313e-15,1.7899439863847344
1.2490008e-19,0.014753846,-0.00075,76254.4,0.9998915,185.70688,-9.175969,1711.2438,82.39811,0.09956275,0.0111831177443131,1.6494974901388846,0.0793939216332266,1713.251000284868,1.6514449512137137,0.5
0.0014593768,0.024636922,0.00544649,98604.586,8.76969e-37,295.55652,0.047066312,0.5931156,0.1742835,1.1572063,0.000136243610209,0.0017169056469899,0.00050450262262,0.6199807182976672,0.0017946727329011,3.7590799089658
0.0033709237,0.010486154,-0.0019461956,86662.484,0.1260703,266.3615,-1.8833637,-61.818962,5.0890813,0.45808113,0.0293289530779003,0.1172742054825344,0.0192630119715203,62.05666660449892,0.1224111530475075,2.594935572283576
0.0004151182,0.04507692,0.00071900955,98370.0,0.0,295.4,-4.011815e-14,-9.051572e-15,-7.2762875e-14,1.15506,4.883501374253917e-16,1.0032729650404064e-16,7.947450697921815e-16,8.358129511654691e-14,9.381743703097993e-16,0.5534930905771464
0.0039870623,0.029129231,-0.0039870623,98370.0,0.0,295.4,1.0948621e-10,5.3952715e-10,-1.09773954e-10,1.15506,3.1703270500226424e-13,1.5622765776144002e-12,3.178658962534108e-13,5.613618233760475e-10,1.6255019437098805e-12,3.759038385790977
-0.0018984762,0.061024614,-0.0018984762,98370.0,0.0,295.4,2.4512022e-13,2.5683692e-13,4.5713986e-13,1.15506,7.779573462872439e-16,1.0865447215489669e-15,1.5670833130333465e-15,5.788142856985774e-13,2.059501681124777e-15,1.7899005265883576
0.00014174538,0.03586769,-0.00029804165,98370.0,0.0,295.4,-1.3194567e-13,-2.864062e-15,-3.8488437e-13,1.15506,1.0443524768113957e-15,1.3712396485059482e-16,1.2844810910351892e-15,4.068830802001794e-13,1.6611341760331684e-15,0.2200207847616693
9.37506e-20,0.004870769,0.0049647847,95315.5,1.6900337e-06,294.6275,0.08776377,1.803515,-15.840549,1.122105,0.0059140090764562,0.0052290335799405,0.0459280224506112,15.94312897319565,0.0466015186636701,3.3098564666666666
9.37506e-20,0.06753846,0.0049647847,98370.0,0.0,295.4,3.854248e-15,-9.399887e-14,-2.8185286e-14,1.15506,5.987923899800462e-16,3.1803716852468683e-16,9.072918566916324e-16,9.820923141855965e-14,1.1326422560014993e-15,3.3098564666666666
0.0027523169,0.030027693,0.0027523169,98370.0,0.0,295.4,7.0598176e-12,4.7862277e-11,6.726025e-12,1.15506,2.0442693277664142e-14,1.385919411632604e-13,1.9476150258599332e-14,4.884545011022648e-11,1.4143885708227718e-13,2.594909258619116
-0.00025366183,0.01744923,-0.00041642482,84174.67,0.99997073,187.07675,-20.299788,1742.0162,-24.250708,0.10908675,0.0194804265690406,1.6727420912483086,0.0232595957668181,1742.3032512435332,1.6730172143909077,0.3250667997750489
-0.0026657272,0.051366154,-0.00153905,98370.0,0.0,295.4,5.402037e-15,-5.948511e-14,4.3128936e-13,1.15506,4.60860838829511e-16,2.552170110536417e-16,1.2488589652623124e-15,4.354057560077394e-13,1.355425081151241e-15,2.0520749831783918
0.0010616601,0.024412308,0.0039621918,102453.375,7.87114e-22,298.10275,0.7612539,10.192298,2.8133676,1.192025,0.0021917854236372,0.0293484334277697,0.0081005164663656,10.600824650648596,0.0305246266976249,2.734640827760201
-4.1633363999999997e-20,0.0017507585,-0.00476546,94616.71,3.0896405e-10,293.12576,0.021918774,1.0075591,14.0095005,1.11961,0.0053841899048034,0.0029288125851196,0.0407234946752725,14.045702546763074,0.0411821619473369,3.176973333333333
-0.0004505431,0.017673846,-0.0016814725,98752.44,0.781755,246.39862,-13.770089,431.00073,-53.354725,0.1226555,0.013073299607408,0.4038522675603726,0.0500261329421673,434.5088851697125,0.4071488415228849,1.1605245659162278
0.00069490174,0.020593846,-0.0025934312,110246.5,0.0032575305,297.6046,26.456337,36.556225,-97.84256,1.232615,0.0746872404269518,0.1033903342461093,0.2762733477033373,107.7472129619221,0.3042937852624082,1.7899439863847344
-0.0004505431,0.020369232,-0.0016814725,102588.86,0.9209729,228.85312,-53.72475,-13.205833,-201.826,0.11811412,0.0490481265947119,0.0368958859238552,0.1843678779221644,209.27130014358488,0.1943155668753256,1.1605245659162278
-0.00054659264,0.030476922,0.002039934,98370.0,0.0,295.4,-1.0360217e-12,2.0691344e-11,2.5453502e-12,1.15506,2.9999465277491858e-15,5.991469524135024e-14,7.370419117082229e-15,2.0873041587891468e-11,6.044082612766542e-14,1.4079290131187046
-0.0024944716,0.061473846,-0.0014401756,98370.0,0.0,295.4,-1.12468926e-13,4.4909443e-14,3.0955428e-13,1.15506,9.229395761632364e-16,3.959111311305657e-16,8.963578945948103e-16,3.3240031536158645e-13,1.3461131305369172e-15,1.9202423830851167
0.0037597984,0.014304616,0.001007429,84043.2,0.12277043,257.337,107.1382,-80.255264,30.278637,0.47460574,0.2029315128294743,0.1566106615548293,0.0578651268892784,137.24539029609505,0.2627859796903417,2.5949521253287604
0.0030142437,0.0062184613,-0.0017402662,95158.23,0.005785025,290.2741,-27.412651,4.5498013,16.574974,1.0565925,0.0771980503920195,0.0127539820730533,0.0466293800609572,32.355585141022544,0.0910851367014275,2.3203631449363105
0.004149602,0.022615384,-0.004149602,133147.0,3.6891932000000002e-22,316.06662,25.691187,73.47231,-25.880276,1.4611475,0.0719189956463084,0.2056652389687132,0.0724351796752385,82.02442387509494,0.2296026735676562,3.912282284567013
-0.0046863924,0.012956923,-0.002705682,87243.65,2.1815087e-05,288.22687,-16.677612,-41.8553,-9.292666,1.0495975,0.0488782934205334,0.1226817588137373,0.0272412444030587,46.00394028232908,0.1348405981519028,3.607583913671109
-0.00044156975,0.033396922,0.0001279371,98370.0,0.0,295.4,9.1753604e-14,6.801671e-14,-1.250131e-13,1.15506,1.3915613538554337e-15,2.075652707635436e-16,4.3434353074747916e-16,1.6933183946860945e-13,1.4724743277467682e-15,0.3064867194305833
0.0009626141,0.06843692,0.0016673111,98370.0,0.0,295.4,1.6237447e-13,-5.281698e-14,-2.0201221e-13,1.15506,6.125965236844319e-16,2.1434748889568886e-16,6.504969679182816e-16,2.645071546729604e-13,9.188937109900231e-16,1.2834938790837072
-0.0005954578,0.036766153,0.0022223014,98370.0,0.0,295.4,-1.74414e-13,1.2033111e-14,7.972579e-16,1.15506,1.2323577934871018e-15,2.4555606735935824e-16,1.6855002518344704e-15,1.748304171947703e-13,2.1023592966758694e-15,1.533796090173774
0.0032781975,0.03452,-1.5699931e-19,98370.0,0.0,295.4,8.602534e-13,-7.1790406e-14,-5.6615326e-14,1.15506,2.490984486075406e-15,1.1088932265046425e-15,3.5019782078838064e-16,8.650983006244384e-13,2.7490519113580158e-15,2.185465
0.0019924412,0.027781539,-0.0011503282,98370.0,0.0,295.4,1.6407381e-06,1.5227626e-05,-9.4401116e-07,1.15506,4.750987710038453e-09,4.4093730735200297e-08,2.733516838258024e-09,1.5344828841628442e-05,4.4433108024021047e-08,1.533779196505254
0.005186804,0.05204,-2.0375435e-19,98370.0,0.0,295.4,-5.748904e-13,-6.491254e-16,-3.1463713e-14,1.15506,1.6646758429561865e-15,1.4101960779031689e-15,2.3603317435304835e-16,5.757511255843895e-13,2.1944271005550735e-15,3.457869333333333
-0.0052270126,0.050018463,0.001400568,98370.0,0.0,295.4,7.122059e-13,1.2157118e-13,-2.21152e-13,1.15506,2.0622921893948595e-15,3.5202645273275077e-16,8.682780438579208e-16,7.555957933349036e-13,2.26514424690976e-15,3.607600091361616
-0.0027523169,0.05293846,0.0027523169,98370.0,0.0,295.4,4.872924e-13,4.839363e-15,-4.854769e-13,1.15506,1.4110234972184476e-15,4.16207452231634e-16,1.4189395056144836e-15,6.878699898713533e-13,2.043919096634992e-15,2.594909258619116
0.0012849732,0.03788923,-0.004795607,98370.0,0.0,295.4,-5.851665e-14,4.740945e-14,3.1511848e-13,1.15506,8.718748786663738e-16,5.901449849731584e-16,1.4308386779963176e-15,3.239930720154915e-13,1.776439199575579e-15,3.309850793761437
-0.0028192918,0.02284,0.0048831706,133146.25,1.3771348e-21,316.1046,-17.161924,74.196846,29.8305,1.460945,0.0480381219445353,0.2076754189770748,0.0834874982499598,81.78974460150546,0.228925540670539,3.7590637937450806
0.00095382205,0.014978462,0.0035597347,85722.516,0.16967139,254.5305,38.792564,-83.74597,136.59766,0.40656188,0.0670340136858839,0.1496224145124802,0.235342125132112,164.85500062300383,0.2868210971617715,2.4568713291004243
0.00083024846,0.018347692,7.63982e-20,96519.11,0.9996784,208.50162,-39.611336,1293.2087,4.184623,0.112292126,0.0360272468048351,1.1768298636255163,0.0042145719808275,1293.8219780035608,1.1773887433851955,0.5534989733333333
0.004491879,0.06349538,-0.0025933797,98370.0,0.0,295.4,-3.279924e-13,-8.3223826e-14,3.797585e-13,1.15506,1.4384323365827086e-15,9.769018131395311e-16,1.2382525999580865e-15,5.086469679395408e-13,2.1346414782686704e-15,3.4578474498201968
0.00074549386,0.023513846,-0.0027822433,159496.12,4.027267e-11,329.72974,11.863856,129.80424,-44.071877,1.6777862,0.0325057517616644,0.3557505747976179,0.1207866767848836,137.5944117450613,0.3771001414149329,1.920259111647012
-0.0048831706,0.040135384,0.0028192918,98370.0,0.0,295.4,2.6892876e-13,2.604973e-13,-4.140751e-13,1.15506,1.1840056216533756e-15,8.953676161151411e-16,1.3167059756015682e-15,5.582469970384414e-13,1.984254798729081e-15,3.7590637937450806
0.0031915514,0.05159077,0.0018426349,98370.0,0.0,295.4,-2.5173627e-13,2.2123787e-14,-9.173399e-13,1.15506,1.7106264219494441e-15,7.330450900840642e-16,2.6562864861183143e-15,9.515109582746508e-13,3.243371048138448e-15,2.4568546932603774
-1.8747665e-19,0.01655077,-0.0026849245,93709.15,0.56378263,250.13763,3.7542586,45.774605,-103.80063,0.15502775,0.0196934324745608,0.0541298347469285,0.1120288712685549,113.50761960740168,0.1259695927200938,1.7899496666666668
0.002176526,0.019246154,-0.002176526,101795.25,0.0039648064,290.41626,58.685337,14.137817,-58.648888,1.15593,0.1669866798182916,0.0403432406559159,0.1669012148584001,84.16376127506186,0.2395164792338256,2.052048392038442
-0.00084845215,0.057655383,0.0031664888,98370.0,0.0,295.4,2.2698115e-14,2.885223e-13,2.7433763e-13,1.15506,5.640754354299746e-16,8.906693987591946e-16,1.383520010502898e-15,3.9877494562203893e-13,1.7394253919623917e-15,2.185459257238885
0.0039621918,0.05540923,0.0010616601,98370.0,0.0,295.4,-2.0764294e-13,-9.3055365e-14,-5.761706e-13,1.15506,1.3759587579849945e-15,6.40731074907454e-16,1.6683829709075754e-15,6.194735279182532e-13,2.255504500470362e-15,2.734640827760201
-0.0016814725,0.060575385,-0.0004505431,98370.0,0.0,295.4,-2.9138523e-14,-5.8978504e-14,-3.0775594e-13,1.15506,5.359115339379849e-16,4.895685372007564e-16,8.911505350584274e-16,3.1470817603294506e-13,1.149359735226345e-15,1.1605245659162278
0.00087018503,0.067987695,0.00050239643,98370.0,0.0,295.4,1.3408232e-13,-6.3589245e-15,1.12797385e-13,1.15506,8.895289507866407e-16,1.3668921529450783e-16,9.066129650912505e-16,1.753332670094792e-13,1.277455582138557e-15,0.6698670379885004
0.001331215,0.05069231,-0.00035669186,98370.0,0.0,295.4,-1.2568122e-13,-1.6965296e-14,-1.1410453e-13,1.15506,8.137921388749934e-16,1.9169496030470118e-16,5.2158439744597455e-16,1.705972863077749e-13,9.854211722710437e-16,0.9187823969714264
0.00248237,0.040135384,0.004299605,98370.0,0.0,295.4,-1.3179876e-13,1.9528739e-13,-1.4560122e-13,1.15506,7.49933241501088e-16,7.181290874543316e-16,1.2606032203699926e-15,2.769617177445975e-13,1.633165555650595e-15,3.3098347708290348
0.0005954578,0.062596925,0.0022223014,98370.0,0.0,295.4,2.7108686e-13,-4.881935e-14,1.723557e-13,1.15506,1.4214282699678746e-15,3.998926576689297e-16,1.4003325970568913e-15,3.249275333387002e-13,2.0350193725617167e-15,1.533796090173774
0.002050962,0.0462,0.0035523847,98370.0,0.0,295.4,-6.621961e-13,-4.097697e-14,-7.509377e-13,1.15506,1.9174819031881228e-15,7.450824267829972e-16,2.1744457264708884e-15,1.00204302113576e-12,2.993342427642099e-15,2.7346242628142687
-0.0021578514,0.067763075,0.0012458276,98370.0,0.0,295.4,-2.4529471e-14,4.4637823e-14,-2.617533e-13,1.15506,1.4846217156333965e-15,3.402180618975614e-16,1.1925962024400282e-15,2.6666274627440777e-13,1.934460046174632e-15,1.6611119533351038
-0.004299605,0.033846155,-0.00248237,98370.0,0.0,295.4,2.8122405e-13,1.12267116e-13,3.7338638e-13,1.15506,1.5235629039349442e-15,3.4045489580704883e-16,1.4658850351798013e-15,4.807372051369275e-13,2.1414883596904643e-15,3.3098347708290348
-0.0009008322,0.028455384,0.0033619737,98370.0,0.0,295.4,-1.165451e-08,2.4265387e-07,4.34314e-08,1.15506,3.374727072920624e-11,7.026383810394943e-10,1.2576171804281677e-10,2.467853616713864e-07,7.146016950137698e-10,2.32037983596063
-0.0018289352,0.048446152,0.0010559278,98370.0,0.0,295.4,-9.9137434e-14,2.0545843e-14,9.807054e-14,1.15506,7.897477447073095e-16,3.024432870309193e-16,4.564592423150679e-16,1.4095457885636992e-13,9.61003892830406e-16,1.407912163392128
0.0004505431,0.05653231,0.0016814725,98370.0,0.0,295.4,5.920415e-14,-2.8605946e-14,-1.3763032e-13,1.15506,6.510765069634947e-16,1.395761810185464e-16,9.838110394314195e-16,1.5253044452528097e-13,1.187967293124957e-15,1.1605245659162278
-1.4847213e-19,0.016775385,-0.0021119022,95669.36,0.40894938,268.67163,6.6208663,344.32538,-104.03205,0.192287,0.0190995124620318,0.41209399094264,0.1243272148406019,359.7589062273641,0.4308636734482743,1.4079348
-0.0010048215,0.027107691,4.0129963e-20,98370.2,0.0,295.4,-3.1376076e-05,0.00057811965,-1.196363e-07,1.1550651,9.085383289890633e-08,1.6740265844676702e-06,1.2324928078240837e-08,0.0005789704674455,1.6765355135842038e-06,0.6698810000000001
0.0024917016,0.02531077,-1.3285194e-19,98770.27,2.4938748e-22,295.6671,0.18186063,1.0421215,0.00048681232,1.1587138,0.0005263008034737,0.0030158939828468,6.926589079499659e-05,1.0578708552996825,0.0030622551845227,1.6611344
0.0005329707,0.010261538,-0.00031432978,73610.086,0.9999345,176.47537,-190.15076,1848.5862,106.578575,0.101095,0.1879522365617479,1.8277913297586788,0.1053445266435651,1861.3938978647288,1.8404468635805051,0.4125050721052952
-1.8923934e-19,0.00868923,-0.0023007027,88322.27,0.39066637,262.6816,4.419684,321.1925,106.596985,0.20224787,0.0116634475319491,0.420666312223508,0.1367229111601816,338.4480357071083,0.4424808884959568,1.5338018
-0.0010996894,0.0026246153,1.0156928e-19,82986.96,0.26364684,230.44887,-158.98953,149.3339,-0.050014824,0.40091813,0.2841868402818188,0.1992308808366097,0.039185065736563,218.1244755645581,0.3492714895966662,0.7331262666666666
-1.6405244e-19,0.025086153,-0.0017407954,100887.016,6.289967700000002e-16,297.08313,-0.0015988252,6.5319676,-0.9551759,1.1778675,0.0003702787599049,0.0188451707572229,0.0027556736501678,6.601436531818858,0.0190491812027487,1.1605302666666666
-0.0031664888,0.03586769,0.00084845215,98370.0,0.0,295.4,-6.2867886e-13,-2.8057882e-15,-2.1312803e-13,1.15506,2.361646340765355e-15,2.531956328405714e-16,6.281436124360807e-16,6.638286967509041e-13,2.456836556465281e-15,2.185459257238885
0.0019461956,0.01744923,0.0033709237,98246.9,0.0004959537,293.96838,35.05695,8.64132,60.742638,1.1516575,0.1014245458216313,0.0249996262946455,0.1757346993986536,70.66349995467209,0.2044372871634019,2.594935572283576
-0.0010616601,0.046649233,0.0039621918,98370.0,0.0,295.4,3.785465e-13,-1.6213886e-13,-5.7228115e-13,1.15506,1.0961345727306206e-15,5.320049570941113e-16,1.9206570119861728e-15,7.05047641815553e-13,2.2745249248139054e-15,2.734640827760201
0.00084845215,0.058553845,0.0031664888,98370.0,0.0,295.4,-2.1303712e-14,1.0180201e-13,8.0230354e-13,1.15506,4.409782872473618e-16,3.287206688816657e-16,2.416443697624197e-15,8.09016976139284e-13,2.4782492351983738e-15,2.185459257238885
-0.00074549386,0.01116,-0.0027822433,79872.9,0.574354,246.76562,8.833992,298.4155,41.9313,0.13022375,0.0104519710241184,0.3224544342805104,0.0453331834886773,301.4765065052268,0.3257931911668368,1.920259111647012
0.0004982899,0.056307692,0.0018596658,98370.0,0.0,295.4,1.2470068e-13,5.0115297e-15,-2.4909106e-13,1.15506,5.714101851294935e-16,2.2495066660593943e-16,1.0895203713371326e-15,2.7860676803394423e-13,1.2506666388909484e-15,1.2835107603984124
-0.0003036618,0.0062184613,2.8622937e-20,105164.734,0.99999887,188.295,522.97546,1832.8726,-5.4782124,0.13290301,0.5064454668079567,1.7621466414808926,0.1313166554572891,1906.0312983799795,1.8381762322838384,0.2024412
3.469447e-20,0.010486154,-0.0006,79785.06,0.9999386,180.524,-7.4478874,1804.725,219.28012,0.10713588,0.0295484851696671,1.7641966782928509,0.2143762400479234,1818.0130823728791,1.777419535442445,0.3999999999999999
0.0004505431,0.032273848,-0.0016814725,98370.0,0.0,295.4,2.89879e-13,-1.2945306e-13,5.317805e-14,1.15506,8.39385360949521e-16,3.7484951185290293e-16,3.1330402621272287e-16,3.2189413537087953e-13,9.712051037519415e-16,1.1605245659162278
1.00559694e-19,0.065292306,0.003480578,98370.0,0.0,295.4,7.891449e-14,6.2714746e-14,3.6043388e-13,1.15506,2.682157583792732e-16,1.972142526767023e-16,1.2487989096060376e-15,3.7426356748908796e-13,1.2924131967505702e-15,2.3203853333333333
-0.0006470514,0.058104616,0.0006470514,98370.0,0.0,295.4,-3.0359932e-13,4.548621e-14,1.4579535e-13,1.15506,9.825083816475618e-16,4.124701192443251e-16,7.051748851985735e-16,3.398497116171339e-13,1.2777816472277102e-15,0.6100459102883323
0.002264169,0.061923075,-0.00392167,98370.0,0.0,295.4,1.1604912e-13,5.4336452e-14,-2.2089374e-14,1.15506,1.1354707614722686e-15,2.688007053469019e-16,1.2055655219299634e-15,1.300299531355548e-13,1.6777770701197672e-15,3.0189002301766195
0.0029004794,0.004196923,-0.0029004794,95303.33,4.4832937e-05,294.4925,-12.173075,3.3120675,12.180375,1.1218338,0.0352919906916061,0.009602581077676,0.0353141185219032,17.536107926812214,0.0508411362708267,2.7345982032425185
-0.0037359586,0.069110766,0.0021569484,98370.0,0.0,295.4,-3.448724e-13,-1.2140446e-13,-6.252106e-14,1.15506,1.5648290534414737e-15,8.043183269059389e-16,1.234667581199034e-15,3.709243833090178e-13,2.1494236375259254e-15,2.875939503395293
0.001400568,0.0037476923,0.0052270126,95062.29,5.634885e-08,293.76114,-3.52156,0.9467601,-13.30075,1.1224525,0.0102260735217643,0.0027491046788338,0.0386212797157078,13.791580405560923,0.0400466403470585,3.607600091361616
-0.0054114084,0.025086153,1.4721278e-19,98420.734,3.2430000000000004e-42,295.43375,-0.037130713,0.1289624,7.3950505e-06,1.1555275,0.000107509807377,0.0003734030473927,1.4174569548576948e-05,0.1342013059412431,0.0003888304423605,3.6076056
-0.00050239643,0.034295384,0.00087018503,98370.0,0.0,295.4,-2.6719702e-13,2.8557336e-14,-1.00905056e-13,1.15506,1.192681790120068e-15,4.884434731938175e-16,1.3363505264774836e-15,2.870393688375524e-13,1.8565827772028635e-15,0.6698670379885004
-0.0010622129,0.06349538,0.0002846142,98370.0,0.0,295.4,1.0712012e-13,-3.6629562e-13,1.7315048e-14,1.15506,1.8379495050629183e-15,1.2257604144161719e-15,4.759396363168305e-16,3.8203011952886805e-13,2.259881747819591e-15,0.7331216324027761
-1.8657987e-19,0.043504614,-0.0028803973,98370.0,0.0,295.4,6.387252e-15,-3.4368198e-13,-1.5591537e-13,1.15506,5.554634732059988e-16,9.951794215023797e-16,1.029242012094007e-15,3.774489408742178e-13,1.5356630068173169e-15,1.9202648666666664
-0.00019411351,0.00824,0.0007244437,76707.36,0.99983823,177.82263,-73.778435,1811.3237,279.11563,0.10454496,0.0727213290603419,1.7843540644482556,0.2748370349052682,1834.187105658263,1.806860042938808,0.4999994352148855
0.0024067922,0.053387694,0.000644892,98370.0,0.0,295.4,-9.375863e-14,1.7665443e-13,-1.2493248e-13,1.15506,1.1001359661622817e-15,5.965798919468703e-16,5.456219434372875e-16,2.358083817362144e-13,1.3652508988019158e-15,1.6611287174214255
0.00054659264,0.022615384,0.002039934,167615.88,3.567654e-05,333.34674,22.554836,163.28949,83.91792,1.7432075,0.0614798344598303,0.4449756058007291,0.2287028247805398,184.9713368837815,0.5040714650379767,1.4079290131187046
-0.0035523847,0.04372923,0.002050962,98370.0,0.0,295.4,8.318251e-14,3.6695985e-14,-5.669089e-13,1.15506,1.2234945175156213e-15,4.374905496592521e-16,1.6415642720901217e-15,5.741529640994902e-13,2.093578294412394e-15,2.7346242628142687
-0.000644892,0.06551693,-0.0024067922,98370.0,0.0,295.4,-6.696848e-14,-6.7482234e-14,4.216745e-13,1.15506,6.672721841714902e-16,3.77044418794463e-16,1.3406598150593e-15,4.32259196743564e-13,1.5442743931140873e-15,1.6611287174214255
0.0001279371,0.059676923,0.00044156975,98370.0,0.0,295.4,-3.8420656e-13,7.3139127e-14,-1.2867534e-13,1.15506,1.1587829272562372e-15,2.4352488262701333e-16,1.2815853944553813e-15,4.1172971203141434e-13,1.7448619900268301e-15,0.3064867194305833
-0.0011165227,0.06416923,0.0041669416,98370.0,0.0,295.4,1.4054862e-13,-8.255795e-14,-1.0071325e-12,1.15506,6.837102969557542e-16,3.816307187049935e-16,3.057375120952915e-15,1.0202380125482277e-12,3.156048859863305e-15,2.8759558980875943
0.00045754042,0.04867077,0.0007924895,98370.0,0.0,295.4,2.7412373e-14,8.8769764e-15,-2.1707888e-13,1.15506,9.863242786936365e-16,2.6821478373646783e-16,1.4762630391300378e-15,2.189828281979016e-13,1.7955855071972424e-15,0.610057499491838
0.002317984,0.029353846,-0.002317984,98370.0,0.0,295.4,3.8635412e-10,3.1079963e-09,-3.8507014e-10,1.15506,1.1187426298763564e-12,8.999639780812672e-12,1.115024645634146e-12,3.15550146879609e-09,9.137197667592627e-12,2.185416273442557
0.0015188704,0.046873845,-0.0056685233,98370.0,0.0,295.4,-5.9859046e-14,-7.889535e-15,6.765652e-13,1.15506,4.677289717709423e-16,2.410412464154541e-16,1.959089568269483e-15,6.792538700674338e-13,2.02852242038626e-15,3.9123237593043534
-0.00037499773,0.0026246153,-0.0006495165,148745.42,1.0,189.48062,-383.78976,1718.5663,-659.95526,0.1818345,0.375849377684844,1.6504059655353631,0.6462818110761008,1880.5067541963824,1.8118451327606904,0.4999977694516481
-0.0006470514,0.05990154,-0.0006470514,98370.0,0.0,295.4,-3.6197583e-13,7.0580084e-14,-1.791422e-13,1.15506,1.300066228566556e-15,2.0437455695003152e-16,8.869598601074669e-16,4.099999726615552e-13,1.5870220387977122e-15,0.6100459102883323
0.00071900955,0.013630769,0.0004151182,71563.65,0.99974525,185.09799,24.473574,1667.7788,12.47405,0.09376409,0.0236361581447076,1.6103759884559643,0.0120423290177135,1668.005001034822,1.6105944585324812,0.5534930905771464
-7.63982e-20,0.030701539,0.00083024846,98370.0,0.0,295.4,-8.620443e-14,1.0735214e-11,1.0188521e-12,1.15506,5.834011962495588e-16,3.108531985137377e-14,2.9502295193544005e-15,1.0783798515885858e-11,3.123045503086479e-14,0.5534989733333333
0.00028127836,0.060126156,0.00028127836,98370.0,0.0,295.4,1.9893169e-13,4.0906636e-14,7.951086e-14,1.15506,9.638409032858545e-16,1.5456592232072422e-16,8.175204210821015e-16,2.181035236144345e-13,1.2732712005209277e-15,0.2651917810093745
0.001159104,0.038787693,0.00031057486,98370.0,0.0,295.4,-4.348946e-13,-2.0951404e-14,-1.4858652e-13,1.15506,1.9186518277438426e-15,2.5737327136915747e-16,7.72182543209882e-16,4.600545928087683e-13,2.084162113886089e-15,0.7999941184450516
0.0033553978,0.04822154,0.0033553978,98370.0,0.0,295.4,-3.090296e-13,-8.277691e-14,-4.7981e-13,1.15506,9.301901754666008e-16,2.662876113498451e-16,1.389357247131973e-15,5.766879109234977e-13,1.6930671618843497e-15,3.1634993839445635
-0.0016814725,0.0037476923,-0.0004505431,94114.15,0.036290508,319.60413,-46.118435,183.31325,-13.456494,0.72174114,0.1005526857020409,0.4132558650981375,0.0292247850872469,189.5039179098516,0.4263160103764568,1.1605245659162278
-0.0045836214,0.022166153,-0.0012281717,141505.5,8.746147e-16,320.4536,-53.341164,91.004745,-14.176145,1.5316375,0.1482954164056273,0.25300034713683,0.0394183426611212,106.4335777677841,0.2958961167646923,3.163541676540452
-0.0015584395,0.049344614,1.5101126e-19,98370.0,0.0,295.4,1.7461603e-13,2.8801958e-13,-4.1243454e-14,1.15506,5.056252657249377e-16,8.45267630429754e-16,5.108548262079922e-16,3.393332563928673e-13,1.1095525809314956e-15,1.0389596666666667
-0.0026058601,0.021267692,-0.0026058601,127329.125,3.55742e-08,313.07938,-51.012127,70.41508,-51.017887,1.4106225,0.1434858343252488,0.1980384121481212,0.1434975297684117,100.8134186823128,0.283547065560196,2.45682846337794
-0.0012458276,0.0032984614,-0.0021578514,95224.14,0.004347585,291.53113,10.435959,14.74265,18.81645,1.07153,0.0295506298187694,0.0417187266343395,0.0533112508972954,26.082824997969084,0.0738632611445708,1.6611119533351038
-0.002317984,0.06349538,-0.002317984,98370.0,0.0,295.4,-4.796717e-14,-1.5980281e-13,-6.993371e-14,1.15506,5.718689331568724e-16,7.623578911028373e-16,4.924980872120131e-16,1.8091022988230686e-13,1.0727432109989028e-15,2.185416273442557
0.00035669186,0.06349538,0.001331215,98370.0,0.0,295.4,1.3798384e-13,-2.9790837e-14,-3.8154088e-13,1.15506,6.007949777297943e-16,5.288866037639688e-16,1.1048051913438801e-15,4.0681749861759954e-13,1.3642837519103997e-15,0.9187823969714264
-0.00040334585,0.06956,-0.0015053301,98370.0,0.0,295.4,-1.7417052e-13,1.9545887e-14,2.3419128e-14,1.15506,8.199419212854649e-16,4.587714077691446e-16,1.0371963482647133e-15,1.768215690801537e-13,1.3994828415244819e-15,1.038953872289757
-0.00392167,0.0608,0.002264169,98370.0,0.0,295.4,-2.4734452e-13,-1.4855863e-13,-6.218238e-14,1.15506,1.950183466879433e-15,2.2813850116088644e-15,1.4251332444461385e-15,2.951535642745513e-13,3.3224897125663216e-15,3.0189002301766195
-0.0015075472,0.052489232,-0.0008703744,98370.0,0.0,295.4,7.300735e-14,1.4437518e-13,-1.31797e-13,1.15506,8.17613477855575e-16,4.180586039740496e-16,9.014577647342326e-16,2.086737045318717e-13,1.2868142434428749e-15,1.160507581746156
-0.0016673111,0.03991077,0.0009626141,98370.0,0.0,295.4,3.8610503e-14,2.534814e-14,-1.7246848e-13,1.15506,1.1172017844774293e-15,3.5338856434091517e-16,5.371178875697615e-16,1.7854600453911874e-13,1.288999196971778e-15,1.2834938790837072
0.0015188704,0.06416923,0.0056685233,98370.0,0.0,295.4,-9.9115276e-14,-9.449001e-15,-5.288084e-13,1.15506,5.548792050430529e-16,3.8620459874133486e-16,1.879453466187619e-15,5.380998471166984e-13,1.997345802769972e-15,3.9123237593043534
-0.00019411351,0.051141538,0.0007244437,98370.0,0.0,295.4,1.4536273e-14,-1.392789e-15,9.769933e-14,1.15506,6.8446562642809635e-16,1.0974314217475981e-16,8.387473393503407e-16,9.878462520239649e-14,1.0881331951021764e-15,0.4999994352148855
0.004149602,0.0046461537,-0.004149602,95183.83,1.5757616e-08,293.8756,-9.398738,-0.4542878,9.439294,1.1234487,0.0272854437453203,0.0014022749220359,0.0274038715980578,13.32827538041996,0.0386966922862775,3.912282284567013
0.00153905,0.028455384,-0.0026657272,98370.0,0.0,295.4,2.8342212e-08,3.4404113e-07,-4.9217327e-08,1.15506,8.206885821203889e-11,9.962194063684548e-10,1.4251568130323934e-10,3.486974697208954e-07,1.009702492088967e-09,2.0520749831783918
0.00071048376,0.04709846,0.00071048376,98370.0,0.0,295.4,4.3253392e-13,-6.5614215e-14,4.5601375e-13,1.15506,1.3423597932335908e-15,2.302667950837147e-16,1.7825135833312097e-15,6.319330323299258e-13,2.2432804742538377e-15,0.6698505128252208
-0.0041095437,0.069110766,-0.002372638,98370.0,0.0,295.4,1.8737561e-13,1.339186e-14,3.9838423e-13,1.15506,1.6246870439386509e-15,3.985803261183404e-16,1.5369518042400289e-15,4.4045312559888214e-13,2.2717163369724213e-15,3.1635254947783733
0.0014401756,0.049793847,-0.0024944716,98370.0,0.0,295.4,-2.9235308e-13,1.0788901e-14,-8.0633925e-14,1.15506,1.0717399801133366e-15,4.1084693642343883e-16,1.569797130657723e-15,3.0346095899008137e-13,1.9446554506038028e-15,1.9202423830851167
-9.37506e-20,0.034744617,-0.0049647847,98370.0,0.0,295.4,1.1073315e-14,1.1089703e-14,-1.01397874e-13,1.15506,5.722068273159065e-16,1.0006803606819934e-15,1.1453803433218065e-15,1.0260179661895453e-13,1.625016297871981e-15,3.3098564666666666
-0.0010622129,0.053163078,0.0002846142,98370.0,0.0,295.4,-1.2887526e-13,1.9546071e-13,-2.0482138e-13,1.15506,1.7350366579056718e-15,5.65983949760907e-16,7.483946612934488e-16,3.110715665226832e-13,1.9725071874941237e-15,0.7331216324027761
-0.0012463098,0.0017464056,-0.002171707,94607.984,4.4088665e-06,293.525,8.769414,9.566732,15.330525,1.11792,0.0254728593556638,0.0277892032103144,0.0445318658018283,20.08606431929473,0.0583454664100787,1.6692778759990854
-0.002264169,0.039686155,-0.00392167,98370.0,0.0,295.4,-1.6953458e-13,-1.9213275e-13,-2.0699175e-13,1.15506,1.5226397133172832e-15,7.022919874355493e-16,1.6681154889427106e-15,3.2939725561455643e-13,2.365217752478129e-15,3.0189002301766195
-0.00045,0.06506769,4.1633363999999997e-20,98370.0,0.0,295.4,2.532602e-14,-6.7505714e-14,-7.09918e-14,1.15506,1.3058519743778001e-15,2.059150403018085e-16,9.240460897651472e-16,1.0118430895613309e-13,1.6129201960478865e-15,0.3
1.3285194e-19,0.029578462,0.0024917016,98370.0,0.0,295.4,1.12525224e-13,1.8498517e-09,2.5023963e-10,1.15506,9.592757507021573e-14,5.3565056221179715e-12,7.24603983859859e-13,1.8667006179560107e-09,5.40614516202311e-12,1.6611344
0.002264169,0.02823077,0.00392167,98370.0,0.0,295.4,2.8962992e-08,2.4275187e-07,4.9992863e-08,1.15506,8.386641031352164e-11,7.02922155885895e-10,1.447613543140265e-10,2.4953278671354133e-07,7.225572515150488e-10,3.0189002301766195
-0.00029804165,0.008913846,-0.00014174538,46370.15,0.9999982,158.3795,-134.07988,2149.9338,-59.103024,0.07094589,0.1398780795928493,2.2435834039947933,0.0616817856539516,2154.921327113637,2.248785674650412,0.2200207847616693
0.00025366183,0.015203077,-0.00041642482,84956.67,0.99996287,185.7425,-66.40504,1798.825,76.78975,0.11087375,0.0639955772983685,1.7335027970014565,0.0739672472562563,1801.6874522700837,1.7362599271976222,0.3250667997750489
-0.00015293711,0.02576,2.2551406e-20,98512.15,9.806687999999999e-21,295.49475,-0.0036002288,0.37624475,-3.8195765e-05,1.1563625,1.042283072582326e-05,0.0010892477569093,4.75977315045177e-06,0.3762619765653863,0.0010893080219904,0.1019580733333333
-0.0026657272,0.015652308,-0.00153905,83742.06,0.467846,247.01762,-111.68597,-66.484375,-64.54529,0.16274762,0.1314786089841027,0.0785001604833448,0.0762465671374728,145.12071690549777,0.1710626751122365,2.0520749831783918
1.5513156999999998e-19,0.014978462,0.0036853154,87342.33,0.17587674,255.13925,-0.8496249,-75.67626,143.1475,0.40324536,0.0404739205787755,0.1337008755325167,0.2442097674956879,161.9222805740714,0.2813404928293765,2.456876933333333
-0.0033619737,0.026433846,-0.0009008322,98371.164,0.0,295.4005,-0.00053994474,0.0030150563,-0.0001448898,1.155075,1.5634839257500589e-06,8.730507914198902e-06,4.195482500999783e-07,0.0030664471083922,8.879317043564242e-06,2.32037983596063
0.00021488206,0.039686155,0.0008019567,98370.0,0.0,295.4,-8.457541e-14,-7.305926e-14,1.942242e-14,1.15506,4.696291162533096e-16,2.1155335460304718e-16,9.297303172845826e-16,1.1343670414408249e-13,1.0628757178309972e-15,0.5534975051172251
-0.0019461956,0.034295384,0.0033709237,98370.0,0.0,295.4,5.9982715e-13,1.2594946e-13,-4.0173076e-13,1.15506,1.7368837001444186e-15,7.745933367520155e-16,1.5442667918992985e-15,7.328325046568224e-13,2.4497999407565792e-15,2.594935572283576
-0.0018289352,0.01947077,-0.0010559278,101460.125,0.6978274,232.03438,-199.9935,-30.270538,-116.767075,0.16198763,0.2142693826208093,0.0319260152287042,0.1250424043869812,233.55567926538436,0.2501324482588445,1.407912163392128
-0.001331215,0.030252308,0.00035669186,98370.0,0.0,295.4,-7.322805e-12,1.01484834e-10,1.9541768e-12,1.15506,2.120421042882238e-14,2.938636030617113e-13,5.658593230223625e-15,1.0176744966855187e-10,2.9468195638970833e-13,0.9187823969714264
0.0018426349,0.04485231,0.0031915514,98370.0,0.0,295.4,-5.2274873e-13,-3.8494964e-14,-9.6628455e-14,1.15506,1.5136924476016868e-15,3.3972511889985847e-16,1.3291207910911357e-15,5.329963933139334e-13,2.0428509636409203e-15,2.4568546932603774
0.0012458276,0.012507692,-0.0021578514,80482.71,0.62772423,248.4865,13.827229,418.66412,-29.958813,0.12024412,0.0141088070022292,0.4310236118258025,0.0308146679559731,419.9623413040291,0.4323539708937841,1.6611119533351038
-0.0038924366,0.06327077,1.5418135999999998e-19,98370.0,0.0,295.4,-4.9272836e-13,1.6466556e-13,-8.657399e-15,1.15506,1.6051610174765241e-15,4.843130583932337e-16,3.3475754540746233e-16,5.195872727038726e-13,1.7097261899975993e-15,2.5949577333333336
-0.00016102531,0.048895385,0.0005830067,98370.0,0.0,295.4,5.0521087e-14,-2.9120855e-15,-3.242377e-13,1.15506,7.146358413255029e-16,4.966654360388579e-16,1.4401664514756305e-15,3.281629878199413e-13,1.6826943718389824e-15,0.4032236559999844
1.6060752e-19,0.01408,0.0024917016,82093.164,0.796702,249.4385,-1.8122647,349.63474,4.1510777,0.098403685,0.0097535136080594,0.3226871735656337,0.0158188337152224,349.664077600605,0.3232218719573133,1.6611344
-0.0009705788,0.00868923,-0.00026006208,78132.77,0.9986114,190.20349,-130.06586,1543.5388,-35.287586,0.09973991,0.1240157531679341,1.4723157583073982,0.0335983237802103,1549.4109747799926,1.4779115151303677,0.6698774323920479
-0.0011165227,0.061024614,-0.0041669416,98370.0,0.0,295.4,1.6425678e-13,-5.409984e-14,9.174609e-13,1.15506,6.930665465837235e-16,1.200911824810274e-15,2.9155540890640223e-15,9.33617472786796e-13,3.228464975064864e-15,2.8759558980875943
0.004149602,0.009812308,0.004149602,90842.7,1.3233342e-06,291.2364,-9.853595,-24.96035,-9.995577,1.0819112,0.0287352965419025,0.0727909435826407,0.0291493796047215,28.636060589917985,0.0835100297350109,3.912282284567013
-0.001007429,0.016326154,-0.0037597984,90214.81,0.00610488,280.5185,-21.093515,-19.812887,-79.86486,1.0336863,0.0603098892730287,0.0565404419499533,0.2281255677248153,84.94635206499213,0.2426424920944192,2.5949521253287604
0.0019924412,0.02284,0.0011503282,167498.25,1.1952143e-06,333.37787,62.87731,156.30951,36.200264,1.7426574,0.1713862209222525,0.426042196647767,0.0986775739036395,172.32724144181583,0.4697046451100669,1.533779196505254
0.00023684214,0.033396922,-0.0008839167,98370.0,0.0,295.4,-2.890713e-13,6.166459e-14,-1.2478777e-13,1.15506,9.045384315948598e-16,2.1127834161400126e-16,1.2553085556483809e-15,3.208375378367235e-13,1.5616106690693668e-15,0.6100648168910395
0.0058684936,0.043504614,-1.4511581e-19,98370.0,0.0,295.4,-2.6999496e-13,-9.090205e-14,-3.208444e-14,1.15506,1.4336852209158712e-15,8.799273621953728e-16,1.97983302262346e-16,2.866877611788088e-13,1.6937894979564021e-15,3.9123290666666666
0.0012849732,0.009363077,-0.004795607,90003.71,0.00045252437,290.707,-6.23003,-32.946827,23.955063,1.0674663,0.018121292523034,0.0958776783570172,0.0697120988121779,41.20863655233934,0.1199195028785387,3.309850793761437
-1.7975756e-20,0.013181538,0.0009151009,75882.02,0.9994634,192.17337,-1.2197862,1487.4525,79.98653,0.095800765,0.0069101322682369,1.4102272650196557,0.0758773154702598,1489.6020517628408,1.4122839855835496,0.6100672666666667
-0.000848475,0.026658462,-0.000848475,98371.55,1.41954e-40,295.40125,-0.00019882378,0.004128396,-0.00019888312,1.1550775,5.757208367998957e-07,1.1954323121313664e-05,5.758926662523584e-07,0.0041379631370676,1.198202604461129e-05,0.7999499015563412
-0.00410197,0.041932307,1.5322009e-19,98370.0,0.0,295.4,7.0428587e-15,2.7163186e-14,-4.0356986e-14,1.15506,2.291439359340263e-15,4.2334542341892415e-16,6.152701402823167e-16,4.915411326982674e-14,2.410077390995253e-15,2.7346466666666664
-1.0156928e-19,0.02823077,-0.0010996894,98370.0,0.0,295.4,-2.5741242e-10,3.0584774e-06,-1.8169895e-07,1.15506,6.908581918412781e-11,8.856251174683918e-09,5.261348244337154e-10,3.063869870115736e-06,8.872134781042526e-09,0.7331262666666666
-0.0004982899,0.024412308,-0.0018596658,139226.75,2.5213215e-11,319.9715,-4.5890036,91.70304,-17.028488,1.50748,0.0127404692881884,0.2545970020648617,0.0472628359487585,93.3834883844492,0.2592599635115644,1.2835107603984124
0.00019411351,0.045975383,0.0007244437,98370.0,0.0,295.4,2.0183521e-13,-7.104675e-14,1.3565338e-13,1.15506,9.012873812905936e-16,6.067589944172451e-16,1.1700519417492233e-15,2.533514006014788e-13,1.596714428872931e-15,0.4999994352148855
0.0004505431,0.058329232,0.0016814725,98370.0,0.0,295.4,1.5565315e-13,-2.369815e-14,-2.0091327e-13,1.15506,6.28622838079773e-16,4.399620941989255e-16,8.427429051599677e-16,2.5525604298515233e-13,1.1397144032979645e-15,1.1605245659162278
0.00040334585,0.06124923,0.0015053301,98370.0,0.0,295.4,6.0980294e-14,5.2487227e-14,-1.8061583e-13,1.15506,6.469518032815579e-16,2.377409044480734e-16,8.079201215394886e-16,1.977260309141537e-13,1.0619803652636096e-15,1.038953872289757
0.00031432978,0.062596925,0.0005329707,98370.0,0.0,295.4,8.843505e-14,4.4711003e-15,-4.5881127e-13,1.15506,5.195977161642012e-16,1.8240500746541567e-16,1.6053221116146068e-15,4.672777870661179e-13,1.6971483304149618e-15,0.4125050721052952
-1.2490008e-19,0.029129231,0.00075,98370.0,0.0,295.4,-3.5434529e-12,4.0873587e-08,1.5829072e-09,1.15506,6.129643053181338e-13,1.1835521294044748e-10,4.583530362983913e-12,4.090422621204855e-08,1.1844551872488324e-10,0.5
-0.0010622129,0.014529231,0.0002846142,77315.016,0.99535596,208.8365,37.399708,1108.165,-23.74955,0.09017746,0.0339795382354315,1.0095877033874738,0.0216053436739346,1109.0502452588375,1.0103903853091418,0.7331216324027761
0.00410197,0.012956923,-1.5322009e-19,84151.914,0.11366009,258.95663,75.346886,-78.1701,-0.1645397,0.48684013,0.1442273273241706,0.1551781287037792,0.0273989981508132,108.57138129921655,0.2136175991690487,2.7346466666666664
-0.0023251872,0.003972308,-0.0013424391,96117.414,0.0077525238,290.5606,17.386013,13.7861,10.789845,1.041733,0.0483710222941947,0.0382121273317042,0.0300433414923882,24.67287491092584,0.0685749578273885,1.7899271558427734
0.00041642482,0.03901231,-0.00025366183,98370.0,0.0,295.4,-1.6556724e-13,9.0289485e-15,-8.308318e-14,1.15506,1.5954023455295513e-15,7.705957657044928e-17,8.868099407902753e-16,1.8546387160615854e-13,1.8269314966760147e-15,0.3250667997750489
-0.0018289352,0.045526154,-0.0010559278,98370.0,0.0,295.4,-1.978225e-14,-2.7256224e-14,1.1962462e-14,1.15506,4.877409473485208e-16,2.2881944469249447e-16,4.25227877781797e-16,3.573988890444569e-14,6.86344168790429e-16,1.407912163392128
-0.0008703744,0.03901231,-0.0015075472,98370.0,0.0,295.4,-3.0487253e-13,-6.598556e-14,8.746287e-14,1.15506,1.0494409915496768e-15,2.1435039918094542e-16,7.286461449414305e-16,3.2396158307081933e-13,1.2954526980603373e-15,1.160507581746156
-0.002973254,0.04709846,0.000796675,98370.0,0.0,295.4,-1.6816973e-13,-6.797102e-14,-1.8784987e-13,1.15506,1.1894581119799002e-15,2.4140369473627543e-16,7.96992103721381e-16,2.611296446348637e-13,1.4519926850302472e-15,2.0520916596531995
0.00015012702,0.06731384,-0.00015012702,98370.0,0.0,295.4,1.4766755e-13,-3.0699805e-14,-1.987708e-13,1.15506,8.25104711838121e-16,9.127006902866063e-17,1.1038349965151246e-15,2.495155591995828e-13,1.3811515885410665e-15,0.1415411118417712
0.0007244437,0.046424616,-0.00019411351,98370.0,0.0,295.4,6.4644545e-14,4.1347785e-14,-1.5460333e-13,1.15506,9.264069898121974e-16,4.564800179347808e-16,6.382173923191918e-16,1.725999599355462e-13,1.214053276180804e-15,0.4999994352148855
-2.1064273e-19,0.006667692,-0.0036853154,94601.54,0.0038467676,290.84613,1.0282376,-1.281683,38.65451,1.0736512,0.0141773773307151,0.0063439584893716,0.1099997285687083,38.68941880171687,0.1110908822652959,2.456876933333333
0.002039934,0.040584616,-0.00054659264,98370.0,0.0,295.4,3.29957e-13,-4.607402e-13,-1.3444396e-13,1.15506,1.321009272230258e-15,1.3587682773671108e-15,4.336279669468684e-16,5.824331138641772e-13,1.944055025614238e-15,1.4079290131187046
0.002705682,0.007566154,-0.0046863924,93399.94,2.9793046e-06,293.29324,-10.649901,-10.519209,18.218262,1.1045375,0.0309489419823752,0.0305686689124005,0.0529410830772742,23.579211598272877,0.0685203532266087,3.607583913671109
0.0017618468,0.027332308,-0.0017618468,98370.05,0.0,295.4,1.0286439e-05,0.00010932445,-1.034142e-05,1.15506,2.978582790599196e-08,3.16564302476642e-07,2.9945034598853503e-08,0.000110293205424,3.19369469805263e-07,1.6610850929224252
-0.00040334585,0.024187692,0.0015053301,162876.75,6.7462422e-09,331.71313,-6.5688963,137.86838,24.200325,1.7027675,0.017942750256359,0.3766182542711311,0.0660958768358896,140.13028342414134,0.3827948754512023,1.038953872289757
0.0038263933,0.0316,0.0038263933,98370.0,0.0,295.4,-5.569904e-13,6.6948244e-14,-5.3024837e-13,1.15506,1.6128438541550545e-15,1.4739917277345942e-15,1.5354086396241264e-15,7.719350406313347e-13,2.6704674875287578e-15,3.607558199889029
-0.00084845215,0.04485231,-0.0031664888,98370.0,0.0,295.4,4.5150536e-14,1.1751574e-14,-6.486637e-13,1.15506,4.553069312318777e-16,2.488607490778906e-16,1.8782968880146e-15,6.503393468722733e-13,1.9486496025670515e-15,2.185459257238885
0.0004526625,0.009812308,-0.0004526625,64048.71,0.9999591,170.03775,-108.010086,1930.9275,102.836914,0.0912929,0.1087515578338025,1.9450125325975087,0.1035362193339844,1936.6782437501129,1.9507999390010828,0.4267742977851408
-0.0029342247,0.041932307,-0.00508224,98370.0,0.0,295.4,2.336649e-13,-1.2202218e-13,1.7566883e-13,1.15506,6.766095455346101e-16,4.539298250246795e-16,5.467179367833864e-16,3.167778965419325e-13,9.81199911106891e-16,3.912307532088964
0.003480578,0.022166153,-1.00559694e-19,145018.62,7.8927564e-10,322.42276,69.00928,105.16661,-0.16681254,1.560015,0.1912746331402594,0.2914617908548253,0.02514376909599,125.7868212947366,0.349525635591433,2.3203853333333333
-0.0004526625,0.015427692,-0.0004526625,91702.734,0.99991536,192.12038,75.132,1671.035,71.253525,0.115733,0.0712024996420109,1.5834856352054336,0.0675305819976622,1674.2400823878056,1.5865235366555923,0.4267742977851408
0.002050962,0.018572308,0.0035523847,102856.625,5.5717123e-06,298.68613,30.688826,18.910112,53.380287,1.1943637,0.0883689625034856,0.0544518734873729,0.1537137036157065,64.41157828615279,0.1854777149403253,2.7346242628142687
-0.0015053301,0.030926153,0.00040334585,98370.0,0.0,295.4,-1.5182937e-13,2.4433526e-12,2.4474688e-13,1.15506,1.1536162792151324e-15,7.07507044473321e-15,7.086989550576231e-16,2.460269318751728e-12,7.203451015069604e-15,1.038953872289757
0.0030781461,0.020144615,-1.8567266e-19,107989.25,0.00050387153,300.60663,83.104866,32.47351,-0.07891238,1.2377713,0.2377504638620919,0.0928972328428791,0.0312460155696731,89.22417739470492,0.2571604410197731,2.0520974
-0.004491879,0.0024,-0.0025933797,94817.016,1.080017e-09,293.25073,11.686288,0.70903915,6.715839,1.1215037,0.0339629042627728,0.0020606488621411,0.0195180011602505,13.497205533335324,0.0392259800258305,3.4578474498201968
-0.0010392044,0.031375386,0.00059997645,98370.0,0.0,295.4,-1.8832168e-16,1.7641218e-13,-2.8301322e-14,1.15506,1.1182715087625485e-15,7.40437913349346e-16,9.39263034898851e-16,1.7866800929196934e-13,1.6373742759560505e-15,0.799977090098061
0.0008019567,0.03564308,-0.00021488206,98370.0,0.0,295.4,2.2473599e-13,5.689294e-14,-1.0855976e-14,1.15506,1.305630408237129e-15,1.7526047144642178e-16,4.207786100743706e-16,2.320795640250048e-13,1.3829105663278425e-15,0.5534975051172251
0.0011165227,0.023513846,0.0041669416,139602.25,8.170414499999999e-18,319.69214,8.81689,88.06506,32.6221,1.514455,0.0245273929362633,0.2450672149337921,0.0907715241233751,94.32599721437194,0.262486194744287,2.8759558980875943
0.00045,0.06596615,-4.1633363999999997e-20,98370.0,0.0,295.4,-9.367775e-14,2.4734399e-14,-1.4127248e-13,1.15506,1.5715371737334962e-15,1.627028490372839e-16,7.819336044198301e-16,1.7130448022250938e-13,1.7628447087682178e-15,0.3
0.000644892,0.06956,-0.0024067922,98370.0,0.0,295.4,-3.395177e-13,5.6447502e-14,4.1391033e-13,1.15506,1.2902519930119796e-15,1.2533178956993074e-15,1.2260725093601212e-15,5.383125025262176e-13,2.1768807388922687e-15,1.6611287174214255
0.0018426349,0.0462,0.0031915514,98370.0,0.0,295.4,-3.2146556e-13,5.2471553e-14,1.5184082e-13,1.15506,9.839304419128377e-16,8.665991736445824e-16,8.549025831382463e-16,3.593730718329044e-13,1.5652385341987692e-15,2.4568546932603774
-0.0050100614,0.06574154,0.0013424361,98370.0,0.0,295.4,3.5829174e-13,-8.920009e-15,-1.3674118e-13,1.15506,1.829115911701645e-15,8.431682499801699e-17,6.715704687018527e-16,3.836022521057196e-13,1.950328495369514e-15,3.4578638180467665
-0.0024917016,0.0037476923,1.6060752e-19,95687.42,0.009269426,291.3395,21.028475,18.514574,0.0008787215,1.0155393,0.0578273196355948,0.0506986005952758,0.0075895673793019,28.01760539373864,0.0772783833394663,1.6611344
0.0029004794,0.023513846,-0.0029004794,142994.0,5.3807e-17,321.45676,25.678724,94.84506,-25.426725,1.5428125,0.0712639186698132,0.2632334870907131,0.070563189635531,101.49630839048976,0.281690572369141,2.7345982032425185
-0.0028803973,0.05743077,1.8657987e-19,98370.0,0.0,295.4,2.67154e-13,-4.3950165e-14,1.8697338e-15,1.15506,8.111789320423614e-16,3.4236247013960383e-16,2.401218279015231e-16,2.7075149606975415e-13,9.126235877864685e-16,1.9202648666666664
-0.0015188704,0.029353846,0.0056685233,98370.0,0.0,295.4,-8.814271e-12,1.14472126e-10,3.2835287e-11,1.15506,2.5522960184443093e-14,3.3147011437972454e-13,9.507918663658893e-14,1.194140489079643e-10,3.4578014684906306e-13,3.9123237593043534
0.00014174538,0.041932307,0.00029804165,98370.0,0.0,295.4,-2.928253e-13,6.5746096e-15,2.5287612e-13,1.15506,1.057190230253174e-15,2.3088986653910117e-16,9.404218683321649e-16,3.8695763835042315e-13,1.433650795643961e-15,0.2200207847616693
0.0017618468,0.052489232,0.0017618468,98370.0,0.0,295.4,-2.1644803e-13,1.4413351e-13,-5.9312364e-13,1.15506,1.550365589668495e-15,4.607467521216952e-16,1.7210365236557513e-15,6.476263357235025e-13,2.3617552258809348e-15,1.6610850929224252
-7.63982e-20,0.03699077,0.00083024846,98370.0,0.0,295.4,-1.797455e-14,-1.4070242e-13,4.3241406e-13,1.15506,5.6388384990291065e-16,4.074236315698272e-16,1.4650755153835248e-15,4.550847994904274e-13,1.6218524216213926e-15,0.5534989733333333
0.0011503282,0.067763075,-0.0019924412,98370.0,0.0,295.4,-3.129981e-13,7.219972e-14,3.4277222e-13,1.15506,1.6004577536844101e-15,4.725892937785567e-16,1.390857097015082e-15,4.697588796131657e-13,2.1723924889945377e-15,1.533779196505254
0.00071900955,0.008015385,-0.0004151182,86413.0,0.9994889,186.6915,251.0545,1638.3925,-142.47513,0.11224087,0.241376342106961,1.5758058507694823,0.1370221103099804,1663.6278155570185,1.6000630226844406,0.5534930905771464
-3.469447e-20,0.029129231,-0.0003036618,98370.0,0.0,295.4,2.0051244e-12,4.32528e-08,-6.4800587e-10,1.15506,4.117663002310586e-13,1.2524456044525475e-10,1.8763920313798456e-12,4.32576539293115e-08,1.2525929234857789e-10,0.2024412
0.001007429,0.066415384,0.0037597984,98370.0,0.0,295.4,-3.8410703e-13,2.6254237e-13,-2.6649632e-13,1.15506,1.2187982046834585e-15,9.15507773624083e-16,1.5393177473507802e-15,5.36178137482479e-13,2.1663616213861498e-15,2.5949521253287604
-0.0023251872,0.03901231,0.0013424391,98370.0,0.0,295.4,-1.5380447e-13,-9.0289375e-14,-3.8057182e-13,1.15506,1.131735782773133e-15,5.475391949090405e-16,1.3073862037971244e-15,4.202890629173973e-13,1.813803665739435e-15,1.7899271558427734
-0.0012849732,0.007566154,0.004795607,93104.6,3.5277124e-05,293.17038,7.2632427,-12.111833,-25.695938,1.1010288,0.0211126919111318,0.0351950512866361,0.0746708461069647,29.32119408958026,0.0852066467661609,3.309850793761437
-0.0015188704,0.05204,0.0056685233,98370.0,0.0,295.4,1.6181605e-13,1.2243104e-13,-4.975087e-13,1.15506,5.092611941645339e-16,8.588113833572775e-16,1.4832311805713637e-15,5.372975899525086e-13,1.7879817367873336e-15,3.9123237593043534
0.0012458276,0.053163078,-0.0021578514,98370.0,0.0,295.4,-2.1403344e-13,4.3221042e-14,2.9172286e-13,1.15506,1.0893882886884324e-15,4.2238204465146153e-16,1.6424155923817533e-15,3.643907229285331e-13,2.0156146490026723e-15,1.6611119533351038
-0.0031915514,0.013181538,-0.0018426349,83677.266,0.4176395,248.26762,-63.38256,-72.4854,-33.726086,0.18100725,0.0803256767240014,0.0903795118116492,0.0429393103620941,102.0241687160106,0.1283138919636259,2.4568546932603774
0.0002846142,0.022166153,0.0010622129,178122.75,0.49364948,250.206,98.37622,325.25287,361.07974,0.45997924,0.1192169921038032,0.4176322400552937,0.4363768886217993,495.8284872243555,0.6156737513189294,0.7331216324027761
-0.002264169,0.023513846,0.00392167,135427.38,8.850460999999998e-19,317.48138,-15.318707,80.10767,26.428263,1.479305,0.0427613182230035,0.2236673595514682,0.0737801919332792,85.73420940428575,0.2393723768244912,3.0189002301766195
-0.00059997645,0.033846155,-0.0010392044,98370.0,0.0,295.4,-1.9318335e-13,1.0611025e-13,-6.171499e-14,1.15506,8.655928670582054e-16,3.986959655403706e-16,1.360251700272707e-15,2.288841013766249e-13,1.6608715099413928e-15,0.799977090098061
0.0018289352,0.030027693,0.0010559278,98370.0,0.0,295.4,2.2897418e-11,2.2776421e-10,1.3129101e-11,1.15506,6.630269199154182e-14,6.595232458652302e-13,3.8017156254733024e-14,2.2928846547757048e-10,6.639369420145494e-13,1.407912163392128
-0.00016102531,0.06439385,-0.0005830067,98370.0,0.0,295.4,4.50981e-14,2.4540974e-14,3.6723172e-13,1.15506,6.990355362795499e-16,2.0282122741364664e-16,1.369307773406472e-15,3.7080349809924543e-13,1.5507388270055685e-15,0.4032236559999844
0.0008019567,0.04283077,-0.00021488206,98370.0,0.0,295.4,1.6585267e-13,-2.0967482e-14,9.014204e-14,1.15506,1.382014391862624e-15,2.8991690582885803e-16,5.76729525574979e-16,1.899271724185637e-13,1.5253303043179657e-15,0.5534975051172251
-0.001007429,0.028904615,-0.0037597984,98370.0,0.0,295.4,-9.0409463e-10,1.6901485e-08,-3.36398e-09,1.15506,2.6179329657202226e-12,4.8940623992930546e-11,9.7408764789058e-12,1.72567072104043e-08,4.996921976985147e-11,2.5949521253287604
-0.0031915514,0.04283077,0.0018426349,98370.0,0.0,295.4,9.5716404e-14,2.1950726e-13,-7.57202e-13,1.15506,1.4388043478387501e-15,6.3916834124836e-16,2.192584759267348e-15,7.941661891514892e-13,2.6992817649117928e-15,2.4568546932603774
0.0009705788,0.028904615,-0.00026006208,98370.0,0.0,295.4,6.1917773e-09,1.175355e-07,-1.6824043e-09,1.15506,1.7929161412389234e-11,3.403405471506149e-10,4.871638176105122e-12,1.1771050229529843e-07,3.4084729091229444e-10,0.6698774323920479
1.0156928e-19,0.055184614,0.0010996894,98370.0,0.0,295.4,-1.3771331e-13,-1.4518519e-14,-3.5963599e-13,1.15506,9.246567257103634e-16,3.7323421278553036e-16,1.964293169958472e-15,3.85374867432205e-13,2.2028938911215278e-15,0.7331262666666666
-0.0045836214,0.04754769,-0.0012281717,98370.0,0.0,295.4,2.0469093e-13,4.1473854e-14,8.097725e-15,1.15506,1.5769850088299616e-15,4.0162207195678913e-16,7.089248195600845e-16,2.0900724997007606e-13,1.7750370155423792e-15,3.163541676540452
0.0007244437,0.037215386,-0.00019411351,98370.0,0.0,295.4,1.01847296e-13,-1.3224864e-13,1.5080861e-14,1.15506,7.603120861152353e-16,4.390834425193812e-16,6.34452868859415e-16,1.676007364329362e-13,1.0832355148311532e-15,0.4999994352148855
0.0010559278,0.05204,0.0018289352,98370.0,0.0,295.4,-2.8026187e-13,2.1430352e-13,-2.6242447e-13,1.15506,9.398713027594402e-16,1.593450041867819e-15,1.0648371127602423e-15,4.397036694355282e-13,2.134553625091403e-15,1.407912163392128
0.00014174538,0.049344614,0.00029804165,98370.0,0.0,295.4,-5.822739e-14,2.8464842e-13,1.7388899e-13,1.15506,6.93362864334385e-16,8.947256248163556e-16,1.1167276205992976e-15,3.386037991486933e-13,1.5900838292210788e-15,0.2200207847616693
0.0006470514,0.049344614,-0.0006470514,98370.0,0.0,295.4,2.5516563e-13,7.946673e-14,-2.0602656e-13,1.15506,9.049670852645358e-16,4.110107549012417e-16,7.467298288184344e-16,3.374483713631219e-13,1.2431816855568162e-15,0.6100459102883323
-0.001007429,0.06349538,-0.0037597984,98370.0,0.0,295.4,1.8689335e-13,1.3516591e-13,2.9211464e-13,1.15506,7.983269973791405e-16,6.51667249648858e-16,1.5738337369314016e-15,3.721960644642554e-13,1.881209406342835e-15,2.5949521253287604
-0.0009151009,0.015203077,-1.7975756e-20,83809.17,0.99932253,202.53163,88.12277,1305.0663,-6.060985,0.10041728,0.0813284599924329,1.2055654233921915,0.0088756864574826,1308.0521417463958,1.2083381506406334,0.6100672666666667
0.0024944716,0.039686155,0.0014401756,98370.0,0.0,295.4,2.7355863e-13,-2.2484839e-13,-3.2951303e-13,1.15506,1.2658085941368097e-15,6.91260242513399e-16,1.0469587310744905e-15,4.837044133278606e-13,1.782199400864953e-15,1.9202423830851167
0.0004982899,0.009587692,-0.0018596658,77673.86,0.1483615,297.04538,-8.814641,502.83325,10.822962,0.30694836,0.0408329883406496,0.843718572717826,0.09214369786408,503.0269492859949,0.8497169081181685,1.2835107603984124
0.0007924895,0.03362154,-0.00045754042,98370.0,0.0,295.4,3.3394274e-15,9.379194e-14,-5.5471703e-14,1.15506,1.4758006307502039e-15,2.7158772816168643e-16,1.178295779024865e-15,1.0901921673743433e-13,1.907912036410101e-15,0.610057499491838
0.0029004794,0.053163078,-0.0029004794,98370.0,0.0,295.4,-8.4791996e-14,1.4337141e-13,1.1150431e-13,1.15506,1.0453030463380873e-15,4.516462482753277e-16,8.806795374918163e-16,2.0044514197063552e-13,1.4395274363559953e-15,2.7345982032425185
0.0019924412,0.0030738462,-0.0011503282,95170.0,0.0030387086,293.13364,-19.3142,17.457663,11.51629,1.0826688,0.0550740490762947,0.0497143354002455,0.0328254052077393,28.468109428370354,0.0811305938163803,1.533779196505254
0.0011019303,0.06731384,0.0011019303,98370.0,0.0,295.4,4.3252736e-13,7.206095e-15,1.5642054e-13,1.15506,1.5515844014979428e-15,1.9090435291706816e-16,1.2307124713437036e-15,4.599991633553372e-13,1.9896009182887257e-15,1.0389098500332354
0.0009626141,0.04283077,-0.0016673111,98370.0,0.0,295.4,-1.516483e-13,7.3630074e-14,1.1981278e-13,1.15506,1.0696016229958775e-15,3.0126619575404207e-16,9.283590733438464e-16,2.0681802856971605e-13,1.4479846413824192e-15,1.2834938790837072
0.0006890677,0.059676923,0.0011935149,98370.0,0.0,295.4,3.7088415e-14,1.3196611e-13,-8.406945e-14,1.15506,1.0857903547625031e-15,5.932867845332107e-16,7.675574200787002e-16,1.6080509052591225e-13,1.4560474910918629e-15,0.9187653821431114
-0.0008839167,0.038787693,0.00023684214,98370.0,0.0,295.4,-1.7245173e-13,-2.70208e-15,-6.895823e-14,1.15506,9.358898939508145e-16,1.240165034819596e-16,5.933638233173757e-16,1.8574751115708711e-13,1.1150563275265387e-15,0.6100648168910395
0.0024067922,0.03362154,0.000644892,98370.0,0.0,295.4,-1.8438288e-13,1.46354e-13,-1.7371959e-13,1.15506,1.1662477677031328e-15,5.007235669263901e-16,6.876345737299338e-16,2.925662928343977e-13,1.443502425746758e-15,1.6611287174214255
-0.001007429,0.03564308,-0.0037597984,98370.0,0.0,295.4,4.593733e-13,-7.07916e-14,2.9480278e-13,1.15506,1.3988019632999837e-15,2.8737595562295807e-16,1.4119983491167893e-15,5.504034506425068e-13,2.008225886276401e-15,2.5949521253287604
-0.0003036618,0.03699077,2.8622937e-20,98370.0,0.0,295.4,-3.6708616e-13,-6.84289e-14,-4.9446822e-14,1.15506,1.0629495763970105e-15,2.041892319470589e-16,6.080875329685587e-16,3.766692865427911e-13,1.2415013057413602e-15,0.2024412
-0.0005969555,0.0013238153,-0.0022585439,94619.3,1.6069166e-06,293.52637,3.81769,8.69842,15.019762,1.1180912,0.0110899769470342,0.0252674222426891,0.0436298700754879,17.771621140716004,0.0516235971071373,1.5574018845082929
0.0004526625,0.05540923,0.0004526625,98370.0,0.0,295.4,-3.5555825e-13,8.380176e-14,-5.806732e-13,1.15506,1.1527276576049845e-15,2.774802885700122e-16,1.6814208575459413e-15,6.860216974122613e-13,2.057414023317354e-15,0.4267742977851408
0.002372638,0.056981537,-0.0041095437,98370.0,0.0,295.4,-1.673715e-13,1.3401843e-13,1.4821364e-13,1.15506,1.1445721213119396e-15,5.530785851116437e-16,1.6007900090795312e-15,2.606557915603728e-13,2.0441306013468067e-15,3.1635254947783733
0.0007775554,0.014304616,0.0007775554,76647.21,0.9960615,208.97525,-18.804035,1114.6375,-20.520464,0.08928486,0.0208509327979492,1.014756031624131,0.0218324567256789,1114.9849494864525,1.0152050144097882,0.7330862614509579
0.00026006208,0.063944615,0.0009705788,98370.0,0.0,295.4,-1.4006615e-13,-2.400498e-13,-1.04871264e-13,1.15506,7.233364264493279e-16,8.322322565854847e-16,1.3133618666843012e-15,2.9705288227657413e-13,1.7148602005966328e-15,0.6698774323920479
0.0020366963,0.046873845,0.0020366963,98370.0,0.0,295.4,-1.5598587e-13,5.968436e-14,-3.35168e-13,1.15506,9.201125687538272e-16,3.9654713415527885e-16,1.6661232810315348e-15,3.7447483585985653e-13,1.9441768325902908e-15,1.9202156865967344
0.0006470514,0.0044215387,-0.0006470514,58448.5,1.000025,151.02713,149.2633,2115.72,-157.89938,0.09345043,0.1605458589925275,2.263239386463692,0.1698553710325328,2126.84810584378,2.2752754427428776,0.6100459102883323
-1.6148376e-19,0.0073415386,-0.0023007027,93336.55,0.247354,267.89688,1.278835,194.92488,55.105762,0.287328,0.0097041219437457,0.2912770805081436,0.0817213424500956,202.5684804395103,0.3026795094219172,1.5338018
-1.5418135999999998e-19,0.03744,-0.0038924366,98370.0,0.0,295.4,-1.4157773e-14,1.2183756e-15,-5.0826137e-14,1.15506,7.92384201017093e-16,1.7429015636241076e-15,3.0397170460215537e-15,5.277521366858664e-14,3.592416777376876e-15,2.5949577333333336
0.0012849732,0.01655077,0.004795607,94960.44,9.539916e-07,293.5656,13.995395,-6.8410764,52.64164,1.1219699,0.0406510497294806,0.0198758539233595,0.1529072454918507,54.89821189625635,0.1594621683572518,3.309850793761437
-0.0007244437,0.051815383,-0.00019411351,98370.0,0.0,295.4,-3.3245558e-13,-4.3676746e-15,-2.8773755e-13,1.15506,9.86697767703161e-16,4.269532776082238e-16,8.331844792339148e-16,4.3970295306553314e-13,1.3601683581406737e-15,0.4999994352148855
0.0037359586,0.03923692,-0.0021569484,98370.0,0.0,295.4,4.3244927e-13,6.690905e-15,1.6251479e-13,1.15506,1.7680006215614869e-15,1.6594446486664287e-16,1.3220004204996845e-15,4.620261857319301e-13,2.213831266168003e-15,2.875939503395293
1.4617036e-19,0.030476922,0.0056386283,98370.0,0.0,295.4,-1.3049374e-14,3.8870057e-13,-1.3526502e-13,1.15506,7.302048817678935e-16,1.1255371382291379e-15,1.3711580765136925e-15,4.117706217249079e-13,1.9183606255549117e-15,3.759085533333333
-0.000530325,0.045975383,0.000530325,98370.0,0.0,295.4,-8.986628e-14,-7.8137624e-14,5.73192e-14,1.15506,7.226576619008712e-16,4.2907564003705133e-16,8.849107059540871e-16,1.321625032073915e-13,1.2204126182113162e-15,0.4999952049770078
-0.0005329707,0.046649233,0.00031432978,98370.0,0.0,295.4,1.8659975e-13,1.3469137e-13,-1.932264e-13,1.15506,8.463034059346006e-16,3.9001780241306395e-16,7.6878668548110045e-16,3.0049571296359523e-13,1.2080464845644965e-15,0.4125050721052952
-0.0012308755,0.020593846,-0.0012308755,105781.625,0.83669823,229.30374,-184.85312,-22.646978,-182.32162,0.13666512,0.1798224157969419,0.0208966129886427,0.1772219585139915,260.6237416385761,0.2533384933976285,1.160480550461843
-0.0031915514,0.03496923,0.0018426349,98370.0,0.0,295.4,2.9638575e-13,1.06816614e-13,-9.122474e-13,1.15506,1.7679224392046058e-15,4.561263185584128e-16,2.6415403556969644e-15,9.651163767319708e-13,3.2111269704420685e-15,2.4568546932603774
1.5183822e-19,0.0062184613,0.0013781823,100973.234,0.70495373,259.225,0.15669495,783.63776,24.773964,0.13707726,0.0143830208482078,0.7560894768030207,0.1059259022154962,784.0292805395716,0.7636088429170739,0.9187882
0.0024944716,0.04036,-0.0014401756,98370.0,0.0,295.4,6.0135523e-13,-8.534079e-14,4.1587662e-13,1.15506,1.8259350969969414e-15,1.071554813922875e-15,1.56114874089063e-15,7.361144789696787e-13,2.630485523410254e-15,1.9202423830851167
-0.00071048376,0.010486154,0.00071048376,80048.625,0.997586,201.676,86.975235,1281.1775,-93.14005,0.09648379,0.0807191916600434,1.187162428263734,0.0864185833982532,1287.499726960576,1.1930374640135395,0.6698505128252208
0.0003036618,0.017,-1.7564074999999998e-20,93923.75,0.99998903,190.02263,80.24475,1793.3363,-0.7773373,0.11981175,0.0764217565128551,1.7084764152848777,0.018135315948258,1795.1308891146434,1.7102809231637122,0.2024412
-0.0004982899,0.067763075,0.0018596658,98370.0,0.0,295.4,-1.7942222e-13,-6.0063115e-15,-1.5950965e-13,1.15506,5.713094986105477e-16,1.6225587735617703e-16,1.1988498779718682e-15,2.401494061010477e-13,1.3378948175594453e-15,1.2835107603984124
0.00025366183,0.047996923,0.00041642482,98370.0,0.0,295.4,-3.391385e-14,-1.4857854e-14,-1.9815456e-13,1.15506,7.617493166543886e-16,1.2223599646144302e-16,1.4612695609817341e-15,2.015840635965587e-13,1.6524262132107745e-15,0.3250667997750489
-0.0013496222,0.06619077,-0.0007791963,98370.0,0.0,295.4,-2.3686882e-13,-5.0214353e-14,-4.0529543e-13,1.15506,1.2091704751849364e-15,3.689377519930502e-16,1.1735898301362773e-15,4.721151392555485e-13,1.7249699685223352e-15,1.0389368404857235
0.00508224,0.017224615,0.0029342247,100553.914,2.193367e-11,297.135,40.168488,3.7993662,23.189325,1.1738075,0.1159744387968682,0.0109674401748115,0.0669507099839999,46.536946673406405,0.1343605327676184,3.912307532088964
-0.0039870623,0.03204923,0.0039870623,98370.0,0.0,295.4,3.9467922e-13,-4.3661804e-14,-4.1419396e-13,1.15506,1.473120967319966e-15,3.743159830609442e-16,1.4377186589106098e-15,5.737897492364467e-13,2.092183735170579e-15,3.759038385790977
-0.0008839167,0.012058461,-0.00023684214,91219.1,0.9985256,204.47388,-104.199585,1270.3438,-33.24395,0.108349375,0.0958842442738277,1.1682692735429931,0.030592706145342,1275.0435615790605,1.172596604751153,0.6100648168910395
0.00095382205,0.03788923,-0.0035597347,98370.0,0.0,295.4,-2.5701744e-13,1.9610188e-14,-1.2888063e-13,1.15506,7.963573374720931e-16,5.51211043182258e-16,1.5293104452198373e-15,2.881887241492037e-13,1.8101958625878614e-15,2.4568713291004243
-0.0011019303,0.061698463,0.0011019303,98370.0,0.0,295.4,-4.870033e-13,-1.1078791e-13,2.588278e-13,1.15506,1.46518818059673e-15,3.511281478516475e-16,1.0675105711587917e-15,5.625282261948269e-13,1.846522732140023e-15,1.0389098500332354
0.004795607,0.03923692,0.0012849732,98370.0,0.0,295.4,-2.6377538e-13,-3.0549263e-14,-1.3847743e-13,1.15506,1.7096646828138538e-15,3.297586929018741e-16,6.031487373455963e-16,2.9947739010381483e-13,1.842683511232175e-15,3.309850793761437
0.0007244437,0.036092307,0.00019411351,98370.0,0.0,295.4,1.4837974e-13,-1.224489e-13,3.749628e-14,1.15506,9.995850375369552e-16,3.5456799373345604e-16,6.488499603081258e-16,1.9600064124261429e-13,1.2433402512746785e-15,0.4999994352148855
1.5224762e-19,0.061024614,0.004313942,98370.0,0.0,295.4,-2.7245364e-14,-3.568453e-13,-1.5499489e-12,1.15506,3.308294231017607e-16,1.0836925659637922e-15,4.488094742030655e-15,1.5907301690113234e-12,4.628912625893714e-15,2.8759613333333336
0.0054114084,0.023513846,-2.5823509e-19,117266.5,7.723574e-24,307.263,16.060213,43.251377,-0.08509627,1.32322,0.045520871637374,0.122611080698357,0.0061062612527071,46.13696235532489,0.1309309485611847,3.6076056
-0.0010616601,0.05069231,-0.0039621918,98370.0,0.0,295.4,3.385047e-13,2.8093538e-14,7.7559937e-13,1.15506,1.0284187169986145e-15,2.0734034625945942e-16,2.2458568593071608e-15,8.46716635920096e-13,2.4788118341570613e-15,2.734640827760201
0.0024067922,0.06619077,0.000644892,98370.0,0.0,295.4,-1.9944742e-13,-1.7000407e-13,-1.5683563e-13,1.15506,8.404101664341659e-16,6.464693161562161e-16,5.109875312300469e-16,3.054145903500981e-13,1.1769962114000057e-15,1.6611287174214255
0.0012458276,0.033396922,0.0021578514,98370.0,0.0,295.4,-4.967323e-13,1.7729899e-15,-4.0791939e-13,1.15506,1.5032367052337901e-15,7.232036242389214e-16,1.5403869789492096e-15,6.427630590617724e-13,2.2705805687072027e-15,1.6611119533351038
-0.002264169,0.048895385,0.00392167,98370.0,0.0,295.4,-7.56175e-14,-4.9459324e-13,-1.0116684e-13,1.15506,1.0691175060494745e-15,1.4321642164704549e-15,1.1925545757799894e-15,5.104656784501119e-13,2.1485560269384808e-15,3.0189002301766195
0.0014401756,0.03249846,-0.0024944716,98370.0,0.0,295.4,-1.4644775e-13,-5.4213466e-14,-1.3298287e-13,1.15506,7.118671579641375e-16,4.1964834357804334e-16,1.3058473645227445e-15,2.051109141153453e-13,1.5453468614802089e-15,1.9202423830851167
0.0005329707,0.045526154,0.00031432978,98370.0,0.0,295.4,-3.6265722e-13,-4.3919085e-14,-1.808224e-13,1.15506,1.5900786288489589e-15,1.312586130417441e-16,1.0746187432324876e-15,4.0760996747764354e-13,1.923638300909607e-15,0.4125050721052952
-0.00016102531,0.04283077,-0.0005830067,98370.0,0.0,295.4,4.0572485e-14,-7.16349e-14,3.5100617e-13,1.15506,5.035496499734029e-16,2.582387034400809e-16,1.2860047971328236e-15,3.605315753372431e-13,1.4050116783113888e-15,0.4032236559999844
0.002039934,0.04867077,-0.00054659264,98370.0,0.0,295.4,9.03886e-14,1.6608943e-13,-1.2548045e-13,1.15506,1.1095367409319138e-15,4.826924465414903e-16,4.4498529959137135e-16,2.2693862848772e-13,1.2892151466215578e-15,1.4079290131187046
-0.0018596658,0.023513846,-0.0004982899,173125.38,4.0114276e-07,336.1374,-46.747864,161.73537,-12.634326,1.7864362,0.1268920399910623,0.4390173802202153,0.0342934684143525,168.8292595821994,0.4582727265770903,1.2835107603984124
-0.002838977,0.014978462,0.0016390758,80722.516,0.46308386,245.96275,-97.49264,-86.15689,57.615723,0.15915412,0.1159773044667663,0.1028286751277545,0.0684978571117482,142.29334519033006,0.1694592222595387,2.185442735178454
-0.0004982899,0.024861539,-0.0018596658,105240.625,1.528461e-14,299.96475,-0.7690042,17.447102,-2.868655,1.2166737,0.0022051413891354,0.0500305679379196,0.0082254253356107,17.69807665163214,0.0507501526962094,1.2835107603984124
0.000375,0.01610154,0.000375,104769.5,0.999933,198.0545,-12.009426,1616.3134,-13.9915,0.12826784,0.019573049564358,1.5082382255993865,0.0206958679100065,1616.4185706074586,1.5085071986493743,0.3535533905932737
-0.0004505431,0.021941539,-0.0016814725,144251.75,0.02585603,297.645,-45.791286,128.65738,-169.52612,1.2953961,0.1140754652928134,0.327025748666258,0.4218052239926564,217.68938574090512,0.5457826481851484,1.1605245659162278
-1.5699931e-19,0.023064615,-0.0032781975,156373.12,9.828647e-12,328.07477,0.0016275048,124.00738,-53.757286,1.6532463,0.019396285676258,0.3407241312865097,0.1477051381265585,135.15796719098347,0.3718681989199499,2.185465
-0.0020366963,0.063944615,0.0020366963,98370.0,0.0,295.4,1.8640634e-13,1.8618465e-13,-2.3924214e-13,1.15506,8.431103482569023e-16,7.84372831839819e-16,1.3518257571666176e-15,3.5587757591564785e-13,1.7758121174283588e-15,1.9202156865967344
1.7975756e-20,0.010710769,-0.0009151009,82115.39,0.99894214,196.52562,-7.9473495,1402.2638,150.426,0.10144534,0.0183021849727849,1.3151793183156526,0.141071846455336,1410.331488207831,1.322850284485104,0.6100672666666667
-0.0033553978,0.06349538,0.0033553978,98370.0,0.0,295.4,4.2487547e-13,7.595634e-14,-5.3404286e-13,1.15506,1.2486617808277578e-15,3.963659431830041e-16,1.5463961500499049e-15,6.866515178100869e-13,2.026722293927924e-15,3.1634993839445635
-0.00014174538,0.02373846,-0.00029804165,192240.75,0.00014910474,344.15662,-5.3036823,205.77713,-11.098887,1.9335662,0.0142121468982565,0.5514351205718226,0.029738692826844,206.1444677152773,0.552419285661324,0.2200207847616693
0.0038924366,0.04507692,-1.5418135999999998e-19,98370.0,0.0,295.4,3.3402073e-13,1.9478651e-14,-2.3334011e-14,1.15506,1.1820112988991446e-15,3.491182485946255e-16,3.872242652002786e-16,3.354008675955696e-13,1.2918888860064232e-15,2.5949577333333336
0.0012,0.021492308,-1.6653346e-19,118904.25,0.99628824,228.43613,271.76712,97.38441,1.0849876,0.12664875,0.2365433969658678,0.0890988581747869,0.0318304513397809,288.6906095151601,0.2547637391951552,0.7999999999999999
-0.0013496222,0.02531077,-0.0007791963,99251.805,8.228268e-18,295.98926,-0.24852338,2.3113613,-0.14479506,1.1630925,0.0007187065418964,0.0066843146125223,0.0004187343528974,2.3291888156490703,0.0067358696091032,1.0389368404857235
0.0026657272,0.021716923,0.00153905,135881.88,1.6362832e-06,317.82388,72.44179,92.085014,41.798023,1.4828274,0.2022324448132979,0.2570338763346277,0.1166912179877847,124.3966939612658,0.3472480607206338,2.0520749831783918
0.0039621918,0.053163078,0.0010616601,98370.0,0.0,295.4,5.769188e-14,8.5509474e-14,-4.639601e-13,1.15506,1.3879083214923304e-15,2.742010039765868e-16,1.3434615792507078e-15,4.752885413658751e-13,1.950990700739558e-15,2.734640827760201
-0.0010616601,0.047323078,0.0039621918,98370.0,0.0,295.4,3.6124364e-13,-1.1207275e-13,-6.9356196e-13,1.15506,1.046031665876108e-15,5.985375786782399e-16,2.174112593008137e-15,7.89990798105936e-13,2.485798673702704e-15,2.734640827760201
0.00025366183,0.012956923,-0.00041642482,72953.086,0.99996686,177.99162,72.52671,1911.1475,-107.42143,0.0993632,0.0713660394897763,1.8812830921236297,0.105694420465851,1915.537588783608,1.885600831252552,0.3250667997750489
-0.0007791963,0.046873845,-0.0013496222,98370.0,0.0,295.4,-3.7010767e-13,-2.764405e-14,4.6534943e-14,1.15506,1.0716987379144737e-15,1.7800580678180082e-16,8.144047359094532e-16,3.7404462543023483e-13,1.357747887483999e-15,1.0389368404857235
-0.0016814725,0.0032984614,0.0004505431,92949.02,0.010207239,309.62888,-18.525194,104.37056,5.6448674,0.923226,0.055256815830532,0.2742256129988367,0.0154996276940395,106.15206609112616,0.2801664522725212,1.1605245659162278
0.0031915514,0.027107691,-0.0018426349,98370.05,0.0,295.4,2.0945203e-05,0.00012422923,-1.2096135e-05,1.15506,6.06497770127039e-08,3.597232051947152e-07,3.502605872798707e-08,0.0001265619200116,3.664778364338918e-07,2.4568546932603774
-0.0039621918,0.03991077,-0.0010616601,98370.0,0.0,295.4,3.470182e-14,5.721802e-14,4.868566e-13,1.15506,1.5140415432547562e-15,4.10260867363406e-16,1.4097617287508265e-15,4.914340923130923e-13,2.109043362721956e-15,2.734640827760201
0.002039934,0.010935385,0.00054659264,79495.5,0.3596409,263.77988,-129.49484,496.50912,-18.322088,0.19669025,0.1652589573833917,0.6633934429127433,0.0381962893912637,513.4451467668964,0.684733772803949,1.4079290131187046
-0.000375,0.034744617,-0.000375,98370.0,0.0,295.4,6.28348e-14,1.8114836e-13,3.45219e-13,1.15506,1.5498311081036645e-15,5.253019524504659e-16,1.911756771431842e-15,3.948912488049458e-13,2.5164921136394615e-15,0.3535533905932737
-0.00087018503,0.025086153,-0.00050239643,102515.75,2.2235524e-13,298.17538,-0.84668535,10.778255,-0.496111,1.1924387,0.0024368413261375,0.0310226804576898,0.0014278584815003,10.822836183332472,0.0311509819792553,0.6698670379885004
-0.0039870623,0.03586769,0.0039870623,98370.0,0.0,295.4,3.4827675e-13,1.7443082e-14,-3.6462492e-13,1.15506,1.706120099161124e-15,1.264930644696757e-16,1.7626970219498853e-15,5.045317512161426e-13,2.456409387563785e-15,3.759038385790977
-0.0032019995,0.0077907695,0.0032019995,93375.45,0.0007641391,292.891,21.696363,-16.755512,-20.991737,1.0947125,0.0627691947873593,0.0484780223099094,0.0607306327866581,34.52726997732491,0.0998914421760014,3.018874079741246
0.0018426349,0.054735385,-0.0031915514,98370.0,0.0,295.4,-4.3558863e-13,4.8416146e-14,2.0197162e-14,1.15506,1.261308056048223e-15,6.298448727608001e-16,9.34817613949298e-16,4.387362569148172e-13,1.6915929023689696e-15,2.4568546932603774
0.0010616601,0.004196923,0.0039621918,95206.71,4.31027e-05,294.4225,-4.501898,3.6779513,-16.9557,1.1209887,0.0130552136970426,0.0106650033821424,0.0491646431961341,17.924569000608514,0.0519744460520719,2.734640827760201
-1.5513156999999998e-19,0.030027693,-0.0036853154,98370.0,0.0,295.4,1.572434e-13,6.0878524e-11,-1.12335505e-11,1.15506,4.843231225689455e-15,1.7628231749563753e-13,3.252832226262431e-14,6.190647839072637e-11,1.7932374103715158e-13,2.456876933333333
0.0004151182,0.023963077,-0.00071900955,181385.38,4.841945e-06,339.96988,11.056775,177.5695,-18.9219,1.85038,0.0298365424114659,0.4792303279575244,0.0510597600139359,178.91679044533697,0.4828654321754957,0.5534930905771464
-0.0014401756,0.00868923,0.0024944716,86752.29,0.30903938,253.98676,23.795523,139.34175,-28.497145,0.2332345,0.0333299726705932,0.1911242683959884,0.0401507855924131,144.20276516439293,0.1981198087819898,1.9202423830851167
0.002838977,0.06731384,0.0016390758,98370.0,0.0,295.4,2.1851421e-13,-9.962075e-14,-2.6377324e-13,1.15506,1.08130372311599e-15,3.3418101306938773e-16,8.892453717327997e-16,3.5671988442275575e-13,1.4393234599174673e-15,2.185442735178454
-0.00071900955,0.039686155,0.0004151182,98370.0,0.0,295.4,5.0178686e-14,-9.778571e-14,-5.670259e-14,1.15506,1.0106961801302618e-15,2.83152266984696e-16,5.579987843413986e-16,1.2367347865083606e-13,1.1887155328988318e-15,0.5534930905771464
-1.5126382999999998e-19,0.034744617,-0.0045283833,98370.0,0.0,295.4,3.0860104e-14,-3.7192772e-13,1.2027957e-12,1.15506,6.670339785879191e-16,1.2992711027636966e-15,3.715541487497256e-15,1.259364947448427e-12,3.992278581509681e-15,3.0189222
-0.0011165227,0.06731384,-0.0041669416,98370.0,0.0,295.4,1.2677939e-13,1.2853022e-13,8.507314e-13,1.15506,6.614740842491529e-16,3.727276654880898e-16,2.8590616999062404e-15,8.696763456182884e-13,2.958159508989368e-15,2.8759558980875943
-0.00083024846,0.030476922,-7.63982e-20,98370.0,0.0,295.4,-2.1230175e-12,3.660065e-11,-4.0119384e-14,1.15506,6.147495380316437e-15,1.0598232259218341e-13,9.816376350293872e-16,3.666219296895344e-11,1.0616500371558961e-13,0.5534989733333333
-0.0022223014,0.069335386,-0.0005954578,98370.0,0.0,295.4,-2.3027866e-13,1.4733455e-13,1.1189164e-14,1.15506,1.0207019680237666e-15,7.256471233475573e-16,4.741150371525176e-16,2.7360725185220694e-13,1.3390972046884081e-15,1.533796090173774
0.0018984762,0.057655383,0.0018984762,98370.0,0.0,295.4,-3.8179627e-13,-1.1358179e-13,-6.3699214e-13,1.15506,1.1055446763556424e-15,1.06536415323333e-15,1.965962145968408e-15,7.512843677511844e-13,2.49444121393822e-15,1.7899005265883576
0.0024917016,0.010261538,-1.3285194e-19,85147.48,0.54641163,250.57901,-21.622013,368.26926,0.9321075,0.14295012,0.0237352095836602,0.4012434957150649,0.0075229410380838,368.9046328409435,0.4020152953178375,1.6611344
-0.00045754042,0.031375386,0.0007924895,98370.0,0.0,295.4,-2.479285e-13,3.99238e-13,-1.266649e-13,1.15506,1.0828906345236268e-15,1.26321736750759e-15,1.439389129229773e-15,4.867273555577703e-13,2.2000480243068858e-15,0.610057499491838
-0.0012849732,0.04417846,0.004795607,98370.0,0.0,295.4,5.287126e-14,5.5290893e-15,-4.4068972e-13,1.15506,6.848420868871552e-16,1.9635826029267962e-16,1.566347423070825e-15,4.438844109406788e-13,1.720758408411168e-15,3.309850793761437
0.0029342247,0.0055446154,-0.00508224,94880.016,2.2872316e-08,293.888,-7.320749,-1.6204035,12.703975,1.1198163,0.0212531064704528,0.0047042574304386,0.0368802777350357,14.751611919530632,0.0428249863797947,3.912307532088964
-0.00019411351,0.013181538,0.0007244437,73392.9,0.99986535,182.514,-25.667555,1752.7949,102.23081,0.097506486,0.0249525334063383,1.7041729551947,0.099384065349038,1755.9612533763222,1.7072507966276464,0.4999994352148855
0.0024944716,0.024187692,0.0014401756,136142.0,2.8651404e-14,318.17252,19.69975,84.04423,11.365948,1.4829688,0.0548678962131933,0.2341284059566864,0.0316530196246596,87.06720117411668,0.242545892898725,1.9202423830851167
-0.0019252748,0.013630769,1.6320611e-19,74858.0,0.29505876,264.75412,8.4615,649.3335,-9.477804,0.20040375,0.0813957243034545,0.8990521272794174,0.0147121786907698,649.4577892158676,0.9028490680630726,1.2835165333333334
-0.000644892,0.036092307,0.0024067922,98370.0,0.0,295.4,-7.539645e-15,2.3965537e-14,-2.9500588e-13,1.15506,5.938318646359526e-16,4.417126937078779e-16,1.1647500246917944e-15,2.9607374494371973e-13,1.3799960171171574e-15,1.6611287174214255
-0.00016102531,0.022615384,-0.0005830067,211794.5,0.13286677,285.74548,-35.774223,376.732,-128.53094,1.0954962,0.0633884682810999,0.6941510346922347,0.2282606408682605,399.6586010491171,0.7334621169800886,0.4032236559999844
0.002050962,0.011609231,-0.0035523847,84286.69,0.101491824,264.725,12.89013,-78.974785,-22.231253,0.5051849,0.0243969148880997,0.1610290575703475,0.0420488730326937,83.05059137154373,0.1682072369470798,2.7346242628142687
0.0004151182,0.040584616,0.00071900955,98370.0,0.0,295.4,-1.4303891e-14,-1.1951005e-13,5.68575e-14,1.15506,4.274223404775485e-16,5.01215595372508e-16,7.775931174574286e-16,1.3311659796957093e-13,1.0190966521881453e-15,0.5534930905771464
-0.003667574,0.011609231,0.003667574,86821.23,0.00016128566,287.75586,-0.28759775,-49.67014,0.048578016,1.0443,0.0040063708992144,0.1455691652103879,0.0040421020144081,49.670996365173146,0.1456803743011603,3.457821927871294
0.0025934312,0.0608,0.00069490174,98370.0,0.0,295.4,5.154246e-13,8.713561e-14,-4.046013e-15,1.15506,2.806506471570846e-15,9.981268713392268e-16,9.02766614979677e-16,5.227537690312986e-13,3.1125107851026537e-15,1.7899439863847344
0.001159104,0.03317231,-0.00031057486,98370.0,0.0,295.4,-3.4298026e-13,1.7503887e-13,8.649265e-14,1.15506,1.9104255996485007e-15,5.0684964641626605e-16,7.563221891151306e-16,3.946581346742609e-13,2.116281122538433e-15,0.7999941184450516
0.000644892,0.06349538,0.0024067922,98370.0,0.0,295.4,1.2495265e-14,1.9691868e-13,-2.200945e-13,1.15506,9.753428877615345e-16,7.177685533148116e-16,9.821657822846478e-16,2.9559209581890493e-13,1.5592097577700894e-15,1.6611287174214255
0.00084845215,0.05406154,-0.0031664888,98370.0,0.0,295.4,1.3499689e-14,-8.41211e-15,-6.469596e-13,1.15506,4.395523180635238e-16,2.5962337485600656e-16,1.956065428545455e-15,6.471551044609853e-13,2.021584155516993e-15,2.185459257238885
0.0048831706,0.015203077,-0.0028192918,91030.89,8.3772264e-08,290.8405,33.9664,-23.924412,-19.972887,1.0856338,0.0991254091963104,0.0698215627858591,0.0582802337840027,46.09783111623055,0.1345268858931687,3.7590637937450806
-0.0015075472,0.03788923,-0.0008703744,98370.0,0.0,295.4,9.550257e-14,-4.553306e-15,-1.165645e-13,1.15506,1.0309064285292961e-15,2.975818819250441e-16,9.138750019613022e-16,1.5076059210677218e-13,1.4094291610587776e-15,1.160507581746156
-0.0011720242,0.05743077,-0.0043740757,98370.0,0.0,295.4,-1.7012788e-13,1.2196406e-13,6.547326e-13,1.15506,8.116245072157679e-16,5.425346021589583e-16,2.742468696430066e-15,6.873816298008974e-13,2.911050100247648e-15,3.018916579372005
0.00031057486,0.047996923,0.001159104,98370.0,0.0,295.4,6.735903e-14,-1.5651919e-13,-2.806527e-13,1.15506,6.809548158807955e-16,4.532233057192187e-16,2.087699421477347e-15,3.283312866269175e-13,2.242230965033521e-15,0.7999941184450516
-0.0011935149,0.053612307,0.0006890677,98370.0,0.0,295.4,-1.3182311e-13,1.2355821e-13,-1.0007392e-13,1.15506,1.0678191187279121e-15,3.5778015398091747e-16,1.5514549748198696e-15,2.065399550998368e-13,1.917095941208156e-15,0.9187653821431114
-0.00026006208,0.047772307,0.0009705788,98370.0,0.0,295.4,1.4568816e-13,5.0981016e-15,5.801575e-14,1.15506,7.369489390624578e-16,3.036737080396089e-16,1.3498505857296194e-15,1.56897603079754e-13,1.5676122172062848e-15,0.6698774323920479
-0.0025934312,0.056981537,-0.00069490174,98370.0,0.0,295.4,-2.3183975e-13,-6.753065e-14,7.7974926e-14,1.15506,1.4777665343427968e-15,4.168438795739448e-16,6.183157429960381e-16,2.537521378317638e-13,1.6552543937408897e-15,1.7899439863847344
-0.002176526,0.043504614,0.002176526,98370.0,0.0,295.4,5.800652e-14,2.4702972e-13,-4.7082452e-14,1.15506,8.225783078465103e-16,9.96555821944325e-16,1.1688217837162705e-15,2.5807982527140924e-13,1.7423842690062492e-15,2.052048392038442
-0.0016390758,0.034295384,-0.002838977,98370.0,0.0,295.4,2.9407404e-13,2.7482441e-14,-2.981018e-14,1.15506,9.424008022153748e-16,7.631796725739673e-16,9.097931506776666e-16,2.968559792169807e-13,1.5160099147651657e-15,2.185442735178454
-0.0033619737,0.01610154,-0.0009008322,88132.766,0.0958436,255.82875,-130.2045,-50.45289,-35.924824,0.5756976,0.2697213241686265,0.1038240855802217,0.0740597805708373,144.18494688778395,0.2983519474648138,2.32037983596063
0.00025366183,0.018347692,-0.00041642482,98070.81,0.9999625,195.26488,-30.445238,1659.0275,55.27185,0.12177187,0.0286118756786871,1.5592549355424143,0.0519318868195674,1660.2271337607842,1.5603818488792645,0.3250667997750489
-0.0028192918,0.010710769,0.0048831706,88843.35,3.2379967e-06,289.74802,5.3707747,-34.411636,-9.216488,1.0635,0.0157009779729186,0.1006109020298132,0.0269482007674553,36.027067104176,0.1053341342640733,3.7590637937450806
-0.002264169,0.009587692,-0.00392167,88294.586,0.0045187874,286.60474,14.139075,-37.408638,25.251076,1.0087304,0.0403143461249826,0.1068509656981075,0.0721603106327613,47.29626283363671,0.1350906577255424,3.0189002301766195
-9.37506e-20,0.02239077,-0.0049647847,141605.5,2.0524121e-17,320.49152,-0.18994755,90.43539,-50.3627,1.5325475,0.0185869976627753,0.2514053051273225,0.1400053713672862,103.51327159265064,0.28836020519477,3.3098564666666666
0.0030503666,0.028904615,0.0030503666,98370.0,0.0,295.4,1.6865991e-09,1.0518042e-08,1.6895515e-09,1.15506,4.883784630080762e-12,3.045646895832185e-11,4.892333604834607e-12,1.078556481177676e-08,3.1231118805179376e-11,2.875913210619937
0.002705682,0.045301538,-0.0046863924,98370.0,0.0,295.4,-3.386299e-13,-5.0558e-15,5.4379e-13,1.15506,1.0765155348700233e-15,1.9974482151109096e-16,1.590154024322197e-15,6.406272975667288e-13,1.9306406997691383e-15,3.607583913671109
-0.0012849732,0.037664615,-0.004795607,98370.0,0.0,295.4,-9.988701e-14,-2.3363006e-13,1.842913e-13,1.15506,6.300321869058054e-16,9.67199137318985e-16,1.3532317887120098e-15,3.138848562100977e-13,1.7786655114856773e-15,3.309850793761437
0.0022223014,0.032947693,-0.0005954578,98370.0,0.0,295.4,3.2811387e-13,-7.392326e-14,-1.5731277e-14,1.15506,1.504395634322516e-15,4.098025792178162e-16,5.08745932797009e-16,3.367058555051505e-13,1.6401118262605504e-15,1.533796090173774
-0.0030142437,0.01789846,-0.0017402662,99536.31,0.003470185,289.264,-67.63596,10.694351,-39.0915,1.1416299,0.1934587190303631,0.0306354655552962,0.1118277726623643,78.84882751622119,0.2255443602870268,2.3203631449363105
0.00084845215,0.016775385,-0.0031664888,95333.33,0.08728931,256.71,33.996376,-15.578734,-121.18741,0.64554423,0.0723277939864582,0.0316761586475605,0.2585697437118645,126.82601813777896,0.2703571733334113,2.185459257238885
0.00410197,0.06327077,-1.5322009e-19,98370.0,0.0,295.4,-2.1652024e-13,2.1754143e-13,-3.79684e-14,1.15506,2.453388534173058e-15,6.299217515061025e-16,7.03743707930119e-16,3.092683098777864e-13,2.6289107856836026e-15,2.7346466666666664
-0.00084845215,0.04485231,0.0031664888,98370.0,0.0,295.4,1.8444561e-14,6.800951e-14,6.80594e-13,1.15506,5.385003385231141e-16,2.020036127781153e-16,1.9707555275827745e-15,6.842321887465707e-13,2.0529650322552938e-15,2.185459257238885
-0.0004505431,0.009363077,0.0016814725,81440.234,0.2455685,285.48538,-20.001692,581.7383,91.62358,0.25337738,0.0360440577140795,0.8508856742860119,0.1253104496577612,589.2490116935023,0.8608183975700608,1.1605245659162278
-0.0015053301,0.009138461,-0.00040334585,89015.69,0.5867205,258.42075,-130.06245,751.9036,-51.573864,0.15093186,0.146249596702992,0.7991106148806718,0.0584626922822079,764.8105177368136,0.8144842575149241,1.038953872289757
-0.0005870607,0.053612307,-0.0005870607,98370.0,0.0,295.4,-3.4109046e-13,-1.7319838e-14,-1.2807946e-13,1.15506,1.2579269214349252e-15,8.493756968149057e-17,6.598267286617762e-16,3.647561195720361e-13,1.4230129452224417e-15,0.5534861359174952
0.0026657272,0.045526154,0.00153905,98370.0,0.0,295.4,1.6774399e-13,1.8604513e-14,-2.8314588e-13,1.15506,5.303852448477947e-16,1.4790529923307454e-16,8.198886491921701e-16,3.296297368959021e-13,9.876243630893488e-16,2.0520749831783918
0.0029004794,0.028006153,-0.0029004794,98370.0,0.0,295.4,1.8193032e-07,1.1906845e-06,-1.8151405e-07,1.15506,5.26804805583957e-10,3.447794239260354e-09,5.255994588138872e-10,1.2181032674707654e-06,3.527189137339914e-09,2.7345982032425185
-0.0015188704,0.047772307,-0.0056685233,98370.0,0.0,295.4,-7.8441485e-15,1.0022005e-13,4.4053468e-13,1.15506,4.2020680256179913e-16,3.788852282553193e-16,1.7817814834078078e-15,4.518588201755002e-13,1.869457950242322e-15,3.9123237593043534
-0.0045836214,0.051141538,0.0012281717,98370.0,0.0,295.4,1.4153636e-13,-1.1866239e-13,-6.7462623e-14,1.15506,1.6476111424603753e-15,4.624811570467319e-16,7.123030121562827e-16,1.9663293087527799e-13,1.8536145442107917e-15,3.163541676540452
-0.0019252748,0.012732307,1.6320611e-19,73760.96,0.2659926,266.95337,9.934964,608.9201,-5.899809,0.213373,0.0918171569800596,0.8772916122734515,0.0131965705617933,609.0297196688581,0.8821820179281854,1.2835165333333334
1.2490008e-19,0.024187692,-0.00075,173746.62,6.7321724e-07,336.7729,0.12752123,160.53262,-15.2234,1.7892013,0.0055621308535589,0.4352603651574688,0.0412673330751428,161.25287672872227,0.4372476592913676,0.5
0.0019924412,0.023963077,-0.0011503282,159792.12,1.7195567e-10,330.09076,29.576426,130.69363,-17.18815,1.6789299,0.0810006091894142,0.3579519646807509,0.0470663510458572,135.09634487258668,0.3700080392486596,1.533779196505254
0.00392167,0.04822154,-0.002264169,98370.0,0.0,295.4,4.2857607e-13,6.4884774e-15,2.9080818e-15,1.15506,1.7115253039438696e-15,4.490836471413762e-16,1.2156419832304937e-15,4.2863504879485853e-13,2.14680702895312e-15,3.0189002301766195
0.0018984762,0.055858463,-0.0018984762,98370.0,0.0,295.4,-4.96306e-13,-1.4397646e-13,6.26483e-13,1.15506,1.4371237337536665e-15,5.551087228464485e-16,1.8140695336577082e-15,8.121144106338291e-13,2.379982897678761e-15,1.7899005265883576
0.0019461956,0.06372,0.0033709237,98370.0,0.0,295.4,-5.223595e-13,3.4663116e-14,-3.430551e-13,1.15506,1.5125653129003446e-15,5.486682334060196e-16,9.933642300631833e-16,6.258975798699733e-13,1.890942397247261e-15,2.594935572283576
0.00035669186,0.034744617,0.001331215,98370.0,0.0,295.4,1.2825122e-13,-8.609472e-14,-2.742145e-13,1.15506,6.91668669049043e-16,6.580734807271328e-16,1.1397848892368596e-15,3.147288805521616e-13,1.4868005405948298e-15,0.9187823969714264
-0.0016267902,0.048895385,0.0016267902,98370.0,0.0,295.4,2.9266962e-13,3.870115e-14,-6.2566277e-13,1.15506,1.470939364145394e-15,5.5588471879322525e-16,1.8116944048680974e-15,6.918144167667654e-13,2.398938734151135e-15,1.533752509317093
-0.0010559278,0.033396922,0.0018289352,98370.0,0.0,295.4,-5.1977587e-14,1.0212624e-14,6.59113e-14,1.15506,6.424002581707827e-16,1.853336534257216e-16,9.447124109058984e-16,8.455924968327207e-14,1.1573712429940745e-15,1.407912163392128
0.00029804165,0.06753846,-0.00014174538,98370.0,0.0,295.4,4.01768e-13,2.9903587e-14,-9.4249126e-14,1.15506,1.1633756918783738e-15,1.2106871745236288e-16,8.671594126774504e-16,4.13756749904132e-13,1.4560446702605472e-15,0.2200207847616693
-0.0012458276,0.01789846,0.0021578514,102261.86,0.67118835,238.53625,-97.48391,21.475166,172.53075,0.161228,0.1042928643770525,0.0208418297967053,0.1845139443144375,199.32675475002887,0.2129713104521743,1.6611119533351038
0.0008703744,0.069335386,0.0015075472,98370.0,0.0,295.4,2.675405e-13,7.7563844e-14,7.129613e-14,1.15506,9.322326319016012e-16,8.53312938576489e-16,9.711201559839818e-16,2.875364449757339e-13,1.5938240205501305e-15,1.160507581746156
-0.00037499773,0.024412308,0.0006495165,158709.38,5.5526773e-08,329.95175,-5.500735,131.419,9.581381,1.6673512,0.0150515413090275,0.35975534377792,0.0262177058954394,131.88257848710492,0.361023301706367,0.4999977694516481
0.0014401756,0.047772307,0.0024944716,98370.0,0.0,295.4,-1.6019773e-13,5.817731e-14,1.4959277e-13,1.15506,9.071845393671078e-16,2.899424685114093e-16,1.73019873582025e-15,2.2677281347697281e-13,1.975003313654737e-15,1.9202423830851167
-0.000375,0.0032984614,0.000375,107103.5,1.0,170.8145,-367.44882,1932.9233,356.7735,0.15107466,0.3700500861266292,1.944596714978891,0.3591725310885494,1999.6245770905427,2.011814692569267,0.3535533905932737
0.0026058601,0.008464616,0.0026058601,92821.35,0.06452575,274.28973,-28.753025,-14.196017,-28.49445,0.6467486,0.0636873132955708,0.032742579430466,0.0631021934507943,42.89751771510112,0.0954465148702142,2.45682846337794
0.0035523847,0.06349538,0.002050962,98370.0,0.0,295.4,-1.1529029e-13,3.348141e-13,-4.916942e-13,1.15506,1.1554005077332201e-15,1.0281724398764658e-15,1.423769609096312e-15,6.059335927646974e-13,2.102191427814787e-15,2.7346242628142687
0.00025366183,0.020593846,-0.00041642482,97844.2,0.999967,197.35063,-11.603696,1608.0312,20.7204,0.1201985,0.0108383401647721,1.503408180764192,0.0193457314099691,1608.2065541809172,1.5035717092742904,0.3250667997750489
-0.0050100614,0.0032984614,0.0013424361,94992.04,5.5783012e-08,293.6525,13.568962,1.0716605,-3.5442574,1.1220362,0.0394073835805869,0.0031123941887603,0.0102939084412074,14.065096746988946,0.0408484201561051,3.4578638180467665
-0.0028192918,0.051366154,-0.0048831706,98370.0,0.0,295.4,4.286841e-13,-2.3085402e-13,2.0610148e-13,1.15506,1.430205662095443e-15,6.6847026207717415e-16,1.0743565155703597e-15,5.287168015120767e-13,1.909602746573191e-15,3.7590637937450806
-0.002039934,0.05496,-0.00054659264,98370.0,0.0,295.4,-4.2850318e-13,-6.420874e-14,-3.7202975e-13,1.15506,1.2407911498876342e-15,9.442850151662098e-16,1.077264394112178e-15,5.710900738478672e-13,1.895187442531425e-15,1.4079290131187046
-1.5791709e-19,0.04867077,-0.0030781461,98370.0,0.0,295.4,-1.1345262e-14,2.2858917e-13,-2.4225012e-13,1.15506,3.420483632128266e-16,6.61912063248458e-16,1.2053592152802364e-15,3.332669264285792e-13,1.4170446358923884e-15,2.0520974
0.0004526625,0.061923075,-0.0004526625,98370.0,0.0,295.4,-2.6732108e-13,3.821651e-14,5.156388e-13,1.15506,1.0712578437245062e-15,1.3459294778475559e-16,1.5419545455060272e-15,5.820690968556796e-13,1.8823741524312767e-15,0.4267742977851408
0.0028192918,0.017,0.0048831706,99091.11,4.4246345e-10,296.21213,23.938787,0.901898,41.606064,1.1603363,0.0692233230806147,0.0041685249698616,0.120311403924741,48.00982716700685,0.1388671270426867,3.7590637937450806
-7.63982e-20,0.06035077,0.00083024846,98370.0,0.0,295.4,3.7213304e-15,-6.670341e-14,4.1985775e-13,1.15506,6.391946080099304e-16,2.0160212739161078e-16,1.4014367818174209e-15,4.251396516918136e-13,1.5534600793417774e-15,0.5534989733333333
0.004149602,0.024861539,0.004149602,98442.46,6.33e-43,295.44836,0.040458426,0.18292063,0.040346313,1.155725,0.0001171415108358,0.000529620229802,0.0001168169553399,0.1916368077554214,0.0005548566683669,3.912282284567013
0.00031432978,0.01655077,-0.0005329707,100964.73,0.9998961,198.8555,34.653576,1576.1675,-58.611023,0.123126,0.0322782869891665,1.467970077076791,0.0545842160174724,1577.63750918991,1.469339127513467,0.4125050721052952
-0.0025933797,0.057206154,0.004491879,98370.0,0.0,295.4,2.3761662e-13,2.0336524e-13,-4.8971406e-13,1.15506,8.539203847816149e-16,5.888726122446516e-16,1.822082304248088e-15,5.810670697106881e-13,2.0966484923447334e-15,3.4578474498201968
0.0035105823,0.004870769,-0.0035105823,95220.89,1.6679068e-06,294.56012,-11.244223,1.8604738,11.29682,1.12125,0.0326047744047069,0.0053948931526094,0.0327581578187278,16.047182174656566,0.0465324949877671,3.309808733657956
0.0006949476,0.0021016174,0.0026023579,94746.04,1.5303294e-05,293.61536,-5.11399,8.146956,-18.846174,1.119045,0.0148513950552957,0.023659663955427,0.0547314884582308,21.159018413534973,0.0614481851841504,1.7957008915045671
-0.00508224,0.050243076,-0.0029342247,98370.0,0.0,295.4,-6.889025e-14,-1.2419236e-13,1.712143e-13,1.15506,9.097841682665584e-16,3.854390991365165e-16,6.71630675199354e-16,2.2244987154845046e-13,1.1947210117179588e-15,3.912307532088964
0.0010392044,0.03362154,0.00059997645,98370.0,0.0,295.4,-1.4618355e-13,-1.4557325e-13,-1.9306811e-13,1.15506,1.498237812258604e-15,6.395108705559478e-16,9.11306882859055e-16,2.825535285660703e-13,1.866593402534939e-15,0.799977090098061
-0.0012308755,0.029353846,0.0012308755,98370.0,0.0,295.4,-6.234774e-10,9.253484e-09,6.2874084e-10,1.15506,1.8053663020233321e-12,2.6794762158002177e-11,1.820607479635803e-12,9.295752000266072e-09,2.6917155090820665e-11,1.160480550461843
-0.00025366183,0.03991077,0.00041642482,98370.0,0.0,295.4,-4.5077393e-14,-8.097685e-14,-2.9143173e-13,1.15506,9.914452727365796e-16,2.3447984328372423e-16,1.791492055398676e-15,3.0581313713833793e-13,2.060919287671073e-15,0.3250667997750489
0.00087018503,0.013855385,-0.00050239643,74556.336,0.99842954,198.18813,7.3193626,1330.3313,-12.882974,0.09135355,0.0099486799353156,1.2430415540234576,0.0119729395840013,1330.413812258293,1.243139023819858,0.6698670379885004
0.0013613222,0.034295384,-0.0013613222,98370.0,0.0,295.4,-3.0269935e-13,5.89411e-14,3.2429634e-13,1.15506,1.118130127610657e-15,1.0726606242122362e-15,1.0518734804751014e-15,4.4751431920892565e-13,1.8727663004050487e-15,1.283466878666386
0.0005954578,0.0055446154,0.0022223014,96860.36,0.056680713,299.18674,-2.0640469,111.3558,-14.77891,0.641539,0.0050942203087433,0.2400541734606849,0.0319669253098193,112.35119342505224,0.2422268391202968,1.533796090173774
0.0009523381,0.045526154,-0.0005498259,98370.0,0.0,295.4,2.518971e-15,5.971517e-14,-1.5207976e-13,1.15506,1.342484167343739e-15,4.76764033825519e-16,1.0661425988171046e-15,1.634028767943984e-13,1.7793897056380547e-15,0.7331079584049207
0.0004151182,0.035418462,0.00071900955,98370.0,0.0,295.4,3.0560552e-14,2.5880268e-14,1.09282375e-13,1.15506,2.718051565926053e-16,2.66221512272007e-16,1.000782221432441e-15,1.163888873386852e-13,1.0706619408020329e-15,0.5534930905771464
0.0018990553,0.0021016174,0.0019001279,94726.45,1.3139905e-05,293.60513,-13.968463,8.276725,-13.964875,1.1188825,0.040566938466593,0.0240374225787096,0.0405572816031909,21.41587890033045,0.0621961998181587,1.790952207168826
1.5224762e-19,0.025086153,0.004313942,98541.0,6.349911000000001e-32,295.51413,-4.4492423e-05,0.43928388,0.10689971,1.156625,4.059021818677369e-05,0.0012717113720519,0.0003094706861399,0.4521038345397152,0.0013094538881527,2.8759613333333336
0.0043740757,0.039686155,-0.0011720242,98370.0,0.0,295.4,-1.8365223e-13,1.244665e-13,-6.475533e-14,1.15506,2.5221803305656238e-15,5.537441401401365e-16,5.61949205701887e-16,2.3111318432671e-13,2.642690504470897e-15,3.018916579372005
0.001159104,0.06506769,0.00031057486,98370.0,0.0,295.4,-4.991935e-13,-1.7577306e-14,-9.13161e-14,1.15506,2.2906029018148858e-15,2.386621509537933e-16,6.7277875169102865e-16,5.077811952481872e-13,2.399260828844502e-15,0.7999941184450516
0.00084845215,0.06484307,-0.0031664888,98370.0,0.0,295.4,-7.2091015e-14,-1.6255924e-13,-4.602675e-13,1.15506,4.4308247553111184e-16,4.927878047679773e-16,1.718581430160738e-15,4.934255693712659e-13,1.8419240029773617e-15,2.185459257238885
-1.4721278e-19,0.029578462,-0.0054114084,98370.0,0.0,295.4,3.1662525e-14,7.114817e-11,-1.8011143e-11,1.15506,7.196209518274164e-15,2.0601953138355372e-13,5.2153792993838904e-14,7.339253619429458e-11,2.1264019108948847e-13,3.6076056
1.4721278e-19,0.05990154,0.0054114084,98370.0,0.0,295.4,-4.1677474e-14,1.2773968e-13,-7.108801e-13,1.15506,5.112142428347649e-16,4.034859700894644e-16,2.0584532084290773e-15,7.234673138860752e-13,2.1590207366832122e-15,3.6076056
0.0033619737,0.030926153,0.0009008322,98370.0,0.0,295.4,8.188459e-13,7.1042683e-13,7.872944e-14,1.15506,2.3710832867706536e-15,2.057140642032188e-15,5.472854186478478e-16,1.086928338692746e-12,3.1864376509463158e-15,2.32037983596063
0.00087018503,0.039686155,-0.00050239643,98370.0,0.0,295.4,9.304265e-14,9.398741e-16,-2.5293399e-13,1.15506,1.0679365553679748e-15,1.8662952818312847e-16,1.327790116388911e-15,2.6950588375704613e-13,1.7141603368008345e-15,0.6698670379885004
-0.0006470514,0.014978462,-0.0006470514,80850.83,0.99940485,198.89175,63.347263,1371.2787,60.35085,0.09863628,0.0590003015138963,1.2781344839144362,0.0562046604476203,1374.067092211659,1.2807293853136912,0.6100459102883323
0.0035523847,0.0044215387,-0.002050962,95228.484,4.7316287e-05,294.457,-15.8373375,3.2894888,9.177406,1.1210487,0.0459191781846207,0.0095378992945837,0.026607166130454,18.59749382425137,0.0539210880602213,2.7346242628142687
-0.00410197,0.019021539,1.5322009e-19,104782.25,1.6456331e-06,299.90015,-61.859425,22.492313,-0.06966752,1.21186,0.1777720746446433,0.0646363230776318,0.0233521019967859,65.8217096327947,0.1905940330968546,2.7346466666666664
0.0011503282,0.015427692,-0.0019924412,84605.05,0.642892,255.22874,-19.892742,415.00775,8.592893,0.121782124,0.0257485166747982,0.4213361816440418,0.0285020808374405,415.57308810178085,0.4230833637539974,1.533779196505254
0.0013424361,0.047323078,0.0050100614,98370.0,0.0,295.4,-1.041977e-13,-3.9226536e-14,-8.294164e-13,1.15506,4.84103885760196e-16,2.9435789137184726e-16,2.401691620624724e-15,8.368556903079583e-13,2.467615403785609e-15,3.4578638180467665
0.0008019567,0.061024614,-0.00021488206,98370.0,0.0,295.4,3.1926322e-13,9.859797e-14,-1.4153885e-13,1.15506,9.244715348395795e-16,3.7533442930020713e-16,4.808824849546488e-16,3.628826385929916e-13,1.1075971816878724e-15,0.5534975051172251
0.002838977,0.053612307,0.0016390758,98370.0,0.0,295.4,2.2877474e-13,2.299877e-14,-3.31765e-13,1.15506,1.0452784800660797e-15,1.2751704530962563e-16,1.0012198400377174e-15,4.0365188010039114e-13,1.4530343649820892e-15,2.185442735178454
-0.0056386283,0.043504614,1.4617036e-19,98370.0,0.0,295.4,2.580765e-13,-6.18329e-13,1.4512957e-14,1.15506,1.236655640210001e-15,1.7904585011228715e-15,2.1556662892744042e-16,6.701827049500261e-13,2.18667048002517e-15,3.759085533333333
-0.0011720242,0.0068923077,0.0043740757,93859.35,0.000121116,293.535,8.076746,-7.19486,-28.579037,1.1073124,0.0234501042585457,0.0208806139397162,0.0829488550530645,30.557506315396303,0.0886928406516018,3.018916579372005
0.0010048215,0.06237231,-4.0129963e-20,98370.0,0.0,295.4,5.485199e-13,1.1768413e-14,4.4123027e-14,1.15506,1.5883163201364757e-15,1.181759012654949e-16,8.20449235282495e-16,5.504174940462842e-13,1.7916057669385357e-15,0.6698810000000001
-0.0030503666,0.031824615,-0.0030503666,98370.0,0.0,295.4,-1.4837463e-13,5.883388e-14,-4.3569877e-14,1.15506,1.3691865816783056e-15,1.0529848209962725e-15,1.4255241758521666e-15,1.6545328780440246e-13,2.239546406001777e-15,2.875913210619937
0.00071900955,0.059676923,0.0004151182,98370.0,0.0,295.4,-1.8172908e-13,8.555215e-14,-8.70985e-15,1.15506,1.1019970010709368e-15,2.6173693637373875e-16,5.026201283164431e-16,2.0104847767215602e-13,1.2391652866427814e-15,0.5534930905771464
0.002039934,0.053387694,0.00054659264,98370.0,0.0,295.4,1.2736962e-13,2.7677413e-13,9.182864e-14,1.15506,1.5229399860800753e-15,8.014383904750493e-16,4.2328728700265004e-16,3.182128819838237e-13,1.7722363900639445e-15,1.4079290131187046
0.0011720242,0.003972308,-0.0043740757,95151.5,7.297376e-06,294.375,-3.9174912,3.0101974,15.1324,1.1210525,0.0113620828110243,0.008731232842885,0.0438922731940426,15.91846586355118,0.0461721019545538,3.018916579372005
0.0024944716,0.0062184613,0.0014401756,95834.39,0.052161813,279.47327,-26.752188,29.101675,-18.30775,0.7080309,0.0612705597908476,0.0657501444865586,0.0417919648932966,43.56329602607531,0.0991147381912987,1.9202423830851167
-1.5183822e-19,0.038563076,-0.0013781823,98370.0,0.0,295.4,-1.5768807e-13,-9.6835016e-14,3.0347312e-13,1.15506,5.621662355685887e-16,3.0955327908679644e-16,1.3993483537592368e-15,3.5544125014772774e-13,1.5394901507237492e-15,0.9187882
0.0004505431,0.04036,-0.0016814725,98370.0,0.0,295.4,2.7266812e-13,-7.285443e-14,-1.3429028e-13,1.15506,8.123124462238842e-16,6.068000650802005e-16,6.25173235345923e-16,3.125532769584055e-13,1.1911756392171792e-15,1.1605245659162278
-0.00025366183,0.03923692,-0.00041642482,98370.0,0.0,295.4,-1.1411624e-13,-4.8186993e-15,1.7515893e-13,1.15506,9.520206781592873e-16,1.3174729615443294e-16,1.6610532596729397e-15,2.0910855279836438e-13,1.919061920094548e-15,0.3250667997750489
0.0009523381,0.059003077,0.0005498259,98370.0,0.0,295.4,-1.6015684e-13,-8.741137e-15,5.1283667e-14,1.15506,1.6349536620668205e-15,5.886645568177741e-16,1.3305928861884977e-15,1.6839428546065706e-13,2.1886244233158435e-15,0.7331079584049207
-0.0050100614,0.02373846,0.0013424361,111332.375,1.4570233e-23,303.7055,-10.390214,30.573875,2.7716224,1.2710238,0.0296084728879249,0.0871367646253611,0.0078978597387987,32.40987920695791,0.0923680334563007,3.4578638180467665
0.004893632,0.001752484,0.0028211633,94653.86,1.1343556e-12,293.039,-10.83391,0.38317627,-6.22712,1.1203825,0.0314972947812234,0.0011140203165833,0.0181038727374844,12.501897993360492,0.0363465380455425,3.7657282911773824
0.0006470514,0.01655077,-0.0006470514,94260.46,0.998851,212.46538,26.490576,1120.2288,-25.251768,0.107715875,0.0239516295451481,1.0103180271191972,0.022837515613556,1120.8264659408153,1.0108599055256342,0.6100459102883323
-0.004745321,0.059676923,1.5026859e-19,98370.0,0.0,295.4,5.4467916e-13,1.1424974e-13,-6.573942e-14,1.15506,1.5771949411877153e-15,4.80570057056284e-16,5.433655801928165e-16,5.604016967946383e-13,1.7360119861295534e-15,3.1635473333333333
0.0011935149,0.05091692,0.0006890677,98370.0,0.0,295.4,1.6143921e-14,1.3076233e-14,1.09100405e-13,1.15506,1.0098338674375149e-15,1.943128422189562e-16,9.671412414975338e-16,1.1106085010429445e-13,1.4116954705177772e-15,0.9187653821431114
0.00021488206,0.03204923,0.0008019567,98370.0,0.0,295.4,-3.7435353e-14,5.3713273e-14,5.3678575e-14,1.15506,4.631978000366082e-16,3.2993774051842293e-16,9.917863210715125e-16,8.46635149556039e-14,1.1432634085116697e-15,0.5534975051172251
-2.7755577e-20,0.00532,-0.0003036618,13697.5625,1.0,106.83875,4.3033376,2543.9026,-207.46701,0.031008925,0.0710064006669474,3.233889081216452,0.2640122764888884,2552.352153845468,3.24542493068065,0.2024412
-0.0052270126,0.069335386,0.001400568,98370.0,0.0,295.4,5.215133e-13,2.5921312e-13,-1.4328609e-13,1.15506,1.6344421104123956e-15,9.549000679440232e-16,6.129345999566544e-16,5.997486700648136e-13,1.9897044946104056e-15,3.607600091361616
0.0004151182,0.041033845,0.00071900955,98370.0,0.0,295.4,-9.207912e-15,2.1604089e-14,-1.2150838e-13,1.15506,4.886940174057949e-16,7.622552920888236e-17,9.734604064189298e-16,1.2375705521360816e-13,1.0919053699001108e-15,0.5534930905771464
0.002705682,0.05091692,0.0046863924,98370.0,0.0,295.4,-4.011073e-13,-1.9819737e-14,-4.353086e-13,1.15506,1.2210183554561957e-15,2.395515153113546e-16,1.5394372040982497e-15,5.922613150645577e-13,1.979428619124912e-15,3.607583913671109
-0.002176526,0.032723077,0.002176526,98370.0,0.0,295.4,-2.93226e-14,-7.143321e-14,3.2729628e-14,1.15506,4.724162750589717e-16,3.475817111818945e-16,1.1858324530072466e-15,8.386743653339169e-14,1.3229470093295164e-15,2.052048392038442
-0.000530325,0.065292306,-0.000530325,98370.0,0.0,295.4,-7.6216424e-14,2.4275888e-14,7.7499544e-14,1.15506,5.805822054995002e-16,1.2423445458769375e-16,8.703830466689668e-16,1.1137522770232283e-13,1.0536017012980372e-15,0.4999952049770078
-0.00248237,0.028455384,-0.004299605,98370.0,0.0,295.4,-5.897039e-09,4.5622524e-08,-1.0244031e-08,1.15506,1.7075703848931868e-11,1.3210643228300132e-10,2.9663031353991325e-11,4.7128865212596175e-08,1.3646825470265054e-10,3.3098347708290348
-0.0009151009,0.052264616,-1.7975756e-20,98370.0,0.0,295.4,8.81575e-14,1.6342812e-13,-1.2239516e-13,1.15506,9.5980853466957e-16,6.432015004014399e-16,3.553419643991564e-16,2.2239844964479858e-13,1.208804576847003e-15,0.6100672666666667
0.00083024846,0.045301538,7.986765e-20,98370.0,0.0,295.4,2.6230675e-13,-2.4613202e-14,5.140545e-14,1.15506,1.6828651806886365e-15,1.3214668172068763e-16,5.377903668850612e-16,2.684271988788726e-13,1.7716423004033165e-15,0.5534989733333333
0.0019461956,0.017,-0.0033709237,95703.61,0.0014686832,290.1975,37.66649,-0.037741516,-65.29519,1.1221426,0.108985994280943,0.0080458643650963,0.1888950988006988,75.38055273396601,0.218229331744642,2.594935572283576
-0.0037597984,0.009138461,0.001007429,90278.9,0.05531674,274.5825,32.54536,-28.920074,-8.327945,0.67571324,0.0750524750716861,0.066865053668559,0.0193976198842311,44.32748363733386,0.102372247575495,2.5949521253287604
0.0037359586,0.022615384,0.0021569484,146375.5,2.5299864e-15,322.97787,45.806164,101.63622,26.524137,1.5719738,0.1268523798610336,0.2814534717337766,0.0734456470912617,114.5934366352544,0.3173355418229384,2.875939503395293
-0.00037499773,0.04867077,-0.0006495165,98370.0,0.0,295.4,-2.16639e-14,-1.3252739e-14,4.8323548e-14,1.15506,7.880511531025147e-16,2.8669589285695286e-16,8.871951285793431e-16,5.45905206562497e-14,1.2207925094225333e-15,0.4999977694516481
0.00041642482,0.04036,-0.00025366183,98370.0,0.0,295.4,4.086088e-13,-8.684663e-14,-1.7444574e-13,1.15506,1.3341353556113485e-15,1.091353489581651e-15,8.840026212268529e-16,4.526972551097968e-13,1.937119051749327e-15,0.3250667997750489
0.00050239643,0.040135384,-0.00087018503,98370.0,0.0,295.4,-5.897627e-14,4.158285e-14,2.0427e-13,1.15506,1.3759720945568834e-15,6.940476682037924e-16,1.3607092532206094e-15,2.1664156281109914e-13,2.0558528747307203e-15,0.6698670379885004
0.0008839167,0.034070767,0.00023684214,98370.0,0.0,295.4,-4.5500875e-14,7.7194974e-15,-1.8521148e-13,1.15506,1.4458812442717206e-15,5.561743498914132e-16,8.488742306747082e-16,1.9087486107307225e-13,1.7664908546373662e-15,0.6100648168910395
-0.0049647847,0.02823077,9.37506e-20,98370.0,0.0,295.4,-3.663325e-08,1.4164553e-07,8.9648816e-11,1.15506,1.0607671970012356e-10,4.1015450751768703e-10,1.4493104065310276e-11,1.4630604639403533e-07,4.238974410926101e-10,3.3098564666666666
-1.7793022999999998e-19,0.036316924,-0.0017407954,98370.0,0.0,295.4,1.2991382e-13,-5.451619e-14,1.9718572e-13,1.15506,4.450980172311004e-16,2.250341558453749e-16,8.29003520971986e-16,2.423464952728364e-13,9.674706476291916e-16,1.1605302666666666
0.0005954578,0.040584616,-0.0022223014,98370.0,0.0,295.4,4.911881e-14,-4.9594546e-13,-3.672716e-15,1.15506,9.611895707199512e-16,1.4360797444534757e-15,1.4005026785114888e-15,4.98385438825458e-13,2.2243242065418924e-15,1.533796090173774
0.0005329707,0.00824,-0.00031432978,73926.11,0.99991965,174.85612,255.24588,1889.1925,-147.52737,0.10242429,0.2534419944091671,1.8766464187357288,0.1465360932339002,1912.0572915611972,1.899343953080639,0.4125050721052952
-0.0031664888,0.05069231,0.00084845215,98370.0,0.0,295.4,-7.2586755e-13,-1.8628848e-14,-2.3137476e-13,1.15506,2.178391862346277e-15,1.9698400140017623e-16,7.587127785173215e-16,7.620794011688463e-13,2.3151325843306647e-15,2.185459257238885
-0.00097446906,0.065292306,-0.00097446906,98370.0,0.0,295.4,-6.6456755e-14,8.533757e-14,-2.506376e-13,1.15506,1.755177282654512e-15,7.037676815677943e-16,1.5000220337251713e-15,2.7298023311660297e-13,2.4137113217671215e-15,0.918738240509974
-0.0039621918,0.04956923,-0.0010616601,98370.0,0.0,295.4,1.0363075e-13,2.8494988e-14,4.1076108e-13,1.15506,1.5075985405220257e-15,2.356521812990743e-16,1.1894163718823532e-15,4.245891679370178e-13,1.934708405842321e-15,2.734640827760201
-0.0017618468,0.038787693,0.0017618468,98370.0,0.0,295.4,2.4159825e-13,-1.360254e-13,-3.9431043e-13,1.15506,1.527978058531005e-15,4.674730141371294e-16,1.80457199853326e-15,4.820304337435629e-13,2.410337748986427e-15,1.6610850929224252
-0.00043177773,0.0008336973,0.0016371112,94598.96,9.340144e-06,293.47614,2.4079216,8.350131,-9.3804655,1.1179237,0.0069953320305714,0.0242535972566869,0.0272508411420422,12.787333856031044,0.0371453899300616,1.128728899502916
0.0024917016,0.031375386,-1.6060752e-19,98370.0,0.0,295.4,1.1606681e-13,-1.5744341e-13,5.888672e-14,1.15506,8.991037632206093e-16,7.128774630693786e-16,3.628680357685627e-16,2.0427329127510187e-13,1.2034346952669388e-15,1.6611344
0.0029004794,0.026433846,0.0029004794,98370.67,0.0,295.4005,0.00026587874,0.00174019,0.0002661735,1.15507,7.698883167119066e-07,5.038958197802784e-06,7.707418029591743e-07,0.0017803935162166,5.155372990021395e-06,2.7345982032425185
0.00044156975,0.020369232,-0.0001279371,93762.94,0.99997073,194.86662,2.257565,1646.2625,1.0437148,0.116666004,0.0129193013062653,1.5488744267446546,0.0037224977051845,1646.264378782024,1.5489327794191037,0.3064867194305833
-0.0016814725,0.052264616,-0.0004505431,98370.0,0.0,295.4,-1.7271764e-14,8.5107804e-14,-3.1888213e-13,1.15506,5.063230412979389e-16,5.391126588620308e-16,9.233680314705677e-16,3.3049578660961933e-13,1.183052831718142e-15,1.1605245659162278
-0.0005870607,0.059003077,-0.0005870607,98370.0,0.0,295.4,-2.380477e-13,3.649501e-14,-1.2812489e-13,1.15506,9.780494650070204e-16,1.280151469546529e-16,6.631469586770167e-16,2.727903602910158e-13,1.1885842513902485e-15,0.5534861359174952
-0.000530325,0.040135384,0.000530325,98370.0,0.0,295.4,-1.3570696e-13,-8.71506e-14,4.8779704e-15,1.15506,8.142368773701317e-16,5.07230482497256e-16,1.0278438757991733e-15,1.6135489043727457e-13,1.4059614105165649e-15,0.4999952049770078
-0.0001279371,0.037215386,0.00044156975,98370.0,0.0,295.4,2.3857053e-13,-2.1253646e-13,-1.4897553e-13,1.15506,8.316459398024614e-16,6.775710645401168e-16,1.6645443805347264e-15,3.525356055104128e-13,1.98026400044582e-15,0.3064867194305833
-0.0024944716,0.003972308,0.0014401756,95361.17,0.0031140025,291.72638,19.146025,10.719467,-11.070251,1.0888863,0.0546776304061838,0.0305824418400742,0.0315974730070193,24.57697506341485,0.0701664400989965,1.9202423830851167
-0.0010616601,0.05159077,0.0039621918,98370.0,0.0,295.4,4.2319598e-13,1.9456661e-13,-9.410522e-13,1.15506,1.2254234432398889e-15,6.714884883345678e-16,2.724949036106468e-15,1.0500144029202137e-12,3.062336796399984e-15,2.734640827760201
0.0014401756,0.03317231,-0.0024944716,98370.0,0.0,295.4,-2.689514e-13,2.41757e-14,2.4449874e-14,1.15506,1.1545551677443765e-15,2.8230858073076663e-16,1.5210115386328685e-15,2.711403997398136e-13,1.930329472078223e-15,1.9202423830851167
-0.0043740757,0.052489232,0.0011720242,98370.0,0.0,295.4,-2.0543639e-14,1.2215408e-13,-5.586618e-14,1.15506,2.3003941481087568e-15,8.876443159709109e-16,6.335628698649846e-16,1.3588484253882448e-13,2.545805879952365e-15,3.018916579372005
-0.0056386283,0.049793847,1.4617036e-19,98370.0,0.0,295.4,3.8234037e-13,-5.366189e-14,5.890988e-15,1.15506,2.200536539721657e-15,4.747676566260415e-16,2.9852377777460216e-16,3.861326983172044e-13,2.2708768870912325e-15,3.759085533333333
0.0052270126,0.011609231,0.001400568,87135.71,2.1670161e-05,288.2766,-0.99229884,-44.323578,-0.12954374,1.0481225,0.0058102956919495,0.1299063806284542,0.0023073315768572,44.33487346649951,0.1300567224061035,3.607600091361616
-0.0038924366,0.057206154,1.5418135999999998e-19,98370.0,0.0,295.4,-4.629428e-13,-2.4524553e-14,-3.0995734e-14,1.15506,1.3823954902295281e-15,2.956339696745178e-16,2.384784475323332e-16,4.64626974354577e-13,1.4336278127079857e-15,2.5949577333333336
0.0024944716,0.025086153,-0.0014401756,99175.44,2.225495e-21,295.9375,0.37001425,2.0832052,-0.21276328,1.1624012,0.0010701892416045,0.0060253122058794,0.0006153743012015,2.1264812869683243,0.0061504778449925,1.9202423830851167
0.0012321778,0.0017449552,0.0012345894,94587.61,2.5063335e-05,293.56464,-10.480549,23.613913,-10.693185,1.11722,0.0304368642485335,0.0685781616358871,0.0310548193891776,27.9607403327808,0.0812020243955528,1.1628457655262416
-0.0005830067,0.061473846,0.00016102531,98370.0,0.0,295.4,2.2360087e-13,3.6949586e-14,4.9536628e-14,1.15506,9.726113708200274e-16,2.9401786857330475e-16,5.410602104119403e-16,2.319838323761781e-13,1.1511583457456298e-15,0.4032236559999844
-1.588243e-19,0.034295384,-0.0028803973,98370.0,0.0,295.4,-2.9495625e-14,2.2000926e-13,-1.5677615e-13,1.15506,5.719132424606823e-16,6.518140629244445e-16,1.2800999615597782e-15,2.717587672711052e-13,1.546157249801361e-15,1.9202648666666664
-0.0025933797,0.0064430768,0.004491879,94353.02,2.4043356e-06,294.08063,10.189587,-2.7473874,-17.610813,1.1128262,0.029569113211521,0.0079727090819002,0.0511098560796554,20.530868351757963,0.0595828325501855,3.4578474498201968
-0.0030503666,0.05743077,0.0030503666,98370.0,0.0,295.4,-2.97342e-13,1.6509575e-14,4.7580805e-14,1.15506,1.3863349138236134e-15,3.5605338248040723e-16,8.55318557866992e-16,3.0157712783818453e-13,1.6674136678982021e-15,2.875913210619937
0.00097446906,0.01947077,-0.00097446906,97231.52,0.96596813,228.22975,9.5846,536.0396,-8.446471,0.106684625,0.0084770498947655,0.4730378420313033,0.007460076562967,536.1918128782589,0.4731726039310348,0.918738240509974
0.00016102531,0.059003077,-0.0005830067,98370.0,0.0,295.4,-1.7369542e-13,7.88854e-14,2.8781613e-13,1.15506,6.208132355992021e-16,3.250116633862253e-16,1.1362170821669464e-15,3.452986098296854e-13,1.3349273061257685e-15,0.4032236559999844
0.00040334585,0.039686155,0.0015053301,98370.0,0.0,295.4,1.883414e-13,1.137035e-14,3.1109877e-14,1.15506,7.202568709696917e-16,1.5063860296862662e-16,9.514861728849962e-16,1.912317762821797e-13,1.2028249606965792e-15,1.038953872289757
-0.004149602,0.053163078,-0.004149602,98370.0,0.0,295.4,-9.997997e-15,2.7149874e-14,3.9404078e-14,1.15506,1.0704523920425378e-15,3.161764279403767e-16,6.492008497636474e-16,4.888514053634262e-14,1.291238785255682e-15,3.912282284567013
0.0012849732,0.0026246153,-0.004795607,94872.81,1.5827018e-08,293.39575,-3.60977,1.1032963,13.597899,1.1216087,0.0104879129722168,0.0032056446603369,0.0395089252545624,14.112071406873431,0.0410027761373756,3.309850793761437
-0.0004982899,0.005769231,-0.0018596658,91983.375,0.0525913,330.8496,-0.026169851,273.6541,10.480332,0.56783414,0.0115419751423597,0.5737222231340354,0.0381253934984936,273.85471420171194,0.5751034273393454,1.2835107603984124
0.0030503666,0.06372,-0.0030503666,98370.0,0.0,295.4,2.0819926e-13,-1.6125874e-14,-2.1128464e-13,1.15506,1.4284809404413617e-15,1.2633436915165246e-15,1.4568311204245668e-15,2.970659434818153e-13,2.399781655387909e-15,2.875913210619937
0.00016102531,0.03362154,0.0005830067,98370.0,0.0,295.4,-2.0130805e-13,1.959994e-14,-3.08238e-13,1.15506,6.953185349727329e-16,1.8978683281100062e-16,1.3055074738635692e-15,3.6867296251122906e-13,1.491253389367044e-15,0.4032236559999844
1.7975756e-20,0.014304616,-0.0009151009,74744.625,0.99960387,192.28888,-6.358369,1520.7775,33.42299,0.094292715,0.0060197041709341,1.4413906467791266,0.0316735767405188,1521.1580225680466,1.4417511744140152,0.6100672666666667
-0.0006470514,0.053163078,0.0006470514,98370.0,0.0,295.4,-2.7945045e-13,9.639035e-14,3.6004802e-14,1.15506,1.2192490629788605e-15,2.791118013830417e-16,7.880694147017794e-16,2.9779187253077314e-13,1.4783521493996353e-15,0.6100459102883323
-0.00059997645,0.023513846,0.0010392044,185210.25,4.6094618e-05,341.30237,-22.2159,191.765,38.636814,1.8810637,0.0598245625935402,0.5164128715980533,0.1040415304028523,196.87601386121312,0.5301753222191915,0.799977090098061
-0.00074549386,0.00868923,0.0027822433,86662.39,0.3067271,253.97087,7.0478225,138.81088,-33.7654,0.23461762,0.0128233562388032,0.190923480876255,0.0477706672849915,143.03228462667408,0.1972263944506067,1.920259111647012
0.0038263933,0.035418462,0.0038263933,98370.0,0.0,295.4,-8.852409e-13,-2.3735203e-14,-8.426504e-13,1.15506,2.5633393484632245e-15,1.757526430882319e-16,2.4400125326324e-15,1.2224052141227233e-12,3.5433400579588107e-15,3.607558199889029
-0.00031057486,0.060575385,-0.001159104,98370.0,0.0,295.4,-4.5360574e-13,2.1257703e-13,1.941235e-13,1.15506,1.370922234415931e-15,8.080368737221556e-16,2.203249376264883e-15,5.372439802332069e-13,2.7178409033867746e-15,0.7999941184450516
-0.0009008322,0.0462,-0.0033619737,98370.0,0.0,295.4,2.3225277e-13,-5.0982347e-14,-2.926013e-13,1.15506,6.725205305190489e-16,9.22839982323422e-16,8.472681698660128e-16,3.770358996700331e-13,1.421893402689674e-15,2.32037983596063
-0.00248237,0.004196923,0.004299605,95147.0,9.268048e-07,294.30786,7.5166225,2.0350862,-12.890312,1.12135,0.0218049271300458,0.0059038345479095,0.0373951094759842,15.059924737736264,0.043688720766767,3.3098347708290348
-0.004149602,0.038787693,0.004149602,98370.0,0.0,295.4,-6.3907924e-14,2.4430138e-13,1.3411506e-13,1.15506,7.909407896666916e-16,7.074089756015198e-16,9.907055087298658e-16,2.859269772838823e-13,1.451727314803942e-15,3.912282284567013
-0.0017618468,0.035418462,0.0017618468,98370.0,0.0,295.4,4.42973e-13,1.6233393e-13,-4.7437575e-13,1.15506,1.3875908841016357e-15,4.700606950777534e-16,1.5601341460080585e-15,6.690364233330705e-13,2.140183186607921e-15,1.6610850929224252
0.0012,0.021716923,-1.6653346e-19,140971.62,0.947555,232.295,380.928,144.14024,0.9289007,0.1562365,0.3380585670499594,0.1284924007180912,0.0430151274603299,407.287874638772,0.3642035049098221,0.7999999999999999
0.0009705788,0.028904615,0.00026006208,98370.0,0.0,295.4,6.213369e-09,1.175336e-07,1.6481672e-09,1.15506,1.7991681928548296e-11,3.403350485452114e-10,4.7724993739329695e-12,1.1770925850760132e-07,3.4084369238283353e-10,0.6698774323920479
0.0006470514,0.06574154,-0.0006470514,98370.0,0.0,295.4,2.6965992e-13,7.1395404e-14,-2.6570087e-13,1.15506,1.058613104509217e-15,2.0673541284843022e-16,8.743534624633019e-16,3.852411303138419e-13,1.388486662984495e-15,0.6100459102883323
0.00153905,0.045301538,0.0026657272,98370.0,0.0,295.4,-1.8193625e-13,6.112992e-15,-4.702443e-16,1.15506,9.295302708523594e-16,2.246758076772931e-16,8.768986334642635e-16,1.8203952555683134e-13,1.2974810042377489e-15,2.0520749831783918
-4.1633363999999997e-20,0.06416923,-0.00045,98370.0,0.0,295.4,2.0262751e-14,2.1358936000000003e-16,1.6804512e-13,1.15506,1.5203031931368225e-15,2.555549985686788e-16,2.2193263530776588e-15,1.6926247975944668e-13,2.702228639071912e-15,0.3
-0.0050100614,0.06484307,-0.0013424361,98370.0,0.0,295.4,5.9071774e-13,-8.335807e-14,2.5216035e-13,1.15506,2.599627136570345e-15,3.422656395761672e-16,8.871847552557632e-16,6.476734194769422e-13,2.76808666901628e-15,3.4578638180467665
0.0035105823,0.05451077,-0.0035105823,98370.0,0.0,295.4,-7.222049e-14,5.9034314e-14,1.71357e-13,1.15506,1.0260951268545403e-15,3.6437751082422763e-16,8.333725672066779e-16,1.951001559566027e-13,1.3711863533166248e-15,3.309808733657956
0.0009626141,0.052713845,0.0016673111,98370.0,0.0,295.4,-9.5250996e-14,6.276932e-14,-9.6677495e-14,1.15506,6.06615685594187e-16,2.1703006414412264e-16,9.14653197982559e-16,1.4953019030192345e-13,1.1187828705030437e-15,1.2834938790837072
0.0024067922,0.0055446154,-0.000644892,96167.23,0.04761474,290.17664,-20.755796,60.01629,5.8966837,0.70682526,0.0479519608873852,0.1362738038114611,0.0138314863775403,63.77718253118086,0.1451249467651995,1.6611287174214255
0.00041642482,0.05293846,0.00025366183,98370.0,0.0,295.4,-7.410904e-14,5.693494e-14,1.2300358e-13,1.15506,1.4018554165024358e-15,1.856494645977628e-16,7.048657152560986e-16,1.5447853538709385e-13,1.5800316481090324e-15,0.3250667997750489
0.00153905,0.012956923,-0.0026657272,81020.79,0.70413715,246.93938,12.437557,128.83344,-26.137615,0.10978275,0.0136218363879248,0.1267971773402575,0.0270689320655978,132.04515517144154,0.1303679626718468,2.0520749831783918
0.0007244437,0.025535384,0.00019411351,98784.81,3.5928056e-18,295.67725,0.0598172,1.0978049,0.015961757,1.1588463,0.0001731039118076,0.0031769375561911,4.619145219739683e-05,1.099549213799172,0.0031819853630204,0.4999994352148855
0.00019411351,0.022166153,-0.0007244437,191478.25,0.85671926,233.783,76.31773,618.584,-290.93875,0.23451613,0.0711500304281938,0.5764414239025641,0.271776207439606,687.8342221930479,0.6412560712780849,0.4999994352148855
-0.0029004794,0.053163078,-0.0029004794,98370.0,0.0,295.4,4.84068e-14,-1.2249266e-16,1.535605e-13,1.15506,8.073467110322939e-16,3.870199086026322e-16,1.0192734034970506e-15,1.610095042255014e-13,1.3566544853225945e-15,2.7345982032425185
0.0004982899,0.050467692,-0.0018596658,98370.0,0.0,295.4,2.626342e-13,8.6085124e-14,8.235388e-14,1.15506,8.021996248295658e-16,2.492715593341425e-16,1.3135873295566669e-15,2.8839128477606565e-13,1.5592216714570725e-15,1.2835107603984124
-0.0022223014,0.012732307,0.0005954578,81677.67,0.6087875,251.10263,49.037334,506.274,-6.440659,0.12601012,0.0702918959333261,0.5327348158092892,0.0139207149145624,508.6840918391117,0.5375324370798392,1.533796090173774
-0.0007924895,0.04417846,0.00045754042,98370.0,0.0,295.4,-4.6222595e-14,-1.0387638e-14,-3.7805154e-14,1.15506,1.065212474101825e-15,1.7302483294724064e-16,7.556118814567835e-16,6.061073321381935e-14,1.317408259878923e-15,0.610057499491838
0.002264169,0.069110766,-0.00392167,98370.0,0.0,295.4,1.5617599e-13,-1.3441852e-13,-4.607509e-14,1.15506,1.5077020715631319e-15,4.4096308025958844e-16,1.5733438463224284e-15,2.1114495563469807e-13,2.2232914414238265e-15,3.0189002301766195
-0.00075,0.024187692,-1.2490008e-19,173676.38,6.391543e-07,336.7444,-15.2571,160.49063,0.011662468,1.7886325,0.0413604563890918,0.435165435220487,0.0055819643244062,161.2142101497882,0.4371622143885136,0.5
-0.0031915514,0.007566154,-0.0018426349,92235.36,0.018605119,283.232,30.49005,-8.132073,17.695175,0.9116794,0.0808942075479613,0.0216783547770399,0.0470211055162068,36.17862599049961,0.09604586531766,2.4568546932603774
0.001007429,0.030027693,0.0037597984,98370.0,0.0,295.4,2.3762698e-12,4.871175e-11,9.531875e-12,1.15506,6.880822601899763e-15,1.410517159863176e-13,2.7600883468276286e-14,4.9692432897177786e-11,1.4389142111534302e-13,2.5949521253287604
-0.0011019303,0.017673846,-0.0011019303,100952.7,0.9155526,243.47675,-27.988997,500.049,-28.628836,0.109294,0.0247232082941843,0.4382725247379364,0.0252249372020584,501.6492764918344,0.4396934618860854,1.0389098500332354
-1.3877788e-20,0.0608,-0.00015293711,98370.0,0.0,295.4,-2.6345886e-14,4.809925e-14,3.6207013e-13,1.15506,5.359355998586061e-16,4.800417358124134e-16,1.048424875991322e-15,3.6619997623962843e-13,1.2715587897989686e-15,0.1019580733333333
0.0030503666,0.06664,-0.0030503666,98370.0,0.0,295.4,3.5095703e-13,1.02533664e-13,-3.6167995e-13,1.15506,1.3186624672534612e-15,1.0459490220526953e-15,1.3198533385049194e-15,5.142921109561066e-13,2.138899926232772e-15,2.875913210619937
0.00029804165,0.0059938463,-0.00014174538,61949.562,0.99999934,167.0005,-502.24063,2038.8813,232.58354,0.08894388,0.5084554853202988,2.077862650287547,0.2349066549786158,2112.670752623659,2.1520272559996845,0.2200207847616693
-0.004313942,0.021941539,1.5224762e-19,138783.88,2.5546516e-13,319.1195,-59.87355,88.48947,-0.114127636,1.50842,0.1668064649352952,0.2465111531881663,0.0218316284176804,106.84213267995308,0.2984439066051393,2.8759613333333336
-0.0028192918,0.029353846,-0.0048831706,98370.0,0.0,295.4,-2.3270772e-11,1.6510984e-10,-4.0860062e-11,1.15506,6.738379099038466e-14,4.780987583816787e-13,1.183160497330696e-13,1.716750790328795e-10,4.971093297040168e-13,3.7590637937450806
1.0156928e-19,0.008913846,0.0010996894,78677.23,0.9965604,198.9295,-1.84178,1320.3151,73.38635,0.09623825,0.0077242093163526,1.2328827915922616,0.0685620995393109,1322.3543064579558,1.2348118896038898,0.7331262666666666
0.0022223014,0.06282154,-0.0005954578,98370.0,0.0,295.4,2.4683207e-13,-2.99691e-14,-1.3153179e-13,1.15506,1.3112244195196092e-15,3.3487343653812536e-16,6.638727367587549e-16,2.812913605425858e-13,1.507374109985623e-15,1.533796090173774
0.00028127836,0.038787693,-0.00028127836,98370.0,0.0,295.4,2.0869424e-13,-1.31521965e-14,-1.6476532e-13,1.15506,1.056671307000255e-15,6.546169041590028e-17,7.597248369985309e-16,2.662214806446967e-13,1.3030814678684442e-15,0.2651917810093745
-0.0027523169,0.024636922,-0.0027523169,100334.39,4.3787725e-23,296.70688,-0.92525816,4.9819536,-0.92423964,1.1729238,0.0026718308601493,0.0143866378322246,0.0026689039728945,5.150745892329272,0.0148740403615619,2.594909258619116
-0.00035669186,0.056083076,0.001331215,98370.0,0.0,295.4,-6.747508e-14,2.6019666e-14,-3.169616e-13,1.15506,5.05226790418038e-16,1.913556974608154e-16,1.068000987949179e-15,3.251070059446858e-13,1.1968697602359454e-15,0.9187823969714264
0.00023684214,0.01408,-0.0008839167,72976.27,0.9995429,190.6485,-9.758604,1537.2025,9.660678,0.0928572,0.0092851474163511,1.4631962490820407,0.0111239786477869,1537.2638306607291,1.4632679932914727,0.6100648168910395
0.0018984762,0.046873845,-0.0018984762,98370.0,0.0,295.4,-3.0169682e-13,1.7715812e-13,4.706301e-13,1.15506,1.4800324338493439e-15,5.995077943549699e-16,1.3627756235086522e-15,5.864287354027399e-13,2.0993005980010986e-15,1.7899005265883576
0.0012849732,0.048446152,0.004795607,98370.0,0.0,295.4,6.704746e-14,6.034297e-14,-4.16009e-13,1.15506,8.333927394614827e-16,2.933463979320627e-16,1.7089961201584597e-15,4.256760787287354e-13,1.9238667589216e-15,3.309850793761437
1.5513156999999998e-19,0.069110766,0.0036853154,98370.0,0.0,295.4,5.6492632e-14,2.8021124e-14,2.0955746e-13,1.15506,2.998940720594432e-16,2.4200814373848663e-16,8.248278875280012e-16,2.188399641339817e-13,9.10409490359172e-16,2.456876933333333
0.0012458276,0.014978462,0.0021578514,83059.77,0.7021493,252.325,-4.631462,328.01886,6.120363,0.111169375,0.0343484303179788,0.3217036119210416,0.061226134989688,328.1086432863493,0.3292744572452116,1.6611119533351038
0.00035669186,0.03362154,0.001331215,98370.0,0.0,295.4,4.348563e-14,1.3088093e-13,-2.3950224e-13,1.15506,7.353718780928067e-16,4.166872269741825e-16,1.3505361217020928e-15,2.763731912092405e-13,1.5932193383948444e-15,0.9187823969714264
0.0016673111,0.06731384,-0.0009626141,98370.0,0.0,295.4,-1.1327646e-13,2.04818e-14,-4.4573164e-14,1.15506,8.59481216512762e-16,1.5419010477640675e-16,5.9385194981980565e-16,1.2344159538155076e-13,1.0560031667821841e-15,1.2834938790837072
0.00041642482,0.012732307,-0.00025366183,77979.73,0.99995965,180.72412,115.152336,1868.7838,-80.20414,0.104599,0.1124589118398213,1.8256404068736736,0.0783422086243741,1874.045265115503,1.8307778138578732,0.3250667997750489
-0.0026849245,0.030476922,1.8747665e-19,98370.0,0.0,295.4,-2.166154e-12,1.3726396e-11,-1.3350118e-14,1.15506,6.2724028257995975e-15,3.9746707982250756e-14,1.0096175267803217e-15,1.3896271029531002e-11,4.025125041766773e-14,1.7899496666666668
-0.0006890677,0.058104616,0.0011935149,98370.0,0.0,295.4,-6.151592e-14,-1.00135036e-13,-2.1620173e-13,1.15506,9.116508296756117e-16,1.2994390258397626e-15,8.626496818584842e-16,2.460780809075864e-13,1.806602748457493e-15,0.9187653821431114
-0.0007244437,0.067987695,-0.00019411351,98370.0,0.0,295.4,-5.141792e-14,5.29863e-14,-6.1589e-14,1.15506,9.208988402993035e-16,2.3157898989611884e-16,6.149189258005499e-16,9.614861104465525e-14,1.1312863421493302e-15,0.4999994352148855
0.0013424391,0.019695384,-0.0023251872,101303.0,0.022998232,272.91525,53.227825,3.375748,-92.0855,1.0016379,0.1406693684894522,0.0163702008222413,0.2432814416916142,106.41586507208466,0.2814990489819318,1.7899271558427734
-0.00044156975,0.014753846,0.0001279371,72903.984,0.99997574,178.40463,74.99521,1883.295,-36.008114,0.09906049,0.0736933658963394,1.8517732882506928,0.0353970319610071,1885.131539925472,1.8535770750437013,0.3064867194305833
0.0014401756,0.015427692,0.0024944716,80639.17,0.45578438,251.42188,37.134563,28.996784,71.27784,0.15780938,0.0434274931658587,0.0667787651252031,0.0837089356653797,85.44190849114517,0.1155531762633482,1.9202423830851167
1.5183822e-19,0.008015385,0.0013781823,92322.46,0.75875485,244.44638,0.6567497,781.94586,203.91287,0.121745996,0.0267709360830987,0.7484711326511023,0.2003786782871394,808.0966636751726,0.7752917735555371,0.9187882
0.004795607,0.041033845,0.0012849732,98370.0,0.0,295.4,-2.3216523e-13,-2.3066616e-14,-1.680368e-13,1.15506,1.307249222181017e-15,2.2172010886414463e-16,6.814975549936128e-16,2.875223972995571e-13,1.490804901061797e-15,3.309850793761437
0.0010559278,0.0073415386,-0.0018289352,93671.836,0.1705375,289.81952,-34.24704,264.69638,47.23855,0.35752785,0.0564212689024598,0.4399680500577236,0.0773970036412912,271.05075897323826,0.4502727404904824,1.407912163392128
0.0017402662,0.015876923,0.0030142437,86514.79,0.13295868,252.88576,74.82396,-64.32188,130.13803,0.48288962,0.1407194863892505,0.123837592270152,0.2446151324820242,163.3151434775627,0.3081789839494593,2.3203631449363105
0.0017618468,0.023963077,-0.0017618468,156513.88,2.5719468e-11,328.49887,24.090187,124.05975,-24.0587,1.652415,0.0661251009874582,0.3405925533942203,0.0660476146064843,128.6467245033758,0.3531828192358782,1.6610850929224252
-0.0009523381,0.060126156,0.0005498259,98370.0,0.0,295.4,-1.1556988e-13,1.4924986e-14,8.52348e-14,1.15506,1.6476762230916672e-15,3.2941909319457783e-16,1.3964897733188782e-15,1.4437494069731978e-13,2.1848426858899867e-15,0.7331079584049207
-0.0015386239,0.0013214605,-0.00040611275,94725.45,1.87491e-05,293.58063,8.563913,16.441513,2.2294488,1.1188837,0.024871794852637,0.0477517097284861,0.0064747194288495,18.67175400310746,0.0542287188938442,1.0608782674670545
0.002372638,0.01655077,-0.0041095437,94455.914,6.526704e-06,293.17,29.029388,-7.0048113,-50.195274,1.1174275,0.0843837884578067,0.0203665067695566,0.1458888024650595,58.40666298409992,0.1697614827844508,3.1635254947783733
-1.3285194e-19,0.06686462,-0.0024917016,98370.0,0.0,295.4,-1.0587588e-13,-2.3548177e-13,3.255756e-13,1.15506,7.715799729780744e-16,9.178876640297402e-16,1.3908662382387017e-15,4.1552477336913053e-13,1.8363992787929037e-15,1.6611344
0.00074549386,0.058104616,-0.0027822433,98370.0,0.0,295.4,-3.063639e-15,-3.0531933e-13,9.960244e-15,1.15506,5.82420763838998e-16,9.289176316620687e-16,1.5301230281354185e-15,3.0549711228767904e-13,1.8823863561431203e-15,1.920259111647012
0.0024067922,0.048895385,0.000644892,98370.0,0.0,295.4,2.343356e-13,3.0936764e-14,1.3910954e-13,1.15506,9.014265120875965e-16,6.800923180089816e-16,4.882381938050375e-16,2.742657851668037e-13,1.2302324380373186e-15,1.6611287174214255
-0.0012849732,0.021492308,-0.004795607,131828.62,8.418858e-15,315.38712,-14.376135,72.82899,-54.43134,1.4497987,0.040294450686289,0.2040835382368591,0.1525363778147846,92.05164754719996,0.2579555773621497,3.309850793761437
0.004299605,0.059676923,-0.00248237,98370.0,0.0,295.4,-2.576833e-13,1.442738e-13,3.415175e-13,1.15506,1.3661741830429462e-15,4.2703326730053673e-16,1.0798067874271328e-15,4.514973037257033e-13,1.7929785297008265e-15,3.3098347708290348
0.0008703744,0.05204,0.0015075472,98370.0,0.0,295.4,2.0352108e-13,7.277885e-14,2.8259122e-13,1.15506,6.759831466811841e-16,8.450608884252666e-16,8.517250489236396e-16,3.557743507235693e-13,1.3771407621253072e-15,1.160507581746156
0.0039870623,0.015427692,-0.0039870623,91798.85,4.7357958e-08,291.3679,28.939625,-21.233812,-29.020275,1.0928125,0.0843718758862046,0.0619136275434038,0.0846159303861567,46.1579140372222,0.1345799628148832,3.759038385790977
-0.0009705788,0.04507692,0.00026006208,98370.0,0.0,295.4,-7.424423e-14,-3.5939672e-14,-4.1609012e-13,1.15506,1.0390347594420385e-15,2.1107756381643911e-16,1.2048473999602528e-15,4.2418728608171996e-13,1.604931221724607e-15,0.6698774323920479
0.002838977,0.028006153,-0.0016390758,98370.0,0.0,295.4,3.9399075e-07,2.597695e-06,-2.2676922e-07,1.15506,1.1408555561772419e-09,7.521990675963074e-09,6.56642104482696e-10,2.6371712692295834e-06,7.636299757259099e-09,2.185442735178454
-0.004491879,0.030252308,0.0025933797,98370.0,0.0,295.4,-2.409065e-13,2.946025e-12,-6.8030745e-14,1.15506,1.6545855950127893e-15,8.530629321196172e-15,1.3159708833806573e-15,2.956641240433561e-12,8.788689860996425e-15,3.4578474498201968
0.0018426349,0.026658462,-0.0031915514,98370.375,0.0,295.4,9.193782e-05,0.0009424854,-0.0001592608,1.15507,2.662188832675301e-07,2.729098796691209e-06,4.6116201558313844e-07,0.0009602579311706,2.780561659184403e-06,2.4568546932603774
0.0011165227,0.0050953845,0.0041669416,95091.33,3.42204e-05,294.48486,-5.1388903,2.63447,-19.4393,1.1195238,0.0149024264981356,0.0076390763958008,0.0563635358225797,20.27893020320189,0.0587986902416749,2.8759558980875943
-0.0024723287,0.00045,-0.0006716765,94320.83,1.07565576e-07,293.30426,13.392175,2.698075,3.5509648,1.11543,0.0389172225641346,0.0078405060288428,0.010318874724881,14.115215582735145,0.0410183242281117,1.7079628569336225
-0.0013496222,0.0030738462,0.0007791963,94107.484,0.027031507,301.2209,-39.130306,107.14501,23.958298,0.8503285,0.0937242356968574,0.2627276893586033,0.0567896861370155,116.55571225216951,0.284666716642834,1.0389368404857235
0.0012281717,0.06237231,-0.0045836214,98370.0,0.0,295.4,1.7689898e-13,-1.8314221e-14,3.047177e-13,1.15506,6.88558640575697e-16,3.1522918274584574e-16,1.452199746580105e-15,3.5281941061847386e-13,1.6377931930293846e-15,3.163541676540452
-0.0013781823,0.047323078,1.5183822e-19,98370.0,0.0,295.4,3.053335e-13,1.6432368e-15,-1.046471e-13,1.15506,1.3909723292884352e-15,2.7806172225154995e-16,5.786978000114893e-16,3.227727714474084e-13,1.5319965685228316e-15,0.9187882
-2.0375435e-19,0.046424616,-0.005186804,98370.0,0.0,295.4,-7.601351e-15,-2.7190367e-13,7.284548e-13,1.15506,2.4029175452925123e-16,9.1748831218815e-16,2.1093430784912778e-15,7.775832958207978e-13,2.312758775375345e-15,3.457869333333333
-0.0029342247,0.050243076,0.00508224,98370.0,0.0,295.4,1.1407876e-13,-5.8326824e-14,-1.1334126e-14,1.15506,4.2929359139188814e-16,3.74372507438253e-16,9.916261982037684e-16,1.286252086227597e-13,1.1435778412070644e-15,3.912307532088964
-0.0023251872,0.009138461,0.0013424391,86754.44,0.42524162,252.95975,0.8646374,236.14224,-2.5589123,0.180929,0.0305789595046196,0.2850905615853945,0.0209191638562973,236.15768702756677,0.2874879345049238,1.7899271558427734
-0.004745321,0.053612307,1.5026859e-19,98370.0,0.0,295.4,4.871048e-13,-2.1369908e-14,-1.7102574e-14,1.15506,1.4104803602695596e-15,5.345436210743428e-16,3.7414360097104926e-16,4.878731978582077e-13,1.5540833837619528e-15,3.1635473333333333
0.00014174538,0.05788,0.00029804165,98370.0,0.0,295.4,-1.2032613e-13,-1.9298251e-14,7.208288e-14,1.15506,5.706078753599094e-16,8.838761549611512e-16,9.592695875503701e-16,1.415865164538287e-13,1.423737527190569e-15,0.2200207847616693
0.00015012702,0.057655383,0.00015012702,98370.0,0.0,295.4,8.365688e-14,3.1452392e-15,2.3830039e-14,1.15506,8.67793389769588e-16,2.6651036831608597e-16,1.1509448026005072e-15,8.704158121094273e-14,1.465867348152925e-15,0.1415411118417712
-1.4617036e-19,0.014753846,-0.0056386283,89715.55,2.3828824e-07,289.95,0.030085027,-28.584324,-35.56719,1.07323,0.0136482561530692,0.083547995862693,0.1039516204663092,45.62991878298629,0.1340614855439993,3.759085533333333
-0.0009151009,0.018796923,-1.7975756e-20,98668.94,0.9990941,216.97188,19.099516,1094.1,3.2482288,0.1103735,0.0170733793376524,0.976391663036264,0.0030442601609857,1094.2715168100517,0.976545670948705,0.6100672666666667
-0.00544649,0.00824,0.0014593768,92554.766,1.5532102e-06,292.65802,19.278625,-14.938175,-5.396175,1.0969375,0.0560841707200669,0.0434571493602858,0.0157013703995154,24.978654064057874,0.0726669874723218,3.7590799089658
-0.0015075472,0.054735385,-0.0008703744,98370.0,0.0,295.4,9.0373354e-14,9.133615e-15,-6.308679e-14,1.15506,7.04924544560935e-16,4.841112389634188e-16,8.539100233383145e-16,1.1059253640586079e-13,1.2084885738693514e-15,1.160507581746156
-0.002372638,0.042606153,0.0041095437,98370.0,0.0,295.4,1.4195096e-13,9.306918e-14,-1.4708537e-13,1.15506,1.00535633815461e-15,4.316150673851248e-16,1.521273543712211e-15,2.24601988813169e-13,1.873847946835661e-15,3.1635254947783733
0.0010616601,0.05451077,-0.0039621918,98370.0,0.0,295.4,-3.5146351e-13,1.2008942e-13,8.8698737e-13,1.15506,1.0177119711501264e-15,5.173237202854597e-16,2.568396507847937e-15,9.6161045241666e-13,2.810697797579409e-15,2.734640827760201
-0.0024944716,0.023289232,0.0014401756,160644.12,1.6227025e-10,330.21136,-44.68396,133.28763,25.695625,1.6874137,0.1223749848692156,0.3650356179727538,0.0703752141176979,142.90736067970442,0.3913812847756045,1.9202423830851167
1.5126382999999998e-19,0.03699077,0.0045283833,98370.0,0.0,295.4,5.743935e-14,8.1812026e-14,-9.865275e-13,1.15506,6.308552502207764e-16,6.735947383450259e-16,3.2160054871117866e-15,9.915790411171957e-13,3.345803268482823e-15,3.0189222
-0.0008703744,0.06461846,0.0015075472,98370.0,0.0,295.4,-1.8441885e-13,9.83885e-15,-5.6815392e-14,1.15506,8.976192917845336e-16,1.1901538703580797e-16,7.440792857162696e-16,1.9322293852635266e-13,1.1719808184296724e-15,1.160507581746156
0.00021488206,0.06551693,0.0008019567,98370.0,0.0,295.4,7.662912e-15,8.142501e-14,-5.7589526e-14,1.15506,4.507870492888824e-16,2.357775585646988e-16,1.3006420017930905e-15,1.0002652637537965e-13,1.3965921515451978e-15,0.5534975051172251
-0.0021119022,0.06753846,1.6234991999999998e-19,98370.0,0.0,295.4,-3.0378998e-13,-5.244105e-14,-3.9179123e-14,1.15506,1.613411026978954e-15,3.739382324801725e-16,3.9854937484757004e-16,3.107626415007957e-13,1.703457233944858e-15,1.4079348
-0.0023728441,0.0021034353,0.004115465,94744.02,2.4781661e-09,293.25476,7.078809,1.194865,-12.142088,1.120625,0.0205722882746374,0.0034725323589675,0.0352875639669953,14.105585426576594,0.0409937763149925,3.167013404815318
0.00045754042,0.0030738462,-0.0007924895,75206.734,1.0004742,173.53561,426.659,1761.4812,-737.7681,0.104506515,0.4284219490519722,1.7632614333220356,0.7411605534877563,1956.822855961175,1.9600906139045324,0.610057499491838
0.0026058601,0.011384616,0.0026058601,83281.0,0.45718825,248.15025,31.522087,-81.182,33.430424,0.17143238,0.0390443332033463,0.0984106519020445,0.0412776786416602,93.2831835951976,0.1136352195277655,2.45682846337794
-0.0018984762,0.018347692,-0.0018984762,102281.4,0.17311847,247.07962,-99.875175,-3.9615374,-99.30996,0.49284285,0.1745529942521421,0.0214569847808409,0.1733676985753021,140.90142836413625,0.2469524426029643,1.7899005265883576
0.000796675,0.013855385,-0.002973254,80006.5,0.6465459,251.125,20.034245,110.14851,-72.48073,0.116774,0.0201201215467936,0.1095671290714767,0.0736185788085436,133.36986709625612,0.1335270392460385,2.0520916596531995
0.0033619737,0.01116,0.0009008322,79901.3,0.5949996,243.48225,3.309321,-32.97494,6.520726,0.12826775,0.0213939551946832,0.0480823772604788,0.0093635076061593,33.775999482646206,0.0534536396944279,2.32037983596063
0.0024944716,0.053163078,-0.0014401756,98370.0,0.0,295.4,2.5002559e-13,2.639239e-13,3.4001632e-13,1.15506,1.4073512050060094e-15,7.88547629218711e-16,1.361514365203229e-15,4.977747668498278e-13,2.1109633214324374e-15,1.9202423830851167
0.002050962,0.007566154,-0.0035523847,93168.734,0.0033675288,290.7975,-17.870037,-12.85205,30.30115,1.0640675,0.0510204885954578,0.0367085550064124,0.0864987674307467,37.45227767314518,0.1069235476133131,2.7346242628142687
0.00014174538,0.028006153,0.00029804165,98370.0,0.0,295.4,7.1392215e-08,1.0200895e-05,1.5156172e-07,1.15506,2.0672617763040807e-10,2.9538124384256863e-08,4.3886823779343934e-10,1.0202270659238413e-05,2.9542107798572732e-08,0.2200207847616693
-0.0022223014,0.047772307,-0.0005954578,98370.0,0.0,295.4,-2.1563177e-13,9.001541e-14,-8.933945e-14,1.15506,1.1986728412650898e-15,3.598229547140841e-16,6.187127981879726e-16,2.5016269025796693e-13,1.396099805088192e-15,1.533796090173774
-0.001331215,0.04170769,-0.00035669186,98370.0,0.0,295.4,1.2758186e-13,-2.8596923e-14,-7.294266e-14,1.15506,9.168478053877805e-16,2.458673834168501e-16,6.59568017562397e-16,1.4971822418798296e-13,1.1558938698097798e-15,0.9187823969714264
-0.0011503282,0.047772307,0.0019924412,98370.0,0.0,295.4,2.4275162e-13,-6.0117574e-14,-2.614998e-13,1.15506,1.2331052301615886e-15,3.0901876890709945e-16,1.4894398453263713e-15,3.6183506894206633e-13,1.958180829503386e-15,1.533779196505254
0.0010559278,0.036766153,0.0018289352,98370.0,0.0,295.4,-2.7605205e-13,1.3166488e-14,-8.5066e-14,1.15506,1.0355170610918857e-15,1.7101772111039046e-16,1.0072634348232797e-15,2.891613996913431e-13,1.454689751073458e-15,1.407912163392128
-0.0025934312,0.051141538,-0.00069490174,98370.0,0.0,295.4,7.529132e-14,-1.4796507e-13,-3.4426224e-14,1.15506,1.0277433787515245e-15,5.381364628825129e-16,3.1686305965786e-16,1.6955120084017537e-13,1.2026011407890158e-15,1.7899439863847344
0.00074549386,0.034070767,0.0027822433,98370.0,0.0,295.4,-1.520589e-13,1.47641e-13,-3.441545e-14,1.15506,1.0180083283260703e-15,4.5692092546132e-16,9.105000521448944e-16,2.147188793490514e-13,1.440183333336949e-15,1.920259111647012
-0.00050239643,0.020369232,0.00087018503,100690.484,0.9984545,222.09274,-2.4195163,977.8509,4.915312,0.110087246,0.0022810702941014,0.8625975256441291,0.0043423990810488,977.8662469796128,0.8626114716132864,0.6698670379885004
-0.0036853154,0.065292306,1.5513156999999998e-19,98370.0,0.0,295.4,-1.6772216e-13,-1.5354494e-15,-1.45059e-14,1.15506,6.084688510056638e-16,2.3010691993896107e-16,1.19482884390875e-16,1.683552841307203e-13,6.614073607923572e-16,2.456876933333333
0.0009626141,0.014304616,-0.0016673111,76595.555,0.33552524,262.6215,-34.82496,650.07477,66.14774,0.1892745,0.0457767519137236,0.8660462374199761,0.088809737733293,654.3588525699504,0.8717905516127853,1.2834938790837072
-0.00071900955,0.010486154,-0.0004151182,79922.79,0.99960786,187.44063,157.6615,1615.5575,90.62353,0.10342938,0.151360704317647,1.5504814002149343,0.0869926476204013,1625.7600710369782,1.5602789353074036,0.5534930905771464
0.0012308755,0.06619077,-0.0012308755,98370.0,0.0,295.4,-1.7697156e-13,-6.76563e-14,2.5141307e-13,1.15506,1.3423075923582773e-15,3.2500263253423526e-16,9.676570029865045e-16,3.1480921165897996e-13,1.6863500404974297e-15,1.160480550461843
-1.6320611e-19,0.034070767,-0.0019252748,98370.0,0.0,295.4,4.0020162e-14,1.7117777e-13,3.2175854e-13,1.15506,6.846259289563264e-16,5.277506959743794e-16,1.0026595496463025e-15,3.66649697083757e-13,1.3238427520659998e-15,1.2835165333333334
-0.004491879,0.065292306,0.0025933797,98370.0,0.0,295.4,3.1459874e-13,-1.8393453e-13,-4.2563088e-13,1.15506,1.7366024241785789e-15,5.326082901165139e-16,1.4020941184517513e-15,5.603266230918204e-13,2.2946301417354277e-15,3.4578474498201968
0.0015075472,0.008015385,-0.0008703744,87474.46,0.15183844,310.9715,82.47784,458.97287,-54.629276,0.34346974,0.1306157331884125,0.7597777388090754,0.0866407062023491,469.5136284320048,0.7757765748702521,1.160507581746156
-0.0011503282,0.011833847,0.0019924412,82219.125,0.58001876,250.637,24.72477,469.26862,-41.844376,0.13166925,0.0296490865216428,0.5017019344005376,0.0539555033198153,471.77887168787737,0.5054652269457354,1.533779196505254
-0.004795607,0.02239077,-0.0012849732,141656.5,2.6447502e-17,320.51788,-48.779377,90.4224,-13.125917,1.5329725,0.1355997480250311,0.2513586439954064,0.0364837743207684,103.57571018032664,0.2879227767377047,3.309850793761437
-1.8747665e-19,0.032273848,-0.0026849245,98370.0,0.0,295.4,9.762141e-14,1.5770949e-14,-7.578325e-14,1.15506,3.589983514082949e-16,5.106511137514386e-16,8.35065074448008e-16,1.2458636965298896e-13,1.0425823971525297e-15,1.7899496666666668
0.004491879,0.05653231,0.0025933797,98370.0,0.0,295.4,-2.5663716e-13,-4.1360643e-14,-4.9033764e-13,1.15506,1.3963897852070764e-15,3.376621879144235e-16,1.4198414564384125e-15,5.549813833661528e-13,2.0198687944515047e-15,3.4578474498201968
0.004491879,0.05990154,-0.0025933797,98370.0,0.0,295.4,-4.0262975e-13,1.0994951e-13,4.1915324e-13,1.15506,1.9270060329698586e-15,4.680395648942617e-16,1.4457512878098265e-15,5.915142001142493e-13,2.4541006645230374e-15,3.4578474498201968
-0.00031432978,0.056083076,0.0005329707,98370.0,0.0,295.4,-6.694131e-14,4.1031818e-14,-4.4336044e-13,1.15506,6.341284364750877e-16,1.3432928613456158e-16,1.6247114164471317e-15,4.5025906857041195e-13,1.7492428127030864e-15,0.4125050721052952
0.0035105823,0.042156924,0.0035105823,98370.0,0.0,295.4,-1.0902162e-14,1.3682539e-13,-1.5066873e-14,1.15506,1.0033587195808889e-15,5.512107831957531e-16,9.138246823090944e-16,1.380835078744905e-13,1.464799507669085e-15,3.309808733657956
-0.00392167,0.039686155,-0.002264169,98370.0,0.0,295.4,-2.6806863e-13,-9.0432524e-14,8.2700814e-14,1.15506,1.809106038090432e-15,3.4864821568131326e-16,1.2116261482842978e-15,2.9475117713649605e-13,2.2050982197079718e-15,3.0189002301766195
-0.0003036618,0.038113847,2.8622937e-20,98370.0,0.0,295.4,-4.048265e-13,-9.039695e-14,-5.782251e-14,1.15506,1.172232004626389e-15,2.6175706080083776e-16,7.3368938523732e-16,4.1880729021144393e-13,1.4074603886288993e-15,0.2024412
-0.0014593768,0.018796923,-0.00544649,107515.375,1.2173295e-12,301.499,-12.784203,21.31875,-48.0703,1.2369038,0.036645915371263,0.0611010149781351,0.1377782512972404,54.11726794654096,0.1551099728427594,3.7590799089658
0.0013496222,0.06214769,-0.0007791963,98370.0,0.0,295.4,2.7978629e-13,-2.9315163e-14,-4.0342697e-13,1.15506,9.850815799908775e-16,2.765289973354991e-16,1.1681794182270025e-15,4.9182625690081e-13,1.5528995971323702e-15,1.0389368404857235
0.0037359586,0.011384616,-0.0021569484,82501.81,0.0288249,272.5566,3.1402578,-69.68205,-0.4853875,0.7746895,0.0102503995763677,0.1793416360868078,0.0054334905206473,69.75446159406664,0.1797164876827003,2.875939503395293
0.0014593768,0.021941539,0.00544649,136051.88,7.693254299999999e-19,317.56924,12.915487,78.649185,47.59189,1.4859912,0.0360609125698991,0.2196438359124405,0.1329125087930795,92.83044812658989,0.2592480261513584,3.7590799089658
0.00083024846,0.029353846,7.986765e-20,98370.0,0.0,295.4,5.8412486e-10,1.2885597e-08,5.1400117e-13,1.15506,1.691415589351448e-12,3.7312054241539435e-11,2.180144379893405e-13,1.2898829875716487e-08,3.7351008135184976e-11,0.5534989733333333
0.004491879,0.01116,-0.0025933797,86969.664,9.6603726e-05,288.08075,-7.0262938,-47.507137,4.2140775,1.045795,0.0205911898608019,0.1392134910389801,0.0123463641219711,48.20845693108932,0.1412686302551846,3.4578474498201968
0.0006890677,0.018796923,-0.0011935149,98044.79,0.9631884,232.13126,-3.6328125,575.68353,3.3433511,0.10606525,0.0064247812635687,0.5045790705327308,0.0105269492352247,575.7047003772846,0.5047297622432823,0.9187653821431114
-0.0014593768,0.04170769,0.00544649,98370.0,0.0,295.4,6.967324e-15,1.6374622e-14,-7.8893746e-14,1.15506,6.593867809085309e-16,2.617512754879286e-16,1.0400416749119049e-15,8.087579988647022e-14,1.25896439290793e-15,3.7590799089658
0.000644892,0.024412308,0.0024067922,126825.0,1.1102771e-13,313.04776,3.9593213,65.548584,14.649677,1.4033338,0.0110974060016363,0.1837495014149623,0.0410580367580795,67.28228686486524,0.1886075132984903,1.6611287174214255
-0.00035669186,0.026658462,-0.001331215,98371.48,2.8536e-41,295.401,-7.70151e-05,0.00391075,-0.00028763874,1.155075,2.2300766509952201e-07,1.1324106571085665e-05,8.32896988354493e-07,0.0039220699806195,1.1356885111913773e-05,0.9187823969714264
-0.0038263933,0.052264616,-0.0038263933,98370.0,0.0,295.4,6.9869213e-13,9.998402e-14,7.3120427e-13,1.15506,2.0231611686356285e-15,1.2823489233134385e-15,2.1173046366456028e-15,1.0162810542588749e-12,3.1969639972572705e-15,3.607558199889029
-1.8747665e-19,0.009138461,-0.0026849245,87213.23,0.42707425,253.25674,-1.5605884,233.47287,-0.22180009,0.18147075,0.006387893382624,0.2812356732671135,0.0374123242529957,233.47819096753136,0.2837851143134285,1.7899496666666668
-0.0001279371,0.030926153,-0.00044156975,98370.0,0.0,295.4,3.3172158e-13,3.3033901e-12,1.3681336e-13,1.15506,1.0651767422065614e-15,9.565429923250896e-15,1.475238661028869e-15,3.322821580357603e-12,9.73695949543571e-15,0.3064867194305833
0.0035523847,0.004196923,-0.002050962,95211.625,4.1606985e-05,294.43152,-15.2124,3.5148313,8.782188,1.1210325,0.0441106614936516,0.0101919984449536,0.0254635515161454,17.91362550950543,0.0519424657243458,2.7346242628142687
-0.0035105823,0.0024,-0.0035105823,94816.11,3.913251e-09,293.29987,9.863792,0.9501734,9.7873335,1.1213063,0.028664221765908,0.002761202959304,0.0284416610660106,13.92799767193956,0.040474559113367,3.309808733657956
0.0027993415,0.0017471564,-0.000746372,94662.586,1.5268697e-06,293.52826,-16.202988,5.9531264,4.2615175,1.118595,0.047066621777728,0.0172926886966259,0.0123791971052485,17.780243684081704,0.0516483154507163,1.9314225035226984
0.0026849245,0.04956923,-1.8747665e-19,98370.0,0.0,295.4,-1.13596226e-13,-4.280501e-14,-3.3596152e-14,1.15506,4.0555652499520206e-16,4.590911633472922e-16,2.7446617733486927e-16,1.2595663091616212e-13,6.712469543547815e-16,1.7899496666666668
-1.0156928e-19,0.027781539,-0.0010996894,98370.0,0.0,295.4,-2.5338842e-11,2.5557363e-05,-1.513709e-06,1.15506,5.726466659728291e-10,7.400493367521095e-08,4.383156973902234e-09,2.56021506606592e-05,7.41368342831975e-08,0.7331262666666666
0.0013613222,0.014304616,-0.0013613222,76240.65,0.33212674,262.44562,-45.717945,648.81775,46.42834,0.18952712,0.0607723378847891,0.8657072755265908,0.0643100324448956,652.0814320046547,0.8702172971302737,1.283466878666386
-0.0009523381,0.005769231,-0.0005498259,90359.71,0.9930404,206.53175,178.92662,1275.5125,98.631836,0.10687637,0.1640986987010131,1.1713170305830112,0.0904397336968987,1291.772082092505,1.1862087988547103,0.7331079584049207
-0.00031432978,0.060575385,-0.0005329707,98370.0,0.0,295.4,-2.3757465e-14,9.9540466e-14,3.444757e-13,1.15506,5.79937535849174e-16,5.1680374359665555e-16,1.4652248061956044e-15,3.593552968932188e-13,1.6584020584807765e-15,0.4125050721052952
-0.0009008322,0.008464616,-0.0033619737,91368.9,0.11452277,268.69763,7.415,4.063094,28.484463,0.4813765,0.0146826309188477,0.0230894082072247,0.0557664300929783,29.71288592936077,0.0621175912876054,2.32037983596063
-0.0005498259,0.031375386,0.0009523381,98370.0,0.0,295.4,-2.956545e-13,1.9855312e-13,3.1323536e-14,1.15506,1.2974744819643273e-15,1.3069006336242677e-15,2.192069424318737e-15,3.57513760210048e-13,2.8629700764327225e-15,0.7331079584049207
-0.00016102531,0.031824615,0.0005830067,98370.0,0.0,295.4,9.8123305e-14,3.7571275e-14,-3.019085e-13,1.15506,6.534561419814646e-16,5.510489115508583e-16,1.3448403876337016e-15,3.196694011967656e-13,1.5935041577057308e-15,0.4032236559999844
-4.0129963e-20,0.054735385,-0.0010048215,98370.0,0.0,295.4,-5.8796765e-14,1.04781425e-13,-3.170025e-13,1.15506,6.538490514923629e-16,4.558554714852019e-16,1.3628158153375085e-15,3.390085420837443e-13,1.5787937609309508e-15,0.6698810000000001
-0.0016673111,0.004196923,-0.0009626141,92816.766,0.022638962,323.348,-6.5088997,164.44,-4.894699,0.76797026,0.0358955732831443,0.3963846586294907,0.0221758631553006,164.6415423081467,0.3986239564863432,1.2834938790837072
-0.00410197,0.06753846,1.5322009e-19,98370.0,0.0,295.4,-4.041762e-14,-2.6501835e-14,-6.211578e-14,1.15506,2.32493185103346e-15,2.767082919085688e-16,6.772576587797743e-16,7.870388421062855e-14,2.4373250762129965e-15,2.7346466666666664
-0.0041669416,0.026883077,0.0011165227,98370.05,0.0,295.4,-4.1440486e-05,0.00018899071,1.109464e-05,1.15506,1.1999675213351853e-07,5.472491519199049e-07,3.2126089012247055e-08,0.0001937985897341,5.61171043795803e-07,2.8759558980875943
-0.0016814725,0.038787693,-0.0004505431,98370.0,0.0,295.4,-1.38127755e-14,-5.851145e-14,-2.4399788e-13,1.15506,5.809535097639376e-16,2.612304237973733e-16,7.065301132961161e-16,2.5129534017289363e-13,9.512797253272118e-16,1.1605245659162278
0.0004982899,0.050467692,0.0018596658,98370.0,0.0,295.4,1.2634299e-13,1.1968664e-13,-2.0574463e-13,1.15506,4.413599956474591e-16,3.5965762448986943e-16,1.3110551738235172e-15,2.694778204054401e-13,1.4293417790791096e-15,1.2835107603984124
-0.0046863924,0.06956,0.002705682,98370.0,0.0,295.4,4.5441003e-13,5.992714e-14,-5.517639e-13,1.15506,1.315808054568465e-15,9.18003380424485e-16,1.597709833679243e-15,7.173026828448298e-13,2.2642344745130493e-15,3.607583913671109
-0.00023684214,0.045975383,-0.0008839167,98370.0,0.0,295.4,-1.535435e-14,9.850174e-14,2.2625002e-14,1.15506,5.141979902214762e-16,5.253885943328606e-16,1.1271172013071096e-15,1.0222641323283385e-13,1.3456693255347824e-15,0.6100648168910395
0.0008703744,0.035193846,0.0015075472,98370.0,0.0,295.4,-6.0205415e-14,-3.272166e-14,-1.3688294e-13,1.15506,7.2888190671317295e-16,9.475016131196439e-17,7.028814289620369e-16,1.5307624992637305e-13,1.0169998673462001e-15,1.160507581746156
-0.0030142437,0.04912,0.0017402662,98370.0,0.0,295.4,-3.723636e-13,1.4595043e-13,-4.598945e-13,1.15506,1.0782310999710922e-15,8.549731308442496e-16,1.3316891008910313e-15,6.094744701399683e-13,1.914930082494516e-15,2.3203631449363105
1.5126382999999998e-19,0.052489232,0.0045283833,98370.0,0.0,295.4,5.6806803e-14,1.12769176e-13,-1.3276259e-12,1.15506,9.06247737398189e-16,6.403315805025088e-16,3.863302768922847e-15,1.333617047834051e-12,4.019504668350955e-15,3.0189222
0.004149602,0.02823077,0.004149602,98370.0,0.0,295.4,8.20697e-09,3.8393825e-08,8.236494e-09,1.15506,2.376443439482677e-11,1.1117471453671504e-10,2.384992462458623e-11,4.011583213799212e-08,1.1616102788381544e-10,3.912282284567013
-0.0043740757,0.058329232,-0.0011720242,98370.0,0.0,295.4,1.6477186e-13,-1.8409916e-13,-3.465105e-14,1.15506,2.0392261652212054e-15,1.2874200925369793e-15,5.960670115406627e-16,2.494853940146952e-13,2.4841879417301998e-15,3.018916579372005
-0.001400568,0.04328,0.0052270126,98370.0,0.0,295.4,1.2354107e-13,-8.1521175e-14,-3.6248353e-13,1.15506,6.948608348626578e-16,1.3001452669167412e-15,1.0496219752685584e-15,3.9153851339477e-13,1.8096727842012503e-15,3.607600091361616
-0.00153905,0.025984615,0.0026657272,98381.2,5.411750999999999e-38,295.4075,-0.0024999375,0.029280474,0.0043077115,1.155165,7.238808371054059e-06,8.478441615823898e-05,1.2473389761386835e-05,0.0297010475158,8.600222684364498e-05,2.0520749831783918
-0.005186804,0.069335386,2.0375435e-19,98370.0,0.0,295.4,7.8544685e-13,1.4319438e-13,-7.745472e-15,1.15506,2.2851205467649653e-15,8.052381741829913e-16,2.3001542277792874e-16,7.984305711675938e-13,2.4337402336988804e-15,3.457869333333333
-0.0018289352,0.021267692,0.0010559278,118502.875,0.028102625,282.677,-135.978,48.18196,78.4383,1.0919588,0.3450024074081561,0.1260708441357715,0.1989328081834974,164.20744398574507,0.4177257246451329,1.407912163392128
0.0019924412,0.042156924,-0.0011503282,98370.0,0.0,295.4,4.8851883e-14,5.2159164e-14,2.6762254e-13,1.15506,1.6514015010443397e-15,4.3609912641219023e-16,1.2346822101920448e-15,2.7699983533907773e-13,2.1075458538009764e-15,1.533779196505254
0.002050962,0.034295384,0.0035523847,98370.0,0.0,295.4,-4.616981e-13,7.723071e-14,-1.952913e-13,1.15506,1.3369117686658279e-15,8.321475340963845e-16,9.710082940309689e-16,5.07216334483033e-13,1.8500431624091416e-15,2.7346242628142687
0.0015075472,0.03452,0.0008703744,98370.0,0.0,295.4,9.1420835e-14,1.6054164e-14,1.4091698e-13,1.15506,5.15046518110883e-16,6.216514814515643e-16,6.3120687890274095e-16,1.6873974192867706e-13,1.0247661216995848e-15,1.160507581746156
0.004795607,0.05743077,0.0012849732,98370.0,0.0,295.4,-2.5368677e-13,1.3902441e-13,-2.1803158e-13,1.15506,1.275492807926278e-15,5.340386678038309e-16,7.551797250208123e-16,3.622465096121389e-13,1.5755556540039648e-15,3.309850793761437
-0.0032781975,0.04238154,1.5699931e-19,98370.0,0.0,295.4,-9.175528e-13,6.01352e-14,-3.5660663e-14,1.15506,2.6569032035403123e-15,3.2496852248874843e-16,2.1780446522085428e-16,9.202125112996886e-13,2.6855498428927802e-15,2.185465
-0.0021119022,0.03452,1.7622771e-19,98370.0,0.0,295.4,-2.3012882e-13,-7.5457266e-14,-1.0079879e-13,1.15506,6.663703526102385e-16,9.448308096186645e-16,5.611540247132125e-16,2.6232321447453184e-13,1.285164792971855e-15,1.4079348
0.0007469668,0.0013256546,-0.002817889,94587.125,2.0239672e-07,293.45737,-4.262179,4.3083587,15.507475,1.1179962,0.0123822476428297,0.0125165709559546,0.0450524170889806,16.649621779233655,0.0483704960770848,1.9434743021052947
0.00014174538,0.06731384,0.00029804165,98370.0,0.0,295.4,-8.2496876e-14,-2.1899991e-14,2.420451e-13,1.15506,8.696639804086489e-16,9.097752116854771e-17,8.712159643740321e-16,2.5665380299066186e-13,1.2343458205698932e-15,0.2200207847616693
0.0005498259,0.011833847,-0.0009523381,90551.31,0.98170424,222.34787,35.875637,956.8155,-54.747425,0.100471124,0.0318912050328417,0.8500254879639331,0.0486815131361763,959.0517415210384,0.8520154158628804,0.7331079584049207
0.0031915514,0.066415384,0.0018426349,98370.0,0.0,295.4,-1.6747416e-13,-1.4376351e-14,-7.644211e-13,1.15506,1.5129755225509797e-15,5.13750755181398e-16,2.2134885915701683e-15,7.826837751359043e-13,2.729938921532706e-15,2.4568546932603774
-0.00074549386,0.027781539,0.0027822433,98370.0,0.0,295.4,-4.1415836e-07,1.0402106e-05,1.5469122e-06,1.15506,1.199253759764065e-09,3.012075920522067e-08,4.479301689068405e-09,1.0524650765555252e-05,3.0475604806154145e-08,1.920259111647012
0.0038263933,0.013855385,-0.0038263933,87945.14,7.5964076e-06,288.714,20.581263,-36.241238,-20.7509,1.0564513,0.0602724146718079,0.1061470177600139,0.0607801751356961,46.55765854569808,0.1363604892893867,3.607558199889029
-0.0049647847,0.00532,9.37506e-20,95035.98,2.1918431e-06,294.53476,17.421886,1.589802,0.13494122,1.1191626,0.050520886884825,0.004610347330443,0.00669102559672,17.494793263398545,0.0511701586637423,3.3098564666666666
0.0010616601,0.06282154,-0.0039621918,98370.0,0.0,295.4,-4.5157774e-13,1.0541445e-13,9.790342e-13,1.15506,1.3076067864039424e-15,3.7893270077936956e-16,2.8349311603752007e-15,1.083301724498743e-12,3.144878405222668e-15,2.734640827760201
0.0011720242,0.018572308,-0.0043740757,103809.25,1.2914047e-07,299.28214,14.78728,18.47105,-55.547226,1.2031113,0.0425397243859269,0.0531360595290494,0.1597988824592295,60.37663168971896,0.1736915421323789,3.018916579372005
-0.0008839167,0.02081846,-0.00023684214,105451.0,0.9992965,220.53963,14.316475,1091.0549,2.4630313,0.11602113,0.0126558447825526,0.9655836044493536,0.0021776817988971,1091.151603945859,0.965668996026373,0.6100648168910395
-0.0009523381,0.05451077,0.0005498259,98370.0,0.0,295.4,-2.3793123e-13,-2.4149123e-14,1.5685261e-13,1.15506,1.3550373747535676e-15,3.335099550954046e-16,1.2074643260102089e-15,2.8600208323506e-13,1.8453523445981983e-15,0.7331079584049207
0.002039934,0.059452306,-0.00054659264,98370.0,0.0,295.4,1.1095557e-13,6.1068324e-14,-1.2732794e-13,1.15506,9.424446267558742e-16,4.323415807004788e-16,3.8148368897837816e-16,1.7959087675836285e-13,1.104830720907126e-15,1.4079290131187046
0.0016673111,0.03788923,-0.0009626141,98370.0,0.0,295.4,-1.8560559e-13,5.861026e-15,3.2771306e-13,1.15506,6.581025860755144e-16,2.6505151106932217e-16,1.0808696055141285e-15,3.7666913380257794e-13,1.292915473433464e-15,1.2834938790837072
0.0023251872,0.03991077,-0.0013424391,98370.0,0.0,295.4,2.70803e-13,9.9255693e-14,3.9467203e-13,1.15506,1.2213058382932518e-15,5.306658972139286e-16,1.1766195037711697e-15,4.88827135771155e-13,1.7769714971742678e-15,1.7899271558427734
-0.001007429,0.015427692,-0.0037597984,84592.89,0.03026475,266.4075,-22.92925,-52.046375,-87.6762,0.80332124,0.0594410835953643,0.1339622198010803,0.2260549442956273,104.50689787111244,0.2694066751094397,2.5949521253287604
0.0026058601,0.015876923,-0.0026058601,86215.836,0.043576263,262.5164,72.113,-48.0079,-71.43501,0.74807376,0.1769956502860816,0.1170896666795535,0.1758145451745266,112.28536808110889,0.2755870181235819,2.45682846337794
0.0016267902,0.06304616,0.0016267902,98370.0,0.0,295.4,-1.2888701e-13,3.132271e-14,-4.7350204e-13,1.15506,1.391437781779126e-15,4.325733856493065e-16,1.441759577035945e-15,4.917287416784235e-13,2.0498510952040844e-15,1.533752509317093
-0.0013613222,0.023963077,0.0013613222,165933.12,5.030144e-09,332.99838,-24.05215,143.64026,23.89995,1.7282712,0.0655840798671821,0.3917030401878875,0.0651683297802267,147.58806802208844,0.4024667122021436,1.283466878666386
0.00037499773,0.008464616,-0.0006495165,69279.89,0.9998584,173.33737,123.28413,1863.5188,-212.77937,0.0968783,0.1229582051598111,1.8592461569953385,0.2122301633527337,1879.674534317283,1.8753550689815477,0.4999977694516481
0.0021578514,0.03788923,-0.0012458276,98370.0,0.0,295.4,3.250709e-14,-1.5411737e-14,3.5943644e-13,1.15506,1.2393208146045857e-15,7.658089856932118e-16,1.2590040090406669e-15,3.6123231712777153e-13,1.925479311460165e-15,1.6611119533351038
1.7182793999999998e-19,0.021043077,0.0015584395,108703.875,0.8848814,228.31438,2.7076876,-18.887814,274.69888,0.13189399,0.0316501899677235,0.0331698944665921,0.2581897765753706,275.360773827886,0.2622287878017164,1.0389596666666667
0.0009151009,0.030926153,1.7975756e-20,98370.0,0.0,295.4,2.6338328e-13,2.9100374e-12,-1.02476e-13,1.15506,7.626633090230877e-16,8.426422217069007e-15,6.609205237729224e-16,2.923728741206735e-12,8.486640244642662e-15,0.6100672666666667
-0.00045754042,0.045526154,-0.0007924895,98370.0,0.0,295.4,-1.256086e-13,-9.537804e-14,1.6239077e-13,1.15506,8.5140705783527e-16,2.761805101826839e-16,1.3944507629314188e-15,2.2637414403901013e-13,1.6570040985394378e-15,0.610057499491838
-0.002050962,0.04709846,-0.0035523847,98370.0,0.0,295.4,3.6356912e-13,-7.399114e-14,1.8433384e-13,1.15506,1.1535510839199808e-15,5.585416551720247e-16,1.3192598717864241e-15,4.142899448275562e-13,1.839319301557291e-15,2.7346242628142687
-0.0037597984,0.020144615,0.001007429,112411.125,3.7085363e-07,304.52713,-65.47731,38.56899,17.440346,1.2803413,0.1867346826398457,0.1099871745312064,0.0497432905496551,77.9680112806266,0.2223542561244766,2.5949521253287604
0.0026058601,0.027556922,-0.0026058601,98370.0,0.0,295.4,2.1234373e-06,1.5449354e-05,-2.1245737e-06,1.15506,6.148710859388729e-09,4.473577444354485e-08,6.152001731001291e-09,1.573865745198996e-05,4.5573493234492444e-08,2.45682846337794
0.0010392044,0.010935385,0.00059997645,84558.02,0.94652873,226.36537,-57.72055,944.2933,-27.882587,0.095404066,0.0517635142427876,0.845952629339213,0.0249944333954216,946.4665535427044,0.8479033165364134,0.799977090098061
0.001159104,0.008464616,0.00031057486,83887.71,0.969392,215.71175,118.21623,1046.2971,31.966938,0.097118735,0.1072233009864448,0.9502097272265002,0.029037966161514,1053.4394067192088,0.956681015526642,0.7999941184450516
-0.002372638,0.0064430768,-0.0041095437,94366.96,2.380885e-05,294.11987,12.139442,-2.9408836,21.072163,1.1125275,0.0352194191520232,0.0085321292654941,0.0611429081553442,24.49593643685993,0.0710750303053178,3.1635254947783733
0.002317984,0.014529231,0.002317984,81927.29,0.48227388,248.515,46.612274,-32.32257,47.21835,0.15433076,0.0541408551599763,0.0552931579357888,0.0548578083304692,73.8039646331989,0.0948574965239338,2.185416273442557
0.0015075472,0.053836923,0.0008703744,98370.0,0.0,295.4,-1.6173613e-13,-1.023604e-14,9.787231e-14,1.15506,9.649182603823244e-16,8.69539528885066e-17,5.667850994020304e-16,1.8932073665342267e-13,1.1224409062602617e-15,1.160507581746156
-0.000375,0.06237231,0.000375,98370.0,0.0,295.4,5.0219503e-14,2.1425046e-14,-2.7683612e-13,1.15506,1.5825422896605197e-15,1.447916391243366e-16,1.6146608916619486e-15,2.821688650689929e-13,2.2655097687687933e-15,0.3535533905932737
1.1544706e-19,0.044627693,0.0010996894,98370.0,0.0,295.4,-1.0330746e-14,1.05369665e-13,-1.5718825e-13,1.15506,1.3244579834066124e-15,3.051126617558265e-16,2.125415989949036e-15,1.895194885841328e-13,2.522830913181515e-15,0.7331262666666666
-0.0014401756,0.03946154,-0.0024944716,98370.0,0.0,295.4,3.4883766e-13,-9.640376e-14,-2.1533907e-14,1.15506,1.0228893215602314e-15,4.564999948931191e-16,1.3278130393499916e-15,3.625535920758445e-13,1.7371765244117338e-15,1.9202423830851167
0.0020366963,0.03991077,0.0020366963,98370.0,0.0,295.4,7.1120986e-14,9.672464e-14,-1.6688338e-13,1.15506,9.185347597097989e-16,9.36601029396382e-16,1.0433278528267637e-15,2.0558188916576818e-13,1.6761445646320625e-15,1.9202156865967344
0.0045283833,0.044627693,-1.5126382999999998e-19,98370.0,0.0,295.4,-1.0206885e-12,6.290255e-14,-8.9953706e-14,1.15506,2.9555469448521152e-15,3.336664694240421e-16,6.953249696387285e-16,1.0265736281689136e-12,3.0545159795695416e-15,3.0189222
-0.0027523169,0.03317231,-0.0027523169,98370.0,0.0,295.4,2.1321353e-13,-1.7068938e-13,2.8445903e-13,1.15506,7.854762620876264e-16,6.080261356838105e-16,1.1231240020491698e-15,3.9434986188457864e-13,1.499358617528402e-15,2.594909258619116
-0.0024067922,0.049344614,-0.000644892,98370.0,0.0,295.4,1.1557118e-13,1.6805711e-14,-1.670725e-14,1.15506,6.366675919156579e-16,4.178768632897425e-16,3.900418352221962e-16,1.1797568296632328e-13,8.556280317357862e-16,1.6611287174214255
0.0033709237,0.014978462,0.0019461956,83516.67,0.055579074,262.20575,79.51194,-66.86852,44.66414,0.66656226,0.1868329669691923,0.1563230775530898,0.1046527562668854,113.08595390893424,0.2651332900946932,2.594935572283576
-0.0009626141,0.057206154,0.0016673111,98370.0,0.0,295.4,3.1414175e-14,4.67987e-14,-1.2215887e-13,1.15506,8.207630009769845e-16,3.303277141439782e-16,1.0101756712049333e-15,1.3453534194514662e-13,1.3428414609322534e-15,1.2834938790837072
1.4721278e-19,0.03991077,0.0054114084,98370.0,0.0,295.4,-3.2307463e-14,1.5901515e-13,-8.0113775e-13,1.15506,4.708552812859803e-16,5.475146525508855e-16,2.3198069038466565e-15,8.174052144255513e-13,2.429605124666852e-15,3.6076056
-1.5183822e-19,0.032273848,-0.0013781823,98370.0,0.0,295.4,1.3147214e-13,-6.787296e-14,2.945851e-13,1.15506,6.341289500097523e-16,3.476403522417854e-16,1.4724458718904608e-15,3.296544303317509e-13,1.640448166018824e-15,0.9187882
-0.004491879,0.010486154,-0.0025933797,88498.96,9.26041e-05,289.4955,13.130175,-41.21595,7.69032,1.05904,0.0383808660177108,0.1204845633157844,0.0224837681789792,43.93514597262111,0.128433409614441,3.4578474498201968
0.0037359586,0.06124923,-0.0021569484,98370.0,0.0,295.4,1.3509e-13,2.4915424e-13,1.7763979e-13,1.15506,1.3650439812366573e-15,7.214611161967576e-16,1.2439925746546066e-15,3.3448922015697563e-13,1.982767948775169e-15,2.875939503395293
-0.0019924412,0.01116,0.0011503282,83259.625,0.5527124,251.96263,68.05573,459.53925,-38.076138,0.13855188,0.0777868445503267,0.5007235584029686,0.0427163341537381,466.1091041391387,0.508526853104496,1.533779196505254
-0.0015188704,0.0032984614,-0.0056685233,95004.36,1.6917896e-09,293.40738,3.383605,0.17902946,12.26425,1.1231201,0.0098312550794069,0.0007692363709084,0.0356331451438451,12.723704743747904,0.0369725078115215,3.9123237593043534
0.0046863924,0.0064430768,0.002705682,94290.2,5.546939e-07,293.94962,-16.56495,-3.1708438,-9.49366,1.1126113,0.0480853267703454,0.0092039742141588,0.027556309893991,19.354105484421087,0.0561806194956896,3.607583913671109
0.0012281717,0.06416923,-0.0045836214,98370.0,0.0,295.4,2.9682328e-13,1.249617e-13,-6.790442e-14,1.15506,9.190383879075817e-16,4.362969332200997e-16,1.255838735274562e-15,3.291359844690106e-13,1.6162046595035673e-15,3.163541676540452
0.00410197,0.01116,-1.5322009e-19,86163.06,0.09335029,266.12476,5.019034,-76.25133,-0.2759688,0.5336256,0.0141819580217299,0.1580184620736743,0.0082290520603782,76.41683183592885,0.1588668611991555,2.7346466666666664
-0.002838977,0.01408,-0.0016390758,79519.8,0.5166765,249.70288,-53.248913,3.0738623,-23.524443,0.1410965,0.0592533058781217,0.0457751198683821,0.0260918487543633,58.29489500446141,0.0792912380271084,2.185442735178454
-0.0054114084,0.067763075,2.5823509e-19,98370.0,0.0,295.4,9.218915e-13,-6.961132e-14,2.4727465e-14,1.15506,2.669466300861313e-15,2.739026884706901e-16,4.249968846776213e-16,9.248465392537936e-13,2.716927559978613e-15,3.6076056
-0.0010048215,0.058553845,4.0129963e-20,98370.0,0.0,295.4,-4.9621575e-13,-4.7435065e-14,1.7084278e-14,1.15506,1.436862420336536e-15,3.2555725127510955e-16,5.955133708917072e-16,4.987705168656203e-13,1.5890869434187602e-15,0.6698810000000001
0.0001279371,0.005769231,-0.00044156975,53241.96,0.99999964,157.68863,-148.95726,2134.2263,414.31924,0.080701515,0.1543875745644433,2.240042270655978,0.4304972887892341,2179.1674092534918,2.2862530072501515,0.3064867194305833
-0.0011019303,0.024636922,-0.0011019303,124245.0,2.2366133e-11,311.65976,-6.5092974,61.119312,-6.506925,1.3805475,0.0182651349305148,0.1715253461447931,0.0182579253224185,61.80842438495432,0.1734586733524732,1.0389098500332354
-0.0037597984,0.00824,0.001007429,91217.73,0.021245088,282.8095,35.53131,-17.15875,-9.103555,0.87959564,0.0930189852222898,0.0449070515892966,0.0240201191321184,40.49409099506526,0.1060478241990351,2.5949521253287604
0.004795607,0.01408,-0.0012849732,86391.164,0.00020962619,286.9165,36.24385,-41.850574,-10.456467,1.04149,0.1063330581434712,0.1227948385197948,0.0306906492138472,56.342035010053245,0.1653094297685789,3.309850793761437
0.0015053301,0.025535384,0.00040334585,98644.02,7.166343e-21,295.583,0.08056405,0.72092813,0.021447401,1.1575625,0.0002331921187802,0.0020867289506818,6.207939173666441e-05,0.7257326820443972,0.002100635648739,1.038953872289757
-0.001007429,0.030701539,0.0037597984,98370.0,0.0,295.4,2.3224402e-13,1.5904524e-12,-2.2316877e-14,1.15506,9.096829820094018e-16,4.605378245136749e-15,1.442622933966941e-15,1.6074744677569698e-12,4.911027676377292e-15,2.5949521253287604
0.00028127836,0.004196923,0.00028127836,38784.426,1.0,134.57387,284.3595,2310.4775,292.7859,0.0696533,0.322178227096449,2.616958459745419,0.3320683941855444,2346.250239528024,2.6575439429038785,0.2651917810093745
-0.001331215,0.059452306,-0.00035669186,98370.0,0.0,295.4,2.8009277e-14,1.3199652e-14,-1.6085517e-14,1.15506,1.1037400198884748e-15,2.1291730144613861e-16,4.909348766555037e-16,3.4892610509119576e-14,1.226618466302897e-15,0.9187823969714264
-0.002838977,0.063944615,0.0016390758,98370.0,0.0,295.4,-2.536433e-13,-9.36012e-14,-2.2321801e-13,1.15506,1.1708231193612002e-15,8.457863145441423e-16,7.473199331878742e-16,3.506028925503754e-13,1.6262436315757805e-15,2.185442735178454
0.0026849245,0.02823077,-1.3196548999999998e-19,98370.0,0.0,295.4,2.0133005e-07,1.39242e-06,2.3987368e-11,1.15506,5.829794328124603e-10,4.031947683478882e-09,7.653948678691212e-11,1.40689987064055e-06,4.074595125215592e-09,1.7899496666666668
-0.00050239643,0.06708923,-0.00087018503,98370.0,0.0,295.4,-7.8440096e-14,6.8050187e-14,1.8348397e-13,1.15506,9.446975742954212e-16,4.325057118978984e-16,1.1053923978448718e-15,2.108317904353731e-13,1.5170389088343108e-15,0.6698670379885004
0.0019252748,0.066415384,-1.6320611e-19,98370.0,0.0,295.4,-9.612086e-14,6.546262e-14,-8.9739285e-14,1.15506,1.2187168853195985e-15,1.0463965005235337e-15,6.270951359159775e-16,1.4689354518397065e-13,1.7243737391761913e-15,1.2835165333333334
-0.0035105823,0.054286152,0.0035105823,98370.0,0.0,295.4,5.287597e-14,-6.4024493e-15,-1.7744878e-13,1.15506,8.914632381193957e-16,2.259897521866114e-16,7.439494922441463e-16,1.8526988175083497e-13,1.1828942979074705e-15,3.309808733657956
-0.0030952666,0.00084010884,-0.0008253035,94387.836,5.0194777e-09,293.263,15.324087,2.1842275,4.083416,1.1163813,0.0445345566184934,0.0063474257378712,0.0118669850761722,16.00852205496751,0.0465235626484223,2.135603083407881
4.1633363999999997e-20,0.02081846,0.00045,102262.8,0.99997264,199.25162,0.110614985,1584.6,-34.392937,0.12442412,0.0044969466960148,1.4744512811908153,0.031987748713114,1584.9732005151257,1.474805078375633,0.3
-0.00045754042,0.06484307,0.0007924895,98370.0,0.0,295.4,-3.9207827e-14,1.4507521e-14,-2.8075526e-13,1.15506,8.566255026688897e-16,6.941995789624254e-17,1.5490764245097466e-15,2.838507316906105e-13,1.7715146489230465e-15,0.610057499491838
-0.0014932879,0.02373846,-0.0014932879,167904.62,1.0990082e-08,333.82187,-29.170038,148.15125,-29.1166,1.7445725,0.079449723693896,0.4035312423418155,0.0793042024341944,153.7773077831835,0.4188542451315125,1.407885333805092
-0.0007791963,0.03452,-0.0013496222,98370.0,0.0,295.4,-2.84489e-13,1.6467672e-14,-2.2067255e-13,1.15506,9.88733787019463e-16,6.548618982109592e-16,9.71210274112822e-16,3.604185756389397e-13,1.5328692063788785e-15,1.0389368404857235
0.00153905,0.051815383,-0.0026657272,98370.0,0.0,295.4,-2.3768867e-13,1.5470088e-13,-5.4304827e-14,1.15506,9.11580446607289e-16,9.901465168964101e-16,9.381048281311218e-16,2.887512430356677e-13,1.6405516462829686e-15,2.0520749831783918
0.0010559278,0.02868,-0.0018289352,98370.0,0.0,295.4,1.283513e-08,2.2313425e-07,-2.2387688e-08,1.15506,3.7165921826813645e-11,6.4611656754512e-10,6.482669408256815e-11,2.246215543067155e-07,6.504232659331915e-10,1.407912163392128
-0.0006890677,0.010710769,0.0011935149,85905.3,0.788271,241.59288,-23.837631,872.3325,18.985062,0.11033264,0.0424633562487192,0.8268206559034832,0.0628812425299923,872.8646262663449,0.8302948779287318,0.9187653821431114
0.0004505431,0.03249846,-0.0016814725,98370.0,0.0,295.4,2.8711124e-13,-2.8945423e-14,1.1916133e-13,1.15506,8.313709433691598e-16,2.3378060743274804e-16,4.653583102730326e-16,3.122020567106428e-13,9.810144620903017e-16,1.1605245659162278
-0.0035523847,0.045301538,0.002050962,98370.0,0.0,295.4,-6.44325e-14,-1.2613428e-13,-5.167896e-13,1.15506,1.3094013849497905e-15,5.707177864943725e-16,1.496436856306901e-15,5.358478275737697e-13,2.0687131371079818e-15,2.7346242628142687
0.0027523169,0.054286152,-0.0027523169,98370.0,0.0,295.4,-3.9142924e-13,1.38332525e-14,3.6199852e-13,1.15506,1.1334383525346005e-15,4.486932393874119e-16,1.2364044736246689e-15,5.333396078334111e-13,1.7362903399107573e-15,2.594909258619116
0.00074549386,0.0608,-0.0027822433,98370.0,0.0,295.4,1.3839824e-13,1.1416164e-14,-4.866737e-13,1.15506,7.376492029025269e-16,1.2276543040463233e-15,1.874556855827776e-15,5.060985002025421e-13,2.359072877746068e-15,1.920259111647012
0.0033709237,0.036092307,0.0019461956,98370.0,0.0,295.4,-2.0129864e-13,-3.4067526e-14,-6.1481413e-13,1.15506,9.88811664014836e-16,3.86724523156909e-16,1.7802806475381427e-15,6.478257120871841e-13,2.072849137709148e-15,2.594935572283576
-0.00087018503,0.00868923,0.00050239643,77167.39,0.99852425,189.52937,-115.426285,1532.1138,64.66101,0.098867364,0.1102539830371593,1.464095340367738,0.0617653823396395,1537.8156487802955,1.469539407065235,0.6698670379885004
0.000530325,0.026883077,-0.000530325,98370.59,1.01e-43,295.4005,4.771074e-05,0.0016928199,-4.7815975e-05,1.15507,1.381529679645442e-07,4.901791550786175e-06,1.3845769994166185e-07,0.0016941670212858,4.905692324696819e-06,0.4999952049770078
-1.00559694e-19,0.06596615,-0.003480578,98370.0,0.0,295.4,-1.693011e-13,-3.755631e-15,-4.2217244e-13,1.15506,4.902351156195244e-16,6.54936857716261e-17,1.2589297255615954e-15,4.548698015047512e-13,1.3525989595460418e-15,2.3203853333333333
0.0027822433,0.006667692,-0.00074549386,95031.336,0.0783321,275.59326,-20.760456,43.750637,6.0606375,0.6015225,0.0454667378539689,0.090348416958478,0.0131857863439948,48.8041606642314,0.1019996355851039,1.920259111647012
-1.5699931e-19,0.06484307,-0.0032781975,98370.0,0.0,295.4,-1.01080263e-13,-5.0243386e-14,-7.110449e-13,1.15506,4.1745315794811917e-16,2.736531872706109e-16,2.058930322908769e-15,7.199489337591271e-13,2.11857199088854e-15,2.185465
0.002176526,0.007566154,0.002176526,93237.46,0.108382985,268.10526,-33.63685,44.435677,-32.655823,0.50162435,0.0664981174522377,0.0845920035777039,0.0645741098787604,64.59388395334467,0.1254895308805323,2.052048392038442
0.0024610888,0.056307692,0.0024610888,98370.0,0.0,295.4,-4.778794e-13,1.3936621e-13,-6.8793723e-13,1.15506,1.564954278026344e-15,4.0355443821001644e-16,1.9920189549465008e-15,8.491462146498666e-13,2.565166192233577e-15,2.32033677277635
0.002838977,0.046649233,-0.0016390758,98370.0,0.0,295.4,3.5190102e-13,2.0613113e-14,2.3852188e-13,1.15506,1.1759145969645557e-15,4.856223976463142e-16,7.733629113744488e-16,4.2561944920706523e-13,1.4888567577640342e-15,2.185442735178454
-0.0014593768,0.035418462,0.00544649,98370.0,0.0,295.4,6.755972e-15,4.126287e-14,6.3316246e-15,1.15506,7.916557188304335e-16,1.7562218903424158e-16,1.1790248020325089e-15,4.2288971001633615e-14,1.4309652037159764e-15,3.7590799089658
0.0012281717,0.061698463,0.0045836214,98370.0,0.0,295.4,2.2850585e-13,2.946985e-13,-1.706329e-13,1.15506,9.659578188747698e-16,8.533409067473861e-16,1.497549652507229e-15,4.100947645957975e-13,1.975834044827216e-15,3.163541676540452
-0.0039621918,0.01947077,0.0010616601,107446.0,4.5245363e-07,301.5345,-60.844063,27.69055,16.164627,1.2359463,0.174379540289375,0.0793581734010758,0.0463338395759507,68.77544422030002,0.1971110561255732,2.734640827760201
-0.0035846329,0.00045,0.00096941355,94219.67,1.4787477e-10,293.086,15.313325,1.5036275,-4.1230426,1.115065,0.0445165166668236,0.0043711142900042,0.0119860664336743,15.92979279513064,0.0463086674914784,2.4756014450980515
-0.0010559278,0.043055385,0.0018289352,98370.0,0.0,295.4,5.194429e-14,4.1547527e-13,3.6211786e-13,1.15506,9.26723564464656e-16,1.4975478154327749e-15,1.6932818441416076e-15,5.535767821866778e-13,2.443086045996161e-15,1.407912163392128
0.0007924895,0.03901231,0.00045754042,98370.0,0.0,295.4,-1.4415112e-13,-4.505729e-14,2.809334e-14,1.15506,1.186050342546306e-15,1.5245754091146652e-16,9.044112148020782e-16,1.536194666432419e-13,1.4993059602011698e-15,0.610057499491838
-0.0009151009,0.04709846,-1.7975756e-20,98370.0,0.0,295.4,-3.1422643e-13,-2.9557865e-14,-7.288431e-14,1.15506,9.221415242858456e-16,3.0961009962797744e-16,5.945671089244417e-16,3.23919803868302e-13,1.1400497583959384e-15,0.6100672666666667
-0.001331215,0.029578462,-0.00035669186,98370.0,0.0,295.4,-2.504105e-10,3.4402863e-09,-6.754966e-11,1.15506,7.250987802866386e-13,9.961832113418844e-12,1.9559953598277969e-13,3.4500490142958922e-09,9.990101424689979e-12,0.9187823969714264
-0.0026657272,0.03317231,-0.00153905,98370.0,0.0,295.4,1.6675338e-13,-1.069464e-13,5.1145676e-13,1.15506,6.572388562570339e-16,3.5916351151457104e-16,1.4809948670998477e-15,5.484817586429671e-13,1.659610538214803e-15,2.0520749831783918
-0.0018426349,0.060575385,0.0031915514,98370.0,0.0,295.4,4.9477637e-13,2.217946e-13,-2.8866693e-13,1.15506,1.4326944761160678e-15,8.311807074418537e-16,1.15430346033806e-15,6.142679361444498e-13,2.018883678884312e-15,2.4568546932603774
-0.0016390758,0.021716923,-0.002838977,135878.38,2.3483736e-07,317.77362,-39.18419,90.05341,-68.18413,1.4830612,0.1094025508381711,0.2513888440538467,0.1903625375678176,119.5579063987033,0.3337711263034696,2.185442735178454
-0.00037499773,0.06372,0.0006495165,98370.0,0.0,295.4,-1.4879662e-13,-3.5790872e-14,4.177912e-14,1.15506,8.006825998945663e-16,4.413024840572427e-16,5.755411848997135e-16,1.5864083809006808e-13,1.080318547339062e-15,0.4999977694516481
0.00071048376,0.045975383,0.00071048376,98370.0,0.0,295.4,2.7048727e-13,-1.7374817e-13,2.553206e-13,1.15506,1.4706457241043557e-15,5.031122079627335e-16,1.2552778652838792e-15,4.10536720153949e-13,1.99790972235965e-15,0.6698505128252208
0.0029004794,0.05540923,0.0029004794,98370.0,0.0,295.4,-1.12131495e-13,-1.2672061e-13,-2.8341937e-13,1.15506,1.0254975638156544e-15,8.550548021709719e-16,1.1536046307159978e-15,3.300880556168369e-13,1.764530422553512e-15,2.7345982032425185
-0.0033709237,0.010261538,0.0019461956,87621.5,0.112952426,267.62476,9.074027,-52.481876,-9.747925,0.4869756,0.0266642779286685,0.1030658591952264,0.0211911481057794,54.145242785324456,0.108547776610802,2.594935572283576
-0.0009626141,0.04372923,-0.0016673111,98370.0,0.0,295.4,-2.306139e-13,-4.4197095e-15,-3.8256223e-14,1.15506,9.0659926490616e-16,9.81214459778173e-16,6.78829277814919e-16,2.3380727812345816e-13,1.4985036642013546e-15,1.2834938790837072
0.0030781461,0.04170769,-1.5791709e-19,98370.0,0.0,295.4,4.585622e-13,1.073931e-13,4.3563562e-14,1.15506,1.327831357974598e-15,3.109718059269915e-16,3.298238406759076e-16,4.729802883108109e-13,1.4030763860818006e-15,2.0520974
0.00097446906,0.056756925,-0.00097446906,98370.0,0.0,295.4,1.460023e-13,-1.5213647e-13,-1.8833799e-13,1.15506,1.3563442048916059e-15,4.784678492534598e-16,1.5970825451078486e-15,2.827249115069116e-13,2.14924957620106e-15,0.918738240509974
-0.0005870607,0.055633847,0.0005870607,98370.0,0.0,295.4,-2.3610684e-13,9.3239686e-14,1.3945893e-13,1.15506,1.0753255165459904e-15,2.6998861616682687e-16,6.344056216391183e-16,2.896357576282823e-13,1.2773759478563446e-15,0.5534861359174952
-0.0038924366,0.009363077,1.5418135999999998e-19,90297.0,0.063081354,273.20474,30.96005,-30.81185,-0.520635,0.64295185,0.0698872228621857,0.0694128015218457,0.0076184389109863,43.68255781462694,0.0987947445259128,2.5949577333333336
-0.0018984762,0.047996923,0.0018984762,98370.0,0.0,295.4,5.1374963e-13,-6.7411476e-14,-7.758536e-13,1.15506,1.5543193344413805e-15,5.432468385615297e-16,2.2465931686818745e-15,9.329693446488988e-13,2.7853557378894097e-15,1.7899005265883576
0.0009151009,0.057206154,1.7975756e-20,98370.0,0.0,295.4,2.6676537e-13,-5.737027e-14,-8.540082e-14,1.15506,7.724566180400779e-16,3.1972134332117073e-16,6.931759996759246e-16,2.8591678958707935e-13,1.0860036513086528e-15,0.6100672666666667
-0.0015189121,0.0021044263,-0.0056766337,94771.96,2.9757466e-12,293.10876,3.1870224,0.22177094,11.771862,1.121515,0.0092646478784494,0.0006798566140674,0.0342199964328541,12.19766490255304,0.0354584836279259,3.917553892786904
0.00045754042,0.05091692,0.0007924895,98370.0,0.0,295.4,5.1901385e-14,-5.5129745e-15,-2.2213213e-13,1.15506,7.118699454609566e-16,1.1500249862888287e-16,1.3591409140623856e-15,2.2818157206727445e-13,1.5385865000772006e-15,0.610057499491838
0.0009523381,0.014978462,0.0005498259,80750.05,0.990335,215.33224,-50.35124,1039.0939,-34.925625,0.091760434,0.0452897739610772,0.9345006744593344,0.0313926077491506,1040.899216864144,0.9361240142265812,0.7331079584049207
1.2490008e-19,0.041033845,-0.00075,98370.0,0.0,295.4,-9.0362905e-14,1.1143265e-13,-1.9519236e-14,1.15506,5.157364562251375e-16,3.3388138873991876e-16,1.1526021810048937e-15,1.447884341378317e-13,1.3061212277900537e-15,0.5
-0.0036853154,0.04283077,1.5513156999999998e-19,98370.0,0.0,295.4,-3.4268554e-13,-2.6059863e-14,2.960185e-14,1.15506,9.92294145230741e-16,5.2684117871537175e-16,1.6659328985552314e-16,3.449474819564464e-13,1.1357652145026697e-15,2.456876933333333
0.00544649,0.053836923,0.0014593768,98370.0,0.0,295.4,-1.1085033e-13,-1.8568024e-14,-7.306242e-14,1.15506,8.98565237966304e-16,3.292343893386085e-16,6.438292169694859e-16,1.3405478131208108e-13,1.1533996838165633e-15,3.7590799089658
0.0011165227,0.023513846,-0.0041669416,139581.88,6.584958000000001e-18,319.68524,8.793593,88.04086,-32.61155,1.5142738,0.0244691446328538,0.2450035007818227,0.0907425835124081,94.29757950653745,0.2624112629002773,2.8759558980875943
-0.0013496222,0.02823077,-0.0007791963,98370.0,0.0,295.4,-1.8892749e-07,2.6111588e-06,-1.0858085e-07,1.15506,5.470660811767189e-10,7.560976971322012e-09,3.144111018172972e-10,2.6202354238277644e-06,7.587259610622389e-09,1.0389368404857235
0.0005329707,0.034744617,0.00031432978,98370.0,0.0,295.4,-3.2279545e-13,-3.553484e-14,-1.7526911e-13,1.15506,1.4032694579622462e-15,3.4113375812829004e-16,8.89395158297448e-16,3.690242381127833e-13,1.6960427943266436e-15,0.4125050721052952
-0.0035105823,0.0059938463,0.0035105823,94925.05,4.5078637e-06,294.539,13.942238,-0.96380085,-13.971288,1.117805,0.0404296654069225,0.0027949309811795,0.0405134584419611,19.76137143282441,0.0573036630507489,3.309808733657956
1.6234991999999998e-19,0.046873845,0.0021119022,98370.0,0.0,295.4,-5.6349328e-14,-1.8197947e-13,-3.3564046e-14,1.15506,6.568570058301109e-16,6.027938097782631e-16,1.308240807031556e-15,1.9343815407365373e-13,1.5831347107551106e-15,1.4079348
-0.0032781975,0.0055446154,1.5699931e-19,95741.92,0.0053853076,290.02798,26.860512,7.1936574,0.08208126,1.0690501,0.0758211161761996,0.0202351788406309,0.0104422441415679,27.80723914781836,0.0791665622825014,2.185465
0.0027523169,0.050467692,0.0027523169,98370.0,0.0,295.4,-3.8583383e-13,-6.220896e-14,-5.0811514e-13,1.15506,1.333752427374805e-15,5.464219323367748e-16,1.4713186942668185e-15,6.410294022694826e-13,2.059672587030729e-15,2.594909258619116
0.00045754042,0.02081846,-0.0007924895,105361.625,0.99933887,220.47575,-6.0957026,1091.5054,12.272021,0.11595225,0.0053862202691796,0.9660935413843916,0.0108445019970637,1091.5914063049288,0.9661694185270964,0.610057499491838
1.4721278e-19,0.0028492308,0.0054114084,94964.77,4.128104e-09,293.38623,0.031378746,0.492371,-13.30675,1.1227325,0.0050368670518795,0.0014305953422616,0.0386635342770536,13.315893112737182,0.0390164774873963,3.6076056
0.0012458276,0.038113847,-0.0021578514,98370.0,0.0,295.4,-3.0683374e-13,2.4293455e-14,1.843994e-13,1.15506,1.174056236728387e-15,2.291962942115471e-16,1.2539944592822633e-15,3.58803922328874e-13,1.7330438806307658e-15,1.6611119533351038
-0.003667574,0.047996923,0.003667574,98370.0,0.0,295.4,3.0509498e-13,5.951046e-14,-3.6184394e-13,1.15506,1.7636774089854426e-15,4.3548822373553606e-16,1.543829341917345e-15,4.770277545230839e-13,2.384033773448455e-15,3.457821927871294
-0.004795607,0.05451077,-0.0012849732,98370.0,0.0,295.4,4.0354604e-13,3.5323724e-14,2.280403e-13,1.15506,1.8976899816598922e-15,6.646901919685996e-16,8.383521721264449e-16,4.648650882793843e-13,2.1785028534066016e-15,3.309850793761437
-0.0008839167,0.031824615,0.00023684214,98370.0,0.0,295.4,1.0915386e-13,5.7055834e-14,2.0660331e-14,1.15506,7.844828947352724e-16,3.1728751889903005e-16,2.486154697459309e-16,1.2488707948929196e-13,8.819832388307188e-16,0.6100648168910395
0.00069490174,0.010710769,0.0025934312,78790.9,0.517299,247.21538,-5.559801,340.1435,-48.456573,0.14026925,0.0121107743833159,0.3829667556037777,0.0543152661418419,343.6226876187222,0.3869888304459268,1.7899439863847344
-0.0010048215,0.05990154,4.0129963e-20,98370.0,0.0,295.4,-5.28993e-13,5.370321e-14,4.93527e-14,1.15506,1.531773527934588e-15,2.0217988730747483e-16,8.334636382105853e-16,5.33997488580793e-13,1.7555251305327596e-15,0.6698810000000001
0.00248237,0.0028492308,0.004299605,94918.734,4.1024226e-08,293.49713,-7.156469,1.2387643,-12.27795,1.1217662,0.020789468011668,0.0035985839790322,0.0356675945561594,14.265259960527024,0.0414406694960987,3.3098347708290348
-0.00074549386,0.029578462,-0.0027822433,98370.0,0.0,295.4,-5.5299612e-11,1.372798e-09,-2.0685097e-10,1.15506,1.601277944589988e-13,3.975129377844969e-12,5.98966014677894e-13,1.3893954511517921e-09,4.023189626142864e-12,1.920259111647012
0.004313942,0.029803077,-1.5224762e-19,98370.0,0.0,295.4,2.1129612e-11,9.6889136e-11,-1.8353523e-14,1.15506,6.118376122602823e-14,2.8055610280460044e-13,7.361374019793834e-15,9.916635273593987e-11,2.872444416975347e-13,2.8759613333333336
0.0007775554,0.047996923,-0.0007775554,98370.0,0.0,295.4,-5.440888e-14,-1.3735748e-14,1.0614189e-13,1.15506,1.6768628685715345e-15,1.512327216462052e-16,2.051931530346188e-15,1.200628910560878e-13,2.654272672752241e-15,0.7330862614509579
0.0008703744,0.05990154,-0.0015075472,98370.0,0.0,295.4,3.6581087e-13,2.7512977e-14,9.1711733e-14,1.15506,1.0592567869466357e-15,8.512006978392557e-17,3.71191732206736e-16,3.781343656472163e-13,1.1256347849241193e-15,1.160507581746156
-0.0033709237,0.04575077,0.0019461956,98370.0,0.0,295.4,2.4466459e-13,3.3986038e-13,-7.0781683e-13,1.15506,9.085255809545674e-16,1.006711763081558e-15,2.049583136017927e-15,8.224174756927661e-13,2.4575757031319896e-15,2.594935572283576
-0.000796675,0.014753846,-0.002973254,79014.9,0.48161826,249.20813,-11.799209,40.116646,-63.067375,0.14866525,0.0138422691236228,0.0602469153617515,0.072691916982739,75.67073680562137,0.0954222930961223,2.0520916596531995
0.001159104,0.0073415386,-0.00031057486,103262.75,0.8559384,243.41075,101.329346,734.65936,-32.826538,0.11933663,0.0918194178034513,0.6648086276399472,0.0298746268163385,742.340618040979,0.6717840502703902,0.7999941184450516
0.0006495165,0.02373846,0.00037499773,188321.88,5.7362275e-05,342.68976,22.2386,196.19788,12.653128,1.9046075,0.0597536290760715,0.5272258808443169,0.0339975089418147,197.8592052309894,0.531689247807472,0.4999977694516481
0.002973254,0.056083076,-0.000796675,98370.0,0.0,295.4,1.654515e-13,-3.375465e-14,1.5123993e-13,1.15506,1.1546366256859485e-15,3.1367358568565184e-16,6.409825965215271e-16,2.266872110977534e-13,1.3573634534551922e-15,2.0520916596531995
-0.0041095437,0.013181538,-0.002372638,84188.08,0.0026505215,282.67975,-27.900337,-57.457527,-15.273735,0.9982811,0.0811017648910508,0.1671213880842202,0.0444459900469726,65.67406789989121,0.1910039283755583,3.1635254947783733
0.000848475,0.030476922,-0.000848475,98370.0,0.0,295.4,9.668907e-13,3.2082913e-11,-1.2256189e-12,1.15506,2.799767936536808e-15,9.290057962498585e-14,3.599926563063233e-15,3.2120870565402686e-11,9.3012450061356e-14,0.7999499015563412
-1.5026859e-19,0.04507692,-0.004745321,98370.0,0.0,295.4,2.0247377e-14,-7.080398e-14,5.915993e-13,1.15506,9.73031114739918e-16,5.439578854415294e-16,1.713058845878242e-15,5.961651546507146e-13,2.0438322682714747e-15,3.1635473333333333
-0.0037597984,0.019246154,0.001007429,105341.0,5.8299966e-06,300.2339,-62.61215,24.498262,16.650875,1.2168988,0.1798296740923264,0.0703596480320571,0.047827599965394,69.26541566257124,0.1989388626533213,2.5949521253287604
2.7755577e-20,0.054735385,0.0003036618,98370.0,0.0,295.4,-4.4482325e-14,-2.740949e-13,2.27078e-13,1.15506,8.310357177508556e-16,8.840096384097818e-16,1.0613311456879469e-15,3.587075543216447e-13,1.6119916891182668e-15,0.2024412
0.004491879,0.04867077,0.0025933797,98370.0,0.0,295.4,-2.482025e-13,3.5310174e-14,-4.763197e-13,1.15506,1.4116739294941814e-15,3.575674402581022e-16,1.4045977467977481e-15,5.38267355504911e-13,2.023257914319276e-15,3.4578474498201968
-0.00508224,0.06574154,0.0029342247,98370.0,0.0,295.4,-1.7465752e-14,1.5983249e-13,-2.548729e-13,1.15506,9.739942715377702e-16,5.33757788562681e-16,7.444107847591417e-16,3.01349751131365e-13,1.337052592198765e-15,3.912307532088964
-0.001159104,0.0064430768,-0.00031057486,95913.23,0.88963336,238.92825,106.054214,896.6431,20.227036,0.1088755,0.0947700405790135,0.8047707669794077,0.0186267826149904,903.1198580864632,0.8105456834790733,0.7999941184450516
-0.0018289352,0.061923075,-0.0010559278,98370.0,0.0,295.4,-2.021177e-13,1.2365951e-14,-9.098668e-14,1.15506,6.02834255461867e-16,3.7301314224413424e-16,4.711062234489993e-16,2.219978768701332e-13,8.511692062201763e-16,1.407912163392128
-0.0009008322,0.067987695,-0.0033619737,98370.0,0.0,295.4,-1.2220322e-13,1.8904412e-13,-7.2265257e-13,1.15506,4.9195694339079965e-16,5.474037958994637e-16,2.15322902493648e-15,7.569002861754959e-13,2.275536812214749e-15,2.32037983596063
0.0027523169,0.010935385,-0.0027523169,86295.414,0.19327185,260.30826,17.516047,-85.662926,-13.049775,0.3604685,0.0308531372342013,0.1417723673452208,0.0292731722801648,88.40387673025606,0.1480143196964567,2.594909258619116
-0.00392167,0.018572308,-0.002264169,103833.25,1.197465e-07,299.2985,-49.8805,18.512188,-28.840275,1.2033237,0.1434910529319292,0.0532528192151028,0.0829684361007666,60.51881399096457,0.1740956817812467,3.0189002301766195
-0.00074549386,0.040135384,-0.0027822433,98370.0,0.0,295.4,-6.510469e-14,2.6476824e-13,-2.657044e-13,1.15506,6.9286793774197355e-16,8.921591054895592e-16,1.7228347713635973e-15,3.807094295549477e-13,2.060139193860018e-15,1.920259111647012
0.004491879,0.023289232,0.0025933797,130738.625,1.933236e-21,314.88962,24.729475,70.32419,14.157614,1.4398875,0.069319222587021,0.1971615902555451,0.0396906068631189,75.87803810790524,0.2127279755117485,3.4578474498201968
0.0045836214,0.04328,-0.0012281717,98370.0,0.0,295.4,3.7281913e-13,7.063966e-14,-1.9055371e-13,1.15506,2.3462263449449925e-15,1.2651569943745065e-15,5.75685978987657e-16,4.24611330105117e-13,2.7270523699649868e-15,3.163541676540452
0.0058684936,0.00532,-1.4511581e-19,95059.65,2.0678455e-08,293.95236,-14.247763,-1.4148736,0.031251237,1.12169,0.0413577122803318,0.0041071573947987,0.005298222666877,14.3178767437061,0.0418974971848697,3.9123290666666666
-0.0024944716,0.029578462,0.0014401756,98370.0,0.0,295.4,-1.8536503e-10,1.376507e-09,1.06186476e-10,1.15506,5.367504656322946e-13,3.985869343837023e-12,3.074778536453833e-13,1.3929850261511064e-09,4.033583781078389e-12,1.9202423830851167
-0.0024610888,0.06506769,-0.0024610888,98370.0,0.0,295.4,4.0662894e-13,1.3975453e-13,5.0179094e-13,1.15506,1.434076662484098e-15,4.3547031540213264e-16,1.4530061381071569e-15,6.608120541932691e-13,2.087447509964032e-15,2.32033677277635
-0.0014593768,0.03699077,-0.00544649,98370.0,0.0,295.4,-1.0457066e-13,1.272585e-14,1.3341048e-13,1.15506,5.795469153232351e-16,3.468315677964901e-16,7.819494804589596e-16,1.6998625345859145e-13,1.033252995868333e-15,3.7590799089658
-0.003667574,0.06461846,0.003667574,98370.0,0.0,295.4,2.7774834e-13,6.8069506e-14,-4.7755615e-13,1.15506,1.6938082187058645e-15,2.479218649941706e-16,1.647389443260573e-15,5.566304648711407e-13,2.375782715372789e-15,3.457821927871294
0.0056685233,0.02284,-0.0015188704,130565.625,4.480981e-23,314.71063,30.70575,68.9437,-8.165948,1.4389551,0.0861248719891742,0.1933916759757003,0.0229073036690502,75.91284186151383,0.2129379686040702,3.9123237593043534
-0.000644892,0.034744617,0.0024067922,98370.0,0.0,295.4,2.0884035e-13,-7.162919e-14,-3.9238916e-13,1.15506,1.135801496191607e-15,6.652735155343501e-16,1.3182610603534488e-15,4.502380320826798e-13,1.862913340031341e-15,1.6611287174214255
-0.005186804,0.029578462,9.2732045e-20,98370.0,0.0,295.4,-2.7027892e-11,9.9595714e-11,-3.9485356e-14,1.15506,7.826305606429084e-14,2.883933746064861e-13,1.0107184935946775e-14,1.0319793967045466e-10,2.9899498264815215e-13,3.457869333333333
0.0030142437,0.054286152,0.0017402662,98370.0,0.0,295.4,4.4133222e-13,1.229177e-13,-4.2436614e-13,1.15506,2.0530676026968106e-15,4.356323102187e-16,1.3884006537670172e-15,6.244753879552964e-13,2.5164495755588647e-15,2.3203631449363105
0.0004982899,0.030252308,0.0018596658,98370.0,0.0,295.4,2.266312e-12,7.7365336e-11,7.680541e-12,1.15506,6.562424718042133e-15,2.240221971965304e-13,2.2240085903385563e-14,7.777867377711528e-11,2.2521907484920341e-13,1.2835107603984124
0.00044156975,0.0059938463,-0.0001279371,72689.2,0.9999984,169.57312,-532.94025,1955.9938,168.12726,0.10374734,0.5372277278846707,1.973323583103948,0.1694406947061055,2034.2575626659495,2.0521524661352086,0.3064867194305833
-0.0041669416,0.03249846,0.0011165227,98370.0,0.0,295.4,5.109059e-13,-1.669042e-14,-4.0946426e-13,1.15506,2.8963821053566657e-15,3.542759502486956e-16,1.2783528914902644e-15,6.549537304206566e-13,3.1857066507034897e-15,2.8759558980875943
-0.00045754042,0.025086153,-0.0007924895,102708.625,4.2750683e-13,298.30463,-0.46758938,11.280569,-0.8099711,1.1941525,0.0013453849742993,0.0324593610878787,0.0023305145697745,11.319272502015531,0.0325707150846016,0.610057499491838
-9.37506e-20,0.013630769,-0.0049647847,86250.31,0.00038892322,286.6609,-0.16685253,-46.515976,-33.87639,1.0382438,0.01268161602433,0.1363774443731345,0.0993050895703305,57.54453633866072,0.169177810404637,3.3098564666666666
-0.00153905,0.057206154,0.0026657272,98370.0,0.0,295.4,2.3738336e-13,8.310849e-14,-1.00291555e-14,1.15506,7.127702505212551e-16,3.370802393952226e-16,8.936942528329352e-16,2.5171107380290775e-13,1.1917860275089198e-15,2.0520749831783918
-0.0010392044,0.06327077,0.00059997645,98370.0,0.0,295.4,2.8210984e-13,-6.806118e-14,-3.0610388e-13,1.15506,1.58330841347822e-15,3.659453183591027e-16,1.1681328562688948e-15,4.2180311923795963e-13,2.0013285282818483e-15,0.799977090098061
-0.0005830067,0.031824615,-0.00016102531,98370.0,0.0,295.4,2.6741107e-13,1.485337e-13,-1.1203327e-13,1.15506,1.109304851364837e-15,6.36526211300295e-16,6.711122841829595e-16,3.2576432275669445e-13,1.4443387999064278e-15,0.4032236559999844
0.0010616601,0.019246154,-0.0039621918,105974.625,9.1587464e-07,300.633,16.06264,24.763962,-60.042576,1.2226725,0.0461003719970306,0.0710775718769154,0.1723425057744215,66.90570342222567,0.1920395918002045,2.734640827760201
-1.3285194e-19,0.016326154,-0.0024917016,88673.15,0.38793075,264.31125,5.3969374,188.4231,-125.13162,0.18915676,0.0252528159010473,0.2327077340910461,0.1543849259955851,226.2527654432845,0.2804020320742763,1.6611344
-0.0031915514,0.030701539,-0.0018426349,98370.0,0.0,295.4,-1.1736011e-13,1.8041106e-12,4.9259923e-13,1.15506,1.3031131214019904e-15,5.22405569067864e-15,1.5021504055826332e-15,1.873830956582841e-12,5.5897511131958266e-15,2.4568546932603774
-0.0035105823,0.059003077,0.0035105823,98370.0,0.0,295.4,-4.0482137e-14,8.4025296e-14,-8.290326e-14,1.15506,9.918581834262574e-16,3.428283227274514e-16,8.06580675818485e-16,1.2478783715812205e-13,1.3235884184660868e-15,3.309808733657956
-0.0003036618,0.051141538,2.7321895e-20,98370.0,0.0,295.4,-4.2585437e-13,4.153326e-14,-1.1463741e-13,1.15506,1.2331211383924437e-15,1.3412798506817015e-16,7.682998777663481e-16,4.4296579089793454e-13,1.4590622880824892e-15,0.2024412
0.0011935149,0.03362154,0.0006890677,98370.0,0.0,295.4,2.0751772e-13,-1.7331122e-13,2.8244685e-14,1.15506,1.2719208121380572e-15,5.461823553857083e-16,1.078580991526245e-15,2.718421330894753e-13,1.7548318076004757e-15,0.9187653821431114
0.0018426349,0.045301538,-0.0031915514,98370.0,0.0,295.4,-5.526432e-13,-1.8954181e-13,9.663213e-14,1.15506,1.6002560703796044e-15,5.488449452446375e-16,1.4739414577496198e-15,5.92181030422837e-13,2.243781113562648e-15,2.4568546932603774
0.0005870607,0.046424616,-0.0005870607,98370.0,0.0,295.4,3.0180939e-13,-2.8567253e-15,-1.7056594e-13,1.15506,9.887066944634926e-16,5.375178065988916e-16,7.339748265058197e-16,3.4668401846594453e-13,1.3435718685772108e-15,0.5534861359174952
0.0009705788,0.035193846,-0.00026006208,98370.0,0.0,295.4,7.468628e-15,-3.417205e-14,2.3719286e-13,1.15506,1.2524929928571797e-15,1.820488370196426e-16,7.623248088548263e-16,2.397581327929972e-13,1.4775045145149596e-15,0.6698774323920479
0.002973254,0.054735385,0.000796675,98370.0,0.0,295.4,2.2712335e-13,3.4422384e-13,-1.7750614e-13,1.15506,7.991298657518046e-16,1.0423702685698456e-15,6.8752453045610345e-16,4.4898050946256877e-13,1.4825094600419098e-15,2.0520916596531995
0.0012849732,0.05069231,-0.004795607,98370.0,0.0,295.4,-1.741445e-14,6.609713e-14,3.486232e-13,1.15506,5.563243455489819e-16,2.681369441448136e-16,1.2134645991647509e-15,3.5526079046424393e-13,1.3615764876391966e-15,3.309850793761437
0.0008703744,0.012507692,0.0015075472,77471.6,0.29492038,268.51688,45.1978,649.5615,70.789,0.2091715,0.081978212559255,0.9038825996156176,0.1177923012088409,654.9687518714844,0.9152044620992468,1.160507581746156
-0.0015075472,0.06551693,-0.0008703744,98370.0,0.0,295.4,3.250859e-14,4.876144e-14,-2.1016516e-13,1.15506,7.71514695517376e-16,1.705753444148282e-16,8.016264563734859e-16,2.18183136223878e-13,1.1255824488145763e-15,1.160507581746156
0.0037597984,0.038113847,-0.001007429,98370.0,0.0,295.4,2.4914676e-13,1.2182307e-13,4.978268e-13,1.15506,1.5030430128349552e-15,3.527558267834937e-16,1.4631646709848601e-15,5.698653272493095e-13,2.1270697746383208e-15,2.5949521253287604
0.002838977,0.05204,-0.0016390758,98370.0,0.0,295.4,2.7907738e-13,8.567112e-14,3.3273061e-13,1.15506,1.3491190572859876e-15,1.14482730297188e-15,9.634682567797678e-16,4.4264363054345533e-13,2.0147016816849945e-15,2.185442735178454
0.003667574,0.01789846,0.003667574,102189.625,1.8051518e-09,298.22488,36.754963,11.248254,36.907326,1.1885425,0.1059237724496752,0.0324146611637386,0.1063640292489346,53.28790890671317,0.1535703830378721,3.457821927871294
-0.0052270126,0.0062184613,0.001400568,94504.25,3.9709676e-07,294.10025,17.620863,-2.15779,-4.753149,1.11457,0.051135784530568,0.0062618754167032,0.0137953643499209,18.37779355540458,0.0533328381097242,3.607600091361616
0.0039621918,0.059452306,0.0010616601,98370.0,0.0,295.4,-1.8822011e-13,2.9256743e-13,-4.677442e-13,1.15506,1.4530855512609998e-15,8.471700681893105e-16,1.354419156890585e-15,5.82929796406786e-13,2.1595383757348625e-15,2.734640827760201
0.0032019995,0.022166153,0.0032019995,142188.62,5.1608472e-15,320.8261,40.39969,93.21961,40.41,1.5372362,0.1122543721887778,0.2590056273403779,0.1122810675056078,109.3389168624246,0.3037959795482459,3.018874079741246
0.0007244437,0.012507692,0.00019411351,83542.875,0.9998056,188.89212,140.10526,1636.55,33.72335,0.10724088,0.1339274616239744,1.5641872866363853,0.0322033023850203,1642.8824214516662,1.5702405819925938,0.4999994352148855
0.0030781461,0.0064430768,-1.8567266e-19,96194.73,0.033305887,282.12302,-34.194138,16.52505,-0.2832587,0.831097,0.0849144875941579,0.0397754363303996,0.0100416466352891,37.97889659477576,0.0943047729746489,2.0520974
-0.0016390758,0.0032984614,-0.002838977,95052.984,0.00028814562,293.78937,9.696821,5.052546,17.057087,1.1179475,0.0280989036776994,0.0146426040473918,0.0494325207448956,20.260818727626138,0.0587156567567106,2.185442735178454
-0.001007429,0.06821231,-0.0037597984,98370.0,0.0,295.4,3.3126312e-13,9.526366e-14,3.067668e-13,1.15506,1.374789106752351e-15,2.991416326375588e-16,1.7092001789060002e-15,4.614285309459851e-13,2.213796751283707e-15,2.5949521253287604
0.00026006208,0.0026246153,0.0009705788,91389.1,0.7097891,211.74687,86.4581,494.53088,312.2,0.17293324,0.1019376261691332,0.4710771170818124,0.3600461128859657,591.1891696649934,0.6016129430717088,0.6698774323920479
