x,y,z,p,H2,T,U_0,U_1,U_2,rho,Mach_0,Mach_1,Mach_2,U_mag,Mach_mag,rad_dist
-0.0033619737,0.067763075,0.0009008322,98370.0,0.0,295.4,-6.186716e-09,6.500565e-08,1.6720596e-09,1.15506,1.7914505912282404e-11,1.8823299107855784e-10,4.8416835414485305e-12,6.532079125434036e-08,1.8914552691506395e-10,2.32037983596063
-0.0036853154,0.010261538,1.5513156999999998e-19,98540.48,0.00024496653,305.6,6.9590435,13.521791,0.11962151,1.1148512,0.0197880693140079,0.0384007471458278,0.0018779913795274,15.207939623375282,0.0432401655888985,2.456876933333333
0.0007924895,0.065292306,0.00045754042,98370.7,0.0,295.4005,4.45942e-05,0.0018677925,2.60152e-05,1.15507,1.2912861778638677e-07,5.408449105270724e-06,7.533057601226592e-08,0.001868505888768,5.410514820228983e-06,0.610057499491838
-0.0015188704,0.027781539,-0.0056685233,96332.64,1.0720035e-05,295.35974,2.51446,-6.5614724,8.240068,1.1311313,0.0072827035132254,0.0189997981724835,0.023860833621164,10.82931899023137,0.031358722584849,3.9123237593043534
-0.0014932879,0.055633847,-0.0014932879,118944.375,5.024265e-10,308.1935,-19.719013,73.93531,-20.3074,1.3386688,0.0559005477982742,0.2095962177393932,0.0575687521403227,79.16855457345592,0.2244317423133371,1.407885333805092
0.0,0.038787693,0.0,91654.8,0.9998534,202.91812,4.5878673,1398.3337,-12.643855,0.10953087,0.0042293128306306,1.289113657342594,0.0116554317479192,1398.398388211068,1.2891732845988737,0.0
0.0032781975,0.06708923,-1.5699931e-19,98370.0,0.0,295.4,1.0031327e-07,1.0649337e-06,2.6739388e-10,1.15506,2.904711730528445e-10,3.0836652939027062e-09,3.848986940691151e-11,1.0696478902111994e-06,3.0975549417632157e-09,2.185465
-0.0031915514,0.015203077,-0.0018426349,97951.55,0.004489449,320.3261,-1.6517696,45.22301,-0.22859201,1.0016676,0.00442617719015,0.1217878456469324,0.0029322894396803,45.25374272453738,0.1219035221525518,2.4568546932603774
0.002372638,0.027107691,-0.0041095437,94522.02,0.004980551,295.1995,-9.31985,15.143562,12.928275,1.0427583,0.0261159151998031,0.0423889315719299,0.0362561039950858,21.984707606560725,0.0615903208583584,3.1635254947783733
1.5699931e-19,0.047323078,0.0032781975,94654.35,0.8205954,241.62425,2.2955637,10.407087,93.090836,0.114292,0.009656902908376,0.0292790534142541,0.0872476272462449,93.69888376979324,0.0925346810807506,2.185465
-0.0046863924,0.005769231,0.002705682,98048.086,2.53853e-09,295.86588,6.7199078,-1.1464854,-3.81661,1.1494713,0.019443130174175,0.0033171694406071,0.0110427350652787,7.812688494046975,0.022604887121805,3.607583913671109
-0.0033709237,0.047772307,0.0019461956,93479.39,0.0425794,267.65775,-52.210636,-3.9152925,27.747587,0.79713213,0.1276594370133925,0.0100856243487575,0.0677932447652999,59.25545216440105,0.1448950506845849,2.594935572283576
0.0004505431,0.009363077,-0.0016814725,101880.2,0.23114625,306.72662,34.9144,457.42212,-94.686874,0.33139962,0.04870403424592,0.6570708975108804,0.128350083322535,468.4224752299427,0.6712585129415368,1.1605245659162278
0.00084845215,0.042156924,0.0031664888,87454.586,0.44107938,247.45375,-24.67025,146.39337,-11.723838,0.18083838,0.0288384751975333,0.1804938881863423,0.033855744626959,148.91973808891032,0.1858922073907038,2.185459257238885
0.0007924895,0.024636922,-0.00045754042,96009.44,0.99946666,219.07251,11.21728,1086.3087,-6.92211,0.10632762,0.0099215485712154,0.964483893310796,0.0061317590352297,1086.3886664878,0.9645544132141368,0.610057499491838
-0.0014593768,0.012956923,-0.00544649,97948.336,2.8352357e-08,295.92163,1.6100988,-3.0464075,5.832291,1.1480825,0.0046583106992854,0.0088135071434861,0.0168732449210814,6.77411507951398,0.0195980652337458,3.7590799089658
0.0032781975,0.06304616,-1.5699931e-19,99451.73,0.0,296.11887,0.288784,2.8290513,0.0031641752,1.1649288,0.0008350754359265,0.0081807528986009,0.0001025316628128,2.843754115371508,0.0082239030705337,2.185465
0.002317984,0.029353846,0.002317984,94800.52,0.33447275,257.55075,-5.351264,186.66824,-0.86398876,0.23541513,0.014352871789376,0.2477753164434399,0.0129829557102511,186.7469258854686,0.2485300173142539,2.185416273442557
0.00031057486,0.04485231,0.001159104,95353.33,0.9441441,240.99313,-9.141024,738.6,54.050594,0.10146329,0.0144255448348409,0.6420194009156094,0.0474117860140568,740.6314772081466,0.6439292546148705,0.7999941184450516
0.0016390758,0.050243076,-0.002838977,97896.21,0.11931276,259.54263,50.02656,-2.1135654,-91.973335,0.5606044,0.0969050569653777,0.0081802987303698,0.1786200967910381,104.71971263881458,0.2033780871441685,2.185442735178454
0.0041095437,0.048446152,-0.002372638,95241.33,0.00018516892,292.64713,36.7894,-9.476747,-21.69765,1.1260737,0.1068947227385444,0.0275374130203266,0.063048196099268,43.7499337323442,0.1271214611958739,3.1635254947783733
-0.0017618468,0.0064430768,-0.0017618468,97910.125,0.00022918213,330.22137,5.288014,61.91185,5.02856,1.0258448,0.0144952098721877,0.1688306155451285,0.0137838624274043,62.34040967270184,0.1700114193752977,1.6610850929224252
0.00075,0.029803077,1.2490008e-19,92941.4,0.99990827,209.13776,11.041495,1329.8075,10.594532,0.107770756,0.0100315292129959,1.207831607690361,0.009612154201164,1329.8955394226962,1.2079115106756042,0.5
-0.00074549386,0.03452,0.0027822433,91616.73,0.30510288,265.02124,0.14615023,316.21613,-30.48945,0.24170987,0.0341886642654041,0.4345387482576555,0.0410956291835937,317.68265422173926,0.4378146174347974,1.920259111647012
-1.5126382999999998e-19,0.038113847,-0.0045283833,95255.96,0.0651006,272.85562,-3.3750072,13.288741,-29.365337,0.67646015,0.0105592992529333,0.0288837838708185,0.0658303778059478,32.40839903618662,0.0726595514263815,3.0189222
-0.0010392044,0.0028492308,0.00059997645,105445.83,0.21376136,275.861,-151.93854,177.33922,89.469376,0.485672,0.2182488071542637,0.2450591452144319,0.1277643241778971,250.07856391416155,0.3521508895489571,0.799977090098061
-0.0013424361,0.031375386,-0.0050100614,94383.3,0.0033741656,294.57312,1.352485,0.4599433,-2.8803124,1.0645638,0.0038080560600014,0.0106680967430444,0.011143425918837,3.2151147780497125,0.0158897929591192,3.4578638180467665
0.0050100614,0.05091692,-0.0013424361,99647.67,3.977663e-09,296.36563,40.812363,6.692292,-11.142151,1.166255,0.1179855844681544,0.0193465013750043,0.0322106045638848,42.83203561312296,0.1238241022746217,3.4578638180467665
0.0013613222,0.017224615,-0.0013613222,97266.4,0.10135375,309.698,1.2209524,299.61163,9.012425,0.470932,0.0118924878086169,0.5505692350929612,0.0161162476598577,299.749634462497,0.5509334327627615,1.283466878666386
-0.004313942,0.013855385,1.5224762e-19,97881.61,0.00015359613,303.3595,4.3436375,5.62927,0.06304401,1.1169375,0.0124014268024103,0.0160450506562239,0.0012407201281287,7.110544424409648,0.0203169491738468,2.8759613333333336
-0.0006890677,0.04912,0.0011935149,93967.8,0.9916619,235.00963,-9.716772,517.8804,2.4247577,0.097707585,0.0083548860997163,0.4453985410710687,0.0045532877176567,517.9772232561619,0.4455001649146894,0.9187653821431114
-0.0043740757,0.043504614,0.0011720242,91264.664,0.020679243,276.5255,-34.18485,-13.101089,9.442625,0.90743077,0.0901845524262313,0.0351459096354936,0.0251443154636926,37.80748165904529,0.1000036252371064,3.018916579372005
-0.0039621918,0.069110766,0.0010616601,98370.0,0.0,295.4,-1.94349e-11,1.748047e-10,4.80005e-12,1.15506,5.627648215807903e-14,5.061715632316579e-13,1.3899218907286659e-14,1.7594726187156908e-10,5.09480011535979e-13,2.734640827760201
-0.0015075472,0.0046461537,-0.0008703744,93391.11,0.07673051,330.18863,-67.65229,327.18988,-41.636887,0.55718887,0.1220009902430756,0.6323567416318496,0.0757657978801311,336.69523352092364,0.6484595179623426,1.160507581746156
0.0015075472,0.030926153,-0.0008703744,100829.04,0.74661577,244.88138,73.99525,549.19073,-92.2845,0.138136,0.0744071798233791,0.5346197472119607,0.0970794535531215,561.7848199094965,0.5484333348916913,1.160507581746156
0.0011935149,0.028006153,0.0006890677,96688.875,0.8968736,243.63174,42.904003,683.4906,33.97615,0.10727534,0.038757066992784,0.6049141187253394,0.0308485638043957,685.6781552088462,0.60693890562719,0.9187653821431114
-0.0012458276,0.036316924,0.0021578514,94460.04,0.26285636,274.01025,14.988093,351.95288,11.218233,0.2668285,0.0210412248488345,0.4987003965706896,0.0269831780379522,352.4504524379467,0.4998728944241027,1.6611119533351038
-0.004491879,0.009363077,-0.0025933797,98039.31,2.8810354e-07,296.41025,6.1494026,-1.860195,3.4570413,1.1472526,0.0177758790888975,0.0053772955704255,0.0099934110150739,7.29565708656989,0.0210894629791993,3.4578474498201968
0.0008019567,0.046873845,0.00021488206,91844.56,0.99962574,224.14987,1.8309225,958.83514,0.60207564,0.09939018,0.0020327314330561,0.8413390617565146,0.0015376125467443,958.8370771257736,0.8413429224084287,0.5534975051172251
-0.00045754042,0.021941539,-0.0007924895,101873.875,0.99923253,218.73975,-11.1203,1039.5826,-12.526898,0.11302012,0.0098707771244843,0.9239080274883488,0.011129886390196,1039.717541675792,0.9240277863081344,0.610057499491838
-0.0021569484,0.057655383,0.0037359586,111909.75,7.1154737e-31,304.02524,-6.0855637,39.8809,10.501609,1.2767675,0.0173699401035005,0.1138307492070656,0.0299744544506786,41.68697712650365,0.1189858067328068,2.875939503395293
0.0056685233,0.048446152,-0.0015188704,96658.39,8.842802e-09,294.37924,31.840675,-4.8826485,-8.689532,1.1389012,0.0923592958327411,0.0141632082238821,0.0252039264041651,33.36430438671248,0.0967784784965097,3.9123237593043534
3.469447e-20,0.055184614,-0.0006,128658.5,0.00021562657,313.47525,1.3854746,124.87712,-20.788239,1.4195113,0.007556932804232,0.3504848655010455,0.0583412376254283,126.60318131896516,0.355387743438572,0.3999999999999999
-0.00069490174,0.06888615,0.0025934312,98370.0,0.0,295.4,-1.5679347e-11,8.0470053e-10,5.9094715e-11,1.15506,4.5401750463952974e-14,2.330123351037404e-12,1.711170417123596e-13,8.07019807839658e-10,2.3368391455038924e-12,1.7899439863847344
-0.003667574,0.03249846,-0.003667574,94623.79,0.005840555,292.0916,-5.101545,2.479935,-7.693814,1.045282,0.014126709611257,0.0124989707342586,0.0215429081410879,9.55879766800438,0.0286336355538723,3.457821927871294
-0.0046863924,0.04283077,0.002705682,91897.45,0.00012939994,290.1944,-17.521925,-19.060225,9.775872,1.0965126,0.0511426907191846,0.0556388231199682,0.0285235296721928,27.674495589199704,0.0807765138956475,3.607583913671109
0.0041669416,0.036316924,0.0011165227,95513.19,0.115445785,273.31763,52.41595,50.25511,14.866781,0.5257307,0.095811053914545,0.0952312994667419,0.0282206187299688,74.121717956457,0.1380042092540745,2.8759558980875943
0.00392167,0.006667692,0.002264169,97929.79,5.865265e-07,296.66086,-7.75778,-2.0394275,-4.4347277,1.1449988,0.0224158344445402,0.0058928399187994,0.0128137982855175,9.165654631792732,0.026483742610431,3.0189002301766195
-0.0050100614,0.020593846,-0.0013424361,99723.06,8.83826e-06,297.46387,6.432075,10.657562,1.1325006,1.1626912,0.0185593001948336,0.0307494659544194,0.0035529849377675,12.499510958372309,0.0360915638643153,3.4578638180467665
-2.0677499e-19,0.012732307,-0.0045283833,97825.42,2.3188415e-05,299.7339,0.25113523,0.7127646,8.398988,1.1317251,0.0028022739376195,0.0031389534657738,0.0241397880697425,8.43291774553175,0.0245037779971545,3.0189222
0.0045836214,0.014529231,-0.0012281717,98058.516,1.4154833e-05,298.361,-4.0182147,1.1672406,1.1143258,1.1397712,0.0115769962123031,0.0034754427974042,0.0032104179544687,4.33015265113484,0.0125064914096673,3.163541676540452
-0.00031432978,0.060126156,-0.0005329707,113693.0,7.716334e-32,305.0891,-0.56891215,41.267437,-0.93960154,1.2925887,0.001620996174662,0.1175828622953073,0.0026771981571497,41.28205262141597,0.1176245064777239,0.4125050721052952
1.2490008e-19,0.04754769,-0.00075,92468.35,0.994091,219.697,9.246998,1072.9688,-9.21462,0.102617875,0.0082113935626664,0.9532882883643272,0.008183308080806,1073.0482104580376,0.9533587751984952,0.5
0.0016267902,0.0608,0.0016267902,113489.75,8.507060000000001e-40,304.9644,2.43836,39.21594,2.464695,1.2908063,0.006949014192454,0.1117603826453128,0.007024069478996,39.3688997943329,0.1121962988664038,1.533752509317093
-0.0007244437,0.021043077,0.00019411351,102886.0,0.9998731,207.47438,-17.8134,1384.8187,2.5917408,0.12026762,0.0162430552042687,1.2628595313712452,0.0028649046845919,1384.9356902793809,1.2629672365094915,0.4999994352148855
0.0013781823,0.029129231,-1.5183822e-19,94988.31,0.97003525,237.25812,30.492512,709.0395,19.620863,0.09991586,0.0264204167866418,0.6131370777305697,0.0169717877182295,709.9660443381675,0.6139406779889366,0.9187882
-0.0006495165,0.06978462,0.00037499773,98370.0,0.0,295.4,-5.776598e-13,2.5043662e-11,2.356297e-13,1.15506,1.7981853809869496e-15,7.251744174050695e-14,1.2882257367561237e-15,2.5051431467489077e-11,7.255117058188004e-14,0.4999977694516481
-0.001007429,0.03788923,0.0037597984,96210.94,0.29542312,260.96964,-4.1400747,70.228004,55.76126,0.27627826,0.0312610481505302,0.0979883387423681,0.0800095433236766,89.76876339313802,0.1303092271630145,2.5949521253287604
-0.0007791963,0.03654154,0.0013496222,90284.984,0.5156683,251.7475,-11.826384,564.57935,17.154524,0.15868449,0.0153230413801154,0.630739028983612,0.0295690668002751,564.9637010451243,0.6316176438255708,1.0389368404857235
-0.0033619737,0.06619077,0.0009008322,98370.0,0.0,295.4,-3.2781475e-06,3.370339e-05,8.8765387e-07,1.15506,9.49233659627084e-09,9.759289273686302e-08,2.5703264700778467e-09,3.387407087901869e-05,9.808712323729623e-08,2.32037983596063
-0.0006495165,0.069110766,0.00037499773,98370.0,0.0,295.4,-8.2127465e-12,4.6038162e-10,4.684509e-12,1.15506,2.3781160168923923e-14,1.3330996626375009e-12,1.3564653007190891e-14,4.6047869642739033e-10,1.333380761041048e-12,0.4999977694516481
-0.0001279371,0.06978462,-0.00044156975,98370.0,0.0,295.4,1.7224545e-13,2.5560488e-11,-2.1446037e-13,1.15506,9.225490102099364e-16,7.401398261349014e-14,1.673199152234703e-15,2.556196800998488e-11,7.403864068437033e-14,0.3064867194305833
-0.0009705788,0.05069231,-0.00026006208,93364.5,0.9982771,228.13013,-6.980798,810.6595,-18.31295,0.09939306,0.0060821273467084,0.7054827004824983,0.0159347667574902,810.8963686061675,0.7056888476834218,0.6698774323920479
-0.004299605,0.05540923,-0.00248237,109886.375,4.970284e-23,302.80814,-21.519588,37.097412,-12.400481,1.25872,0.0615457694453271,0.1060979270570599,0.0354655375455742,44.64395338474012,0.1276810722692251,3.3098347708290348
0.00083024846,0.030252308,7.63982e-20,92846.99,0.9998605,213.73163,8.436288,1213.455,17.152037,0.10535237,0.0075819170358962,1.0903366150853775,0.0154012367839878,1213.6055373775566,1.0904717409251166,0.5534989733333333
-1.3285194e-19,0.018796923,-0.0024917016,97447.56,0.029437276,338.20624,1.9983582,156.9655,-17.53109,0.7188326,0.006727578448508,0.3597106140501092,0.03981464782669,157.9541096088785,0.3619698776882557,1.6611344
0.002264169,0.03744,-0.00392167,94587.164,0.064594015,273.47864,16.286238,18.22625,-18.5114,0.67680264,0.0367006616250379,0.0404169229794009,0.0402778354039258,30.66120785642901,0.0678437193236344,3.0189002301766195
-0.0030781461,0.011609231,1.8567266e-19,98014.23,0.005264291,324.41174,4.152785,60.348812,-0.4112455,0.9802049,0.0111329088891747,0.1607374854727216,0.0010971049893829,60.49292401536596,0.1611262999506467,2.0520974
-0.0054114084,0.03204923,2.5823509e-19,94946.586,0.0018776596,294.35776,-5.6073036,-3.4212313,0.085437275,1.0919375,0.0159848641492945,0.0117500115856469,0.0027190751664936,6.569168653538442,0.0200242858523164,3.6076056
-0.00035669186,0.05406154,0.001331215,120750.75,0.0640179,280.78076,-34.881123,176.726,146.97012,0.9044671,0.0771654758952782,0.3912357992593859,0.3255719102498114,232.4843822508418,0.5147980478167983,0.9187823969714264
1.5183822e-19,0.04328,0.0013781823,93358.625,0.9593853,239.765,-21.724152,637.7295,38.167313,0.098206885,0.0187668409864707,0.5514041996479431,0.0331249061926984,639.2398593110486,0.5527169665572744,0.9187882
-1.5513156999999998e-19,0.061923075,-0.0036853154,110377.125,0.0,303.08002,0.024795756,30.170212,-3.5216825,1.263195,0.0013397518773276,0.0862431468985578,0.0100668385134995,30.37506468446225,0.0868390267087091,2.456876933333333
-0.0041095437,0.05159077,0.002372638,100300.734,2.9642539e-08,296.80212,-41.397064,9.26548,23.71745,1.1721675,0.1195878469825889,0.0267651066128042,0.0685150037829883,48.60127016810359,0.1403991802729231,3.1635254947783733
-1.2490008e-19,0.031375386,0.00075,94182.11,0.99991137,209.651,7.996875,1318.8513,13.954425,0.10893975,0.0072511153726534,1.196339875511175,0.0126507340596398,1318.9493650245015,1.1964287348122695,0.5
0.0054114084,0.06731384,-1.4721278e-19,98370.0,0.0,295.4,2.2584787e-08,1.5108914e-07,8.198803e-12,1.15506,6.539742482661334e-11,4.3749982059577034e-10,8.630184870315853e-12,1.527678005896378e-07,4.4244479461982555e-10,3.6076056
0.001159104,0.036316924,0.00031057486,95103.54,0.6527394,249.702,53.3464,712.6075,-4.9392376,0.13905525,0.0551604250000481,0.7214632231973421,0.0084566731576068,714.6185580554701,0.7236182489637603,0.7999941184450516
0.0052270126,0.024187692,0.001400568,96878.06,1.0242864e-05,295.60138,-16.548376,3.8707712,-4.84007,1.136615,0.0478978344942808,0.011202432288939,0.0140107674396914,17.670820454212798,0.0511468341413121,3.607600091361616
0.0008019567,0.017673846,0.00021488206,99252.984,0.99967873,209.30424,-10.078343,1311.2362,-6.6837964,0.11502975,0.0126140773772635,1.1908471110981087,0.0060749663652337,1311.2919653236584,1.1909294110799051,0.5534975051172251
0.002973254,0.06237231,0.000796675,106044.375,0.0,300.386,1.8198075,19.5432,0.49982712,1.2244562,0.005223676424867,0.0560974641614207,0.0014347300389164,19.63410789231188,0.0563584131343152,2.0520916596531995
0.00087018503,0.01655077,-0.00050239643,95623.05,0.9983539,216.367,-20.42336,1053.4801,4.71401,0.10734,0.0182380037267659,0.9417785427233216,0.0050160885727653,1053.6885956581193,0.941968475830572,0.6698670379885004
0.0025934312,0.05091692,0.00069490174,98716.4,0.77493626,238.46675,185.75975,-5.7476573,55.0114,0.13340637,0.1851703608421054,0.0138328032905998,0.0545479507810847,193.8194376590252,0.1935326533577411,1.7899439863847344
0.002039934,0.06035077,-0.00054659264,113505.375,1.0202382e-36,304.97513,3.3667526,40.074123,-0.86495227,1.2909375,0.0095946534262982,0.1142041092672843,0.0024649623848698,40.2246006781685,0.1146329445991134,1.4079290131187046
1.2490008e-19,0.020144615,-0.00075,99310.6,0.9998175,205.97325,15.205512,1391.8462,24.007862,0.11693937,0.0139132955891342,1.274056527139547,0.0219851429432101,1392.1362826560598,1.2743221573257162,0.5
0.00016102531,0.015652308,0.0005830067,91370.984,0.999923,192.63562,18.492762,1666.6125,75.64987,0.115000375,0.0174951450067659,1.5772963078411164,0.0715691303757244,1668.431032507384,1.5790161060770609,0.4032236559999844
0.0037359586,0.0077907695,-0.0021569484,97956.25,6.1468e-06,297.66226,-7.2454085,-1.1832255,4.12341,1.1413713,0.0208994675084485,0.0034134986078329,0.0118936118873937,8.420123333052937,0.0242878100826386,2.875939503395293
0.0032019995,0.039686155,0.0032019995,90873.33,0.02595737,276.8635,7.7270336,-0.6718029,13.89487,0.86372685,0.0207988131059974,0.0107597566106551,0.0341977046530448,15.913069462202362,0.0414469057044748,3.018874079741246
-0.0030503666,0.047996923,-0.0030503666,94075.79,0.0031112349,287.27435,-32.068886,-10.700076,-31.93105,1.0912638,0.0922596936578906,0.0308071024474319,0.091841617205734,46.50265615843112,0.1337752267275931,2.875913210619937
-0.0008019567,0.037664615,0.00021488206,93659.375,0.99667466,216.81313,-16.741587,1125.1813,-23.918688,0.105086,0.0149619740127276,1.005413388458953,0.0213909090499073,1125.5600127228267,1.005752212698959,0.5534975051172251
-0.00019411351,0.0044215387,-0.0007244437,30202.025,1.0,127.95162,-148.5564,2286.7812,-543.68976,0.056730825,0.173599014749684,2.658681381075874,0.6357250349870646,2355.2146007918805,2.7391366567060653,0.4999994352148855
-0.0019252748,0.029353846,1.6320611e-19,100059.414,0.6438175,249.53537,-149.96744,493.15387,-4.545112,0.16035013,0.1666626923340176,0.5142888450606315,0.0301926375719058,515.4722403769412,0.5414619696094732,1.2835165333333334
-0.00023684214,0.045975383,0.0008839167,91276.2,0.99931026,223.45787,-11.931616,954.6085,19.9482,0.099110425,0.0104899958358461,0.8390719466479946,0.0175246614689411,954.891450593135,0.8393204902919338,0.6100648168910395
-0.00025366183,0.010036923,-0.00041642482,91765.95,0.99997675,184.70787,118.89278,1810.4637,190.04288,0.12034512,0.1149190899783086,1.7498593799739743,0.1836021567854064,1824.2890665660727,1.7632141103395802,0.3250667997750489
-0.0009705788,0.06461846,-0.00026006208,98378.2,0.0,295.40552,-0.000614559,0.021678813,-0.00015373438,1.1551399,1.779522442575407e-06,6.277335900719889e-05,4.4515461786946217e-07,0.0216880669980762,6.28001549664021e-05,0.6698774323920479
0.0018426349,0.06372,0.0031915514,98468.336,0.0,295.46576,0.014482912,0.25773048,0.024994863,1.1559625,4.193199226506613e-05,0.0007462003937155,7.23669797429485e-05,0.2593443622626467,0.0007508730247609,2.4568546932603774
0.0012281717,0.053387694,-0.0045836214,105545.625,5.6836653e-14,300.13663,10.753539,27.236588,-40.121063,1.2197613,0.0308920746408472,0.0782412977429348,0.1152560582566762,49.67061528868184,0.1426884014662039,3.163541676540452
0.0015584395,0.018123077,-1.7182793999999998e-19,94693.79,0.456894,265.05237,80.52634,574.3206,0.7054925,0.1874975,0.0850721475132069,0.6681404069851374,0.0105649530487502,579.9389112120544,0.6736174670847662,1.0389596666666667
-0.00084845215,0.06506769,0.0031664888,98370.98,0.0,295.4005,-6.1661354e-05,0.0024884387,0.00023440413,1.155075,1.7854888997144386e-07,7.205615356522895e-06,6.787492656411022e-07,0.0025002149072421,7.239714976287183e-06,2.185459257238885
-0.00392167,0.036092307,-0.002264169,99947.25,0.09818609,271.56476,-27.693413,20.66135,1.370375,0.5805048,0.0555270181089651,0.0405326140956813,0.0417759892287094,34.57881483006169,0.0804448619959037,3.0189002301766195
-0.0052270126,0.051141538,0.001400568,99919.016,1.2450799e-10,296.53137,-38.330036,6.340011,10.081375,1.168775,0.1107781791257654,0.0183227804889133,0.029136716559539,40.137532574039,0.1160020582021542,3.607600091361616
1.588243e-19,0.03923692,0.0028803973,89826.125,0.32860062,261.10602,13.3901615,294.28864,15.10186,0.22239438,0.029302411421612,0.3915406232673621,0.0299778641478265,294.9799420867549,0.3937783174866048,1.9202648666666664
-0.00044156975,0.05496,-0.0001279371,130583.5,0.0012069143,313.4901,-18.007338,145.62962,-7.43821,1.4220876,0.0501921388921805,0.4059807045512976,0.0207330564404516,146.92711598338389,0.4095966832188743,0.3064867194305833
-0.00071900955,0.053836923,-0.0004151182,134338.62,0.8769005,236.25438,-172.67012,477.54813,-94.435875,0.15818438,0.1580738770990628,0.4377151705968503,0.0866791981182447,516.512653566519,0.4733869501561922,0.5534930905771464
0.0021578514,0.03654154,-0.0012458276,93904.23,0.247702,274.5526,10.696575,349.23712,9.653011,0.27701277,0.036265983088459,0.5056222839009856,0.0221703356132276,349.5342090897415,0.5074057935103071,1.6611119533351038
0.00035669186,0.0028492308,0.001331215,95789.586,0.03944917,292.88412,13.149141,88.686005,53.862423,0.8296419,0.028750334014353,0.2039781910008712,0.1156663148394307,104.59095564784192,0.2362464401815592,0.9187823969714264
-0.001331215,0.032947693,-0.00035669186,99110.914,0.830611,241.72925,-64.17119,678.3429,-39.82174,0.121942,0.0629538720134761,0.6288079101048801,0.0388742801953211,682.5341036043941,0.6331459448442045,0.9187823969714264
0.00045754042,0.021492308,-0.0007924895,102413.625,0.99931014,217.891,6.8241615,1051.9197,-28.452326,0.11405362,0.0062011801018195,0.9366393768129676,0.0253073749436636,1052.326545936706,0.9370017289513284,0.610057499491838
-0.004149602,0.052713845,-0.004149602,103478.375,2.23875e-17,298.8135,-24.218138,17.341326,-24.29845,1.2011638,0.0697250860645723,0.0499259170354307,0.0699569599182326,38.44027143540768,0.1106714103079107,3.912282284567013
0.0011503282,0.007116923,0.0019924412,98221.45,0.00026521424,359.6801,1.5092564,120.72881,1.3538542,0.94487464,0.0043732374120299,0.3152521673451538,0.0047110832666242,120.7458336345064,0.3153176945983588,1.533779196505254
-0.0041669416,0.03586769,0.0011165227,97505.14,0.14384682,269.8115,-39.895786,45.248825,9.207913,0.4572984,0.0677286276148245,0.0796467180410579,0.0424635778962454,61.02389340458366,0.1128446814920838,2.8759558980875943
0.0039870623,0.055858463,0.0039870623,109338.0,4.8475308e-29,302.4641,14.17155,33.978275,14.289087,1.2538625,0.0405540286508823,0.0972327564729957,0.0408897914857801,39.49093577862765,0.1130080228076929,3.759038385790977
-1.6320611e-19,0.044627693,-0.0019252748,91456.17,0.5359824,254.18213,18.377575,465.566,-31.227156,0.15739025,0.0215905550253306,0.5110897803021751,0.0339520038468051,466.97384390426936,0.5126710974502473,1.2835165333333334
0.0025934312,0.05990154,-0.00069490174,113296.375,9.5398455e-36,304.8515,4.57894,40.164497,-1.188782,1.2890837,0.0130518263606999,0.1144848655091239,0.003388507710316,40.4421403171263,0.1152762620251668,1.7899439863847344
-0.001331215,0.067763075,0.00035669186,98370.0,0.0,295.4,-4.3695363e-09,1.1747271e-07,1.1890829e-09,1.15506,1.265260584315801e-11,3.4015873697171904e-10,3.4431567956243368e-12,1.1755996070246109e-07,3.4041138362507314e-10,0.9187823969714264
1.00559694e-19,0.03586769,0.003480578,94255.25,0.4650854,255.53549,2.6149938,160.96526,27.125975,0.178446,0.007240834346015,0.1863527738140579,0.0312723715541299,163.25584718209103,0.1890971898597105,2.3203853333333333
0.001007429,0.06843692,-0.0037597984,98370.0,0.0,295.4,9.3967285e-11,3.3411076e-09,-3.5070075e-10,1.15506,2.7209547998089616e-13,9.674646196354193e-12,1.0155033015555864e-12,3.3607768241105503e-09,9.731601200744253e-12,2.5949521253287604
-0.00095382205,0.025086153,-0.0035597347,95611.0,0.06611511,278.25,4.269916,74.05868,19.594883,0.64305276,0.0092609994134946,0.1609330290811339,0.0429304920174191,76.72600410403987,0.1668179639733788,2.4568713291004243
0.0023251872,0.054735385,-0.0013424391,115818.875,9.290577e-09,306.39374,40.528126,68.31689,-23.5922,1.3111475,0.1152305330421135,0.1942361149620144,0.0670775218981179,82.86325094505993,0.2355952844279761,1.7899271558427734
0.0035105823,0.009587692,-0.0035105823,98035.75,8.179954e-07,296.68988,-5.05684,-1.3619437,5.0716014,1.1461225,0.0146107285712296,0.0039352084185389,0.0146533636259216,7.290244316074164,0.0210637204746209,3.309808733657956
-0.0045283833,0.04867077,1.5126382999999998e-19,95259.77,0.00029250397,292.38562,-42.932373,-9.326521,-0.3373888,1.1257012,0.12471187567639,0.0270923091346326,0.0160470658746329,43.93502562394764,0.1286256330291698,3.0189222
-0.0031664888,0.03901231,-0.00084845215,88735.3,0.33351225,258.37625,-12.855497,197.56325,31.124325,0.224805,0.039161860939881,0.2664293109884653,0.0517362678533692,200.41263722725952,0.2742168312074561,2.185459257238885
0.00050239643,0.069110766,-0.00087018503,98370.0,0.0,295.4,6.21414e-12,4.4697612e-10,-1.0328889e-11,1.15506,1.799391519700636e-14,1.2942821574902685e-12,2.990874815691342e-14,4.4713862876536207e-10,1.2947527244219628e-12,0.6698670379885004
-1.3877788e-20,0.04036,-0.00015293711,91908.4,0.9999541,204.68575,17.156475,1377.9075,10.574005,0.10887525,0.0157471747678061,1.2647234347144067,0.0097056229601963,1378.0548729177715,1.2648587031546328,0.1019580733333333
0.0028192918,0.04575077,0.0048831706,92883.625,3.7035522e-06,291.66312,13.00315,-16.418026,22.660664,1.104555,0.0378963216154335,0.0478449499618078,0.0660288062975373,30.85675259291023,0.0899170378176792,3.7590637937450806
0.0045836214,0.010935385,0.0012281717,97693.85,1.1009341e-06,297.04938,-8.97055,0.157939,-2.6771276,1.14074,0.0259024697056907,0.0011280102438271,0.0077308126994599,9.362837402032715,0.0270550514499332,3.163541676540452
-1.5126382999999998e-19,0.003523077,-0.0045283833,97977.73,1.7160565e-08,295.59274,0.037436232,0.40504414,11.0669,1.1497087,0.0042315638644185,0.0011724909031711,0.0320352647767555,11.074373022289556,0.0323347963805789,3.0189222
-0.0025933797,0.021716923,-0.004491879,99301.586,1.4278354e-05,297.4121,5.355044,11.421495,9.232033,1.1578938,0.0154529066978438,0.0329539097044925,0.0266396371808177,15.631937742648862,0.0451045758138763,3.4578474498201968
-1.6320611e-19,0.024412308,-0.0019252748,98592.45,0.1198786,288.732,2.4245293,329.59088,10.567955,0.45994225,0.0044292495264441,0.59863893183366,0.0190168841074766,329.7691741118066,0.5989572863230483,1.2835165333333334
-0.0049647847,0.05496,9.37506e-20,109616.375,3.7387833e-21,302.6466,-28.86995,36.567837,-0.10924372,1.2562975,0.0825899508419324,0.1046110872614868,0.0108158120165187,46.59069274062609,0.1337219553688917,3.3098564666666666
0.0024067922,0.06888615,-0.000644892,98370.0,0.0,295.4,5.7133888e-11,8.5379515e-10,-1.5262257e-11,1.15506,1.6543919639315264e-13,2.472283711327864e-12,4.4194009742855645e-14,8.558407420836267e-10,2.4782070106222843e-12,1.6611287174214255
0.0007791963,0.06686462,-0.0013496222,98370.0,0.0,295.4,9.326064e-08,4.185049e-06,-1.5926187e-07,1.15506,2.700492780011219e-10,1.2118396550084377e-08,4.611651238537297e-10,4.1891164966625246e-06,1.213017455888846e-08,1.0389368404857235
0.002317984,0.0064430768,-0.002317984,97925.64,3.854716e-05,302.3325,-7.6757,5.5604777,8.095001,1.1229237,0.021964820273108,0.0158977363981099,0.0231644141489252,12.464522611484094,0.0356620447405452,2.185416273442557
0.004299605,0.008464616,0.00248237,98001.0,5.7398165e-07,296.583,-6.295491,-1.835255,-3.6156888,1.1461338,0.0181931275613342,0.0053036610367534,0.010448551023781,7.488295757016509,0.0216400307151424,3.3098347708290348
0.0013424361,0.029129231,-0.0050100614,94514.48,0.0013878713,296.11163,-2.2626555,1.5888748,7.5179863,1.0873238,0.0065366055624288,0.0088917294275598,0.021511319483028,8.010259112459657,0.0241769917564739,3.4578638180467665
0.0041669416,0.052264616,-0.0011165227,102204.125,8.521978e-08,298.0464,51.11061,18.563787,-13.918407,1.1894238,0.1473400492538708,0.0535137010662497,0.0401226489559349,56.13047920489471,0.1618104856774807,2.8759558980875943
-0.0010559278,0.025086153,-0.0018289352,89951.336,0.08580096,297.522,10.462639,296.96188,9.265488,0.4923115,0.0247387031236522,0.5856777472908293,0.0324200425490945,297.2905552752338,0.5870958067153825,1.407912163392128
-0.001159104,0.024412308,0.00031057486,100764.81,0.98315626,232.54712,4.497095,752.64954,-1.2646872,0.106754124,0.0047553131056013,0.6533669885997736,0.0023515800868982,752.6640375090101,0.6533885250932818,0.7999941184450516
0.0028803973,0.03699077,-1.8657987e-19,95447.58,0.366003,263.11273,-28.880022,280.0805,-21.650167,0.21891788,0.0372386220750449,0.3595351569896053,0.0294624654506333,282.3966569952597,0.3626572499702962,1.9202648666666664
-0.00544649,0.06956,-0.0014593768,98370.0,0.0,295.4,-1.5562538e-12,1.0318643e-11,-1.9704122e-13,1.15506,4.506351681159779e-15,2.9879078693193317e-14,6.952009989982035e-16,1.0437200031322696e-11,3.022498723667784e-14,3.7590799089658
0.00023684214,0.023064615,-0.0008839167,104513.25,0.9993964,221.58563,-19.427711,1022.6435,5.005073,0.114439875,0.0171500185239637,0.902865153160748,0.0047055551807923,1022.840268469464,0.9030402815915316,0.6100648168910395
-1.588243e-19,0.02373846,-0.0028803973,101339.21,0.12764087,276.84338,-0.660741,174.55438,19.660961,0.47119337,0.0028564119253672,0.3174400839009836,0.0356010813939975,175.65939070626712,0.3194429572749616,1.9202648666666664
-0.0026657272,0.041033845,0.00153905,91472.77,0.35038564,260.02612,38.711613,231.86212,-4.636896,0.21911512,0.0501758447321762,0.3060324311224612,0.0213419920528019,235.11727387937916,0.3108519662445346,2.0520749831783918
0.0037359586,0.012507692,-0.0021569484,97768.73,4.57189e-05,301.489,-8.132402,4.0648427,4.6736865,1.1241575,0.0233018696111277,0.0116375948618545,0.0133901173236233,10.222634394598565,0.0292866178225321,2.875939503395293
-0.0007775554,0.056083076,-0.0007775554,120919.125,3.329588e-09,309.3205,-9.902001,80.09769,-10.507928,1.3559338,0.0280190175424402,0.2266512836016145,0.0297336218744088,81.38861172174695,0.23030405548334,0.7330862614509579
-0.0038263933,0.02531077,-0.0038263933,95948.766,6.02513e-05,295.50726,13.422625,-0.39890474,13.240337,1.1253225,0.0388423905484765,0.0034244781116821,0.0383185665919619,18.85822130413652,0.0546696524547246,3.607558199889029
-0.0001279371,0.026658462,-0.00044156975,91924.836,0.99997735,198.79324,-8.6917,1583.045,-26.6079,0.11212462,0.0080957342004439,1.4744387058530812,0.0247780418462598,1583.2924549862228,1.47466911189856,0.3064867194305833
-0.0025933797,0.023289232,0.004491879,98052.55,3.8007347e-05,296.66675,7.0470963,9.419227,-13.6815,1.1458325,0.0203538524009469,0.0272076502043608,0.0395264688174212,18.04347100169484,0.0521236728788077,3.4578474498201968
0.0029342247,0.0062184613,0.00508224,98056.15,3.2865738e-10,295.76538,-3.3311486,-1.0655395,-5.7879963,1.149955,0.0096397715165645,0.0030834963504521,0.0167496225046512,6.762605015092623,0.0195699514226054,3.912307532088964
0.0025934312,0.039686155,0.00069490174,92013.25,0.33904612,262.526,-13.97234,327.71188,-8.274412,0.22159937,0.0250635966968291,0.4303344231781658,0.0127847631221055,328.11395653363445,0.431253231662737,1.7899439863847344
1.2490008e-19,0.014753846,-0.00075,106442.0,0.99977887,204.23538,1.0086088,1430.0875,-49.751923,0.12640825,0.0063559952234624,1.3144805341847312,0.0457588366596351,1430.9530141797666,1.315292113774845,0.5
0.0014593768,0.024636922,0.00544649,96221.2,2.0379869e-06,294.9235,-4.3999076,0.619723,-16.983913,1.1316237,0.0127538342714916,0.0026591742414296,0.0492186361228836,17.55552745652593,0.0509137077619355,3.7590799089658
0.0033709237,0.010486154,-0.0019461956,98218.45,6.45055e-05,302.47687,-7.3352036,8.86119,4.102624,1.12535,0.0209837309437565,0.0253321294020772,0.0117354251869997,12.2130022416656,0.0349249760011831,2.594935572283576
0.0004151182,0.04507692,0.00071900955,90890.35,0.999148,221.10625,-16.046785,1034.5076,18.5496,0.09975571,0.0141767399001206,0.914158584453413,0.0163917673267588,1034.7983192036777,0.9144154348654436,0.5534930905771464
0.0039870623,0.029129231,-0.0039870623,95962.73,0.00023829367,295.61575,-3.2586124,-6.8651175,4.0947413,1.1224325,0.0094192435842931,0.0198430953489934,0.0118348562719904,8.632224474384671,0.0249506393847564,3.759038385790977
-0.0018984762,0.061024614,-0.0018984762,113320.0,3.73e-43,304.86163,-2.6356637,38.38619,-2.6160038,1.28931,0.0075125677380785,0.1094141092769122,0.0074565279337908,38.56539616984652,0.109924909787121,1.7899005265883576
0.00014174538,0.03586769,-0.00029804165,92529.69,0.99999076,204.34525,-12.493993,1442.6725,-37.435963,0.10979,0.0114759720138143,1.325263431457597,0.0343898136584175,1443.212213585747,1.3257592239829552,0.2200207847616693
9.37506e-20,0.004870769,0.0049647847,98057.27,1.9580408e-08,295.89313,0.007882491,-0.9481994,-9.245903,1.1494713,0.0035029889157235,0.0027433480492117,0.026750437435508,9.294399739694528,0.0271179422680597,3.3098564666666666
9.37506e-20,0.06753846,0.0049647847,98370.0,0.0,295.4,1.5458253e-11,7.894487e-08,1.0866772e-08,1.15506,4.1258214333031876e-12,2.2859597083210932e-10,3.1466266108561845e-11,7.968926823590786e-08,2.3078835799491468e-10,3.3098564666666666
0.0027523169,0.030027693,0.0027523169,95267.48,0.27740613,259.03613,3.9831169,90.33525,5.5801463,0.27468312,0.0114052892098528,0.1283784262032135,0.0125001217919029,90.59503653915576,0.1294888179774096,2.594909258619116
-0.00025366183,0.01744923,-0.00041642482,104515.0,0.9999624,197.89925,17.800964,1642.7512,25.35805,0.12805675,0.0166258097056213,1.5335425942515604,0.0236752281659755,1643.043337870481,1.5338154459911024,0.3250667997750489
-0.0026657272,0.051366154,-0.00153905,97878.984,0.06041871,266.99988,-89.61915,3.07777,-52.92515,0.7474304,0.2065799361041956,0.0066086338797983,0.1220634881299771,104.1255790736258,0.2400384118782404,2.0520749831783918
0.0010616601,0.024412308,0.0039621918,96564.11,0.0076034986,296.158,-4.3591576,45.9907,-20.46445,1.0298975,0.0187389930165079,0.1265456334808728,0.0567944578018709,50.52663114906967,0.139966273256655,2.734640827760201
-4.1633363999999997e-20,0.0017507585,-0.00476546,98029.21,8.619199e-13,295.37262,-0.05569376,0.5475153,9.781837,1.1511675,0.0037325340761584,0.0015854774697964,0.028325986287213,9.79730625698748,0.0286148047098052,3.176973333333333
-0.0004505431,0.017673846,-0.0016814725,104100.27,0.41188636,277.03513,-30.163126,476.10538,-106.23716,0.22418213,0.0352739076773522,0.5650046763603341,0.1235548885739752,488.7458247390988,0.5794310514309737,1.1605245659162278
0.00069490174,0.020593846,-0.0025934312,101829.25,0.033579513,319.67773,1.9316624,141.86263,-7.923766,0.765486,0.005032074663184,0.3280442762027897,0.0185346488809918,142.09687954971858,0.3286059983231738,1.7899439863847344
-0.0004505431,0.020369232,-0.0016814725,101245.69,0.46213686,267.76074,-22.716038,474.10852,-80.54505,0.20050837,0.0257852997347383,0.5474464442973698,0.0897478823300932,481.4378591246334,0.5553531970187798,1.1605245659162278
-0.00054659264,0.030476922,0.002039934,90247.86,0.36361137,254.25912,-33.5522,435.32837,117.23463,0.23353988,0.0456315738673451,0.5835442425613842,0.1473251039167608,452.0846141187884,0.6035816513150767,1.4079290131187046
-0.0024944716,0.061473846,-0.0014401756,112784.125,0.0,304.53937,-3.0791101,36.48685,-1.7515349,1.2845738,0.0087811369384572,0.1040549679472867,0.0049950986993261,36.65840990054451,0.1045442285899073,1.9202423830851167
0.0037597984,0.014304616,0.001007429,97821.25,0.0014488425,312.748,-1.3201839,24.609776,-0.20907988,1.0647175,0.0040578854132568,0.0684451560587041,0.0008307255832866,24.64604785145513,0.0685703720780499,2.5949521253287604
0.0030142437,0.0062184613,-0.0017402662,97921.984,1.4392465e-05,299.88925,-9.736923,1.9950333,5.869295,1.1323825,0.0279802485401568,0.005728348978797,0.0168657998918446,11.542809500856492,0.0331687126126953,2.3203631449363105
0.004149602,0.022615384,-0.004149602,98119.29,3.2276748e-07,295.68536,-8.581073,3.8374076,8.557958,1.1510012,0.0248358762303282,0.0111060583926108,0.0247685242288285,12.712165671105405,0.0367919158732231,3.912282284567013
-0.0046863924,0.012956923,-0.002705682,97826.89,1.6704887e-07,296.11838,5.4102974,-3.1504474,3.22883,1.1458962,0.0156472433321881,0.0091115336182996,0.0093380360629458,7.044287043094817,0.0203729032365783,3.607583913671109
-0.00044156975,0.033396922,0.0001279371,93796.45,0.9999821,204.81963,-0.3884656,1438.4113,3.134213,0.11104025,0.0024511074847632,1.319885071367853,0.0028766266560746,1438.4147670836608,1.3198904820205888,0.3064867194305833
0.0009626141,0.06843692,0.0016673111,98370.0,0.0,295.4,1.7683441e-10,6.55477e-09,3.059366e-10,1.15506,5.120488778890807e-13,1.89802573359684e-11,8.858824656391628e-13,6.564288031818805e-09,1.900781813717336e-11,1.2834938790837072
-0.0005954578,0.036766153,0.0022223014,93315.35,0.24651176,274.822,0.66170144,367.7365,22.686422,0.27573788,0.0060469239958753,0.5332378707053923,0.0330317254310005,368.4362156794684,0.5342941951108786,1.533796090173774
0.0032781975,0.03452,-1.5699931e-19,95459.08,0.45138562,254.96162,-5.6596947,225.77225,-10.447544,0.186136,0.0124610251640985,0.2667521617274723,0.0249912243596816,226.08470136166147,0.2682099070306982,2.185465
0.0019924412,0.027781539,-0.0011503282,83070.77,0.19643928,271.09976,45.3781,318.74463,-31.629614,0.311775,0.1176494325885129,0.532037492442448,0.098295970542972,323.5084907621992,0.5536852717725403,1.533779196505254
0.005186804,0.05204,-2.0375435e-19,101794.875,3.764186e-11,297.7495,41.53169,14.287787,-0.19160998,1.1858462,0.1197856124938182,0.0412081104015084,0.0157624021799167,43.92105242361463,0.1276524760663244,3.457869333333333
-0.0052270126,0.050018463,0.001400568,98041.266,5.829377e-09,295.3029,-36.610836,0.07815163,9.636212,1.1515825,0.1060293077969435,0.0014422990699798,0.0279079555566909,37.8578393731749,0.1096501177466786,3.607600091361616
-0.0027523169,0.05293846,0.0027523169,104660.375,3.546757e-07,299.62738,-42.446236,28.225912,42.37366,1.2115762,0.122039377422243,0.0811502088158275,0.1218311696439006,66.28659080534344,0.1905827902232044,2.594909258619116
0.0012849732,0.03788923,-0.004795607,93681.11,0.008918666,284.972,6.9528275,-2.200517,-19.872,1.0224596,0.0191079481130229,0.0106631049782991,0.0551680014466448,21.167911311984597,0.0593491690968391,3.309850793761437
-0.0028192918,0.02284,0.0048831706,98329.75,1.23268e-06,296.05612,5.7291613,5.5582676,-11.099101,1.1520113,0.0165697485363771,0.016076428421958,0.032104714458272,13.67141802896936,0.0395439098700708,3.7590637937450806
0.00095382205,0.014978462,0.0035597347,98027.086,0.0026787622,321.809,-0.17501453,45.59844,0.07896913,1.0208176,0.0005098845036065,0.1239943611396779,0.0017136473045599,45.5988442467877,0.124007250448223,2.4568713291004243
0.00083024846,0.018347692,7.63982e-20,98177.86,0.9997251,208.66525,41.679863,1312.8013,0.8655488,0.1141255,0.0379217016907151,1.1940521053846238,0.0043305585989778,1313.4630613139122,1.194661977117524,0.5534989733333333
0.004491879,0.06349538,-0.0025933797,98478.414,0.0,295.47226,0.037986077,0.2824895,-0.021733938,1.1560525,0.0001099787149072,0.0008178741600379,6.292490641496493e-05,0.2858594474861514,0.000827630958361,3.4578474498201968
0.00074549386,0.023513846,-0.0027822433,101413.33,0.1115366,279.73563,-1.450312,169.98863,18.379915,0.50749564,0.0033299108114249,0.3209411835975544,0.0345166898729955,170.98555204923449,0.32280912861132,1.920259111647012
-0.0048831706,0.040135384,0.0028192918,92291.61,6.1945764e-05,290.8181,-10.445639,-16.806099,6.8873363,1.0998287,0.0304656053313562,0.0490271006519273,0.0200784394272896,20.952129701427005,0.0611142654081312,3.7590637937450806
0.0031915514,0.05159077,0.0018426349,99129.73,0.00052672654,295.01886,59.980576,8.095158,34.322063,1.1574162,0.1731791527924025,0.0233814109196411,0.0990948151713555,69.57876895226524,0.2008917413243574,2.4568546932603774
-1.8747665e-19,0.01655077,-0.0026849245,97726.79,0.01707975,354.19513,0.892764,150.39963,-1.2545412,0.78036475,0.0023169800783852,0.3591270484293873,0.0036873260289107,150.40751179817812,0.3591534514431548,1.7899496666666668
0.002176526,0.019246154,-0.002176526,99625.79,0.018996099,323.25726,5.51539,116.37325,-4.0964117,0.854513,0.0135298860627748,0.2875092111639359,0.0099886968012767,116.57586984976992,0.2880006569172511,2.052048392038442
-0.00084845215,0.057655383,0.0031664888,113049.25,8.868600999999999e-26,304.7125,-2.945255,44.23905,10.738969,1.2868588,0.0083971413165375,0.1261275429120105,0.0306173155790491,45.61900401258762,0.1300618663428217,2.185459257238885
0.0039621918,0.05540923,0.0010616601,111436.875,8.2728127e-19,303.755,26.573437,44.553425,7.028805,1.2725012,0.0758818905830172,0.1272232410671955,0.0200705807685591,52.35035179396237,0.1494879346251127,2.734640827760201
-0.0016814725,0.060575385,-0.0004505431,113568.875,1.4921442e-36,305.01288,-2.66493,39.920425,-0.6795685,1.2915025,0.0075941109576745,0.1137590442020047,0.0019365309348916,40.01504713769206,0.1140286841590874,1.1605245659162278
0.00087018503,0.067987695,0.00050239643,98370.0,0.0,295.4,1.2244139e-09,4.9280374e-08,7.102319e-10,1.15506,3.545462343149981e-12,1.4269824824763568e-10,2.0565761409473426e-12,4.9300698578520845e-08,1.4275710091478484e-10,0.6698670379885004
0.001331215,0.05069231,-0.00035669186,94257.1,0.9874845,233.77,1.9416715,506.1355,-13.585128,0.09891465,0.0021270139947031,0.4372633737784561,0.0117360294802298,506.32150867925833,0.4374260127434264,0.9187823969714264
0.00248237,0.040135384,0.004299605,91610.4,0.0039683986,286.84787,4.1929708,-13.368116,12.863248,1.05209,0.0127061553666199,0.0384789864840616,0.0361147097746844,19.0197444417272,0.0542803007282657,3.3098347708290348
0.0005954578,0.062596925,0.0022223014,103785.375,0.0,298.9455,0.27180701,13.946718,0.97559476,1.204145,0.0007819759007006,0.0401238031952995,0.0028067356353486,13.983440462130508,0.0402294523215409,1.533796090173774
0.002050962,0.0462,0.0035523847,94399.8,0.061157785,267.27176,29.501575,-13.448273,49.57269,0.70694524,0.067487509098282,0.03087514935082,0.1128335924047329,59.23386335534138,0.1350527982186357,2.7346242628142687
-0.0021578514,0.067763075,0.0012458276,98370.0,0.0,295.4,-5.5982423e-09,9.1716565e-08,3.2447074e-09,1.15506,1.6210497211747507e-11,2.6557818783369016e-10,9.395506257347917e-12,9.19445307691564e-08,2.6623829478628875e-10,1.6611119533351038
-0.004299605,0.033846155,-0.00248237,95330.67,0.021529563,284.67276,-13.700625,6.175496,-4.611869,0.911022,0.035832044879706,0.0156310702161606,0.0231537857549418,15.719834983542352,0.0454352681421553,3.3098347708290348
-0.0009008322,0.028455384,0.0033619737,91524.516,0.30342138,255.0985,-15.348025,155.47462,8.23903,0.25136802,0.0208874489531072,0.2167388479688745,0.0186114079545061,156.44743830081052,0.2185369493900118,2.32037983596063
-0.0018289352,0.048446152,0.0010559278,92591.305,0.834386,241.82362,-23.649187,342.5021,2.3186812,0.109759375,0.0217087572894573,0.3144589498381296,0.0054871211815547,343.3254270115719,0.3152551502754759,1.407912163392128
0.0004505431,0.05653231,0.0016814725,117674.0,1.3974782e-13,307.4485,3.6854088,64.6601,13.755113,1.3275825,0.0104603909314907,0.1835252187608549,0.0390410428039448,66.20962092986099,0.1879231990012907,1.1605245659162278
-1.4847213e-19,0.016775385,-0.0021119022,95929.31,0.03955199,344.636,1.7966495,242.15488,-14.227914,0.64976376,0.0050453317843216,0.527925883718217,0.0298080791086894,242.57915696537412,0.5287908051891828,1.4079348
-0.0010048215,0.027107691,4.0129963e-20,90506.68,0.99931264,219.92474,-22.86015,1063.6274,-31.213612,0.099864684,0.0202556951482076,0.9425122665807012,0.0276614416524304,1064.3308329945482,0.943135632449182,0.6698810000000001
0.0024917016,0.02531077,-1.3285194e-19,95605.766,0.16277462,275.79913,-58.95955,253.06837,-8.399193,0.38667813,0.1009717294030363,0.4307407050098988,0.0143165303347361,259.9814894828296,0.4426486282955026,1.6611344
0.0005329707,0.010261538,-0.00031432978,101909.125,0.99989825,191.87387,-173.07275,1672.5176,107.77714,0.12872775,0.164213639506475,1.5861187156304393,0.1022250286294788,1684.899169389344,1.5978700372531598,0.4125050721052952
-1.8923934e-19,0.00868923,-0.0023007027,97248.24,0.002398622,372.63174,-0.16225588,163.02237,-2.1626225,0.8780086,0.0022798173831956,0.4128318546213976,0.007592959168827,163.0367945694008,0.412907968906369,1.5338018
-0.0010996894,0.0026246153,1.0156928e-19,82925.11,0.23006381,225.33987,-152.24553,108.05281,-0.93611616,0.44545513,0.3140812385303887,0.1431029244667836,0.0439287435497533,186.6949047707034,0.3479298864679332,0.7331262666666666
-1.6405244e-19,0.025086153,-0.0017407954,93365.35,0.2274415,270.04102,-8.588685,426.46887,14.713958,0.300749,0.0129103220448383,0.6437530223351742,0.0241154497360868,426.8090476420713,0.6443339080763533,1.1605302666666666
-0.0031664888,0.03586769,0.00084845215,95019.9,0.41740888,257.0294,14.846462,206.40512,-3.00436,0.19589113,0.01911652621025,0.2496250509173211,0.0196758221916505,206.9601825838522,0.2511279466700983,2.185459257238885
0.0019461956,0.01744923,0.0033709237,97702.42,0.0047888625,305.69763,0.7152285,39.268063,1.4644345,1.0425075,0.0019826062763116,0.1081863061450726,0.0040394910679584,39.30186881032468,0.1082798460150842,2.594935572283576
-0.0010616601,0.046649233,0.0039621918,92971.14,0.04322956,268.84137,-13.630862,-8.958555,54.593575,0.7851305,0.0332955704977934,0.0221222723738697,0.1324545545685207,56.97819352903086,0.1383553359133735,2.734640827760201
0.00084845215,0.058553845,0.0031664888,112975.625,4.5555244e-31,304.664,2.073615,41.749775,7.811221,1.2862263,0.0059124357214927,0.1190400742035052,0.0222719706054579,42.52480176590704,0.1212498941739216,2.185459257238885
-0.00074549386,0.01116,-0.0027822433,98052.81,0.0057771513,330.30487,0.86556965,76.07535,5.05473,0.95649964,0.0022903970331106,0.2005302187308095,0.0133351462222254,76.24800576942587,0.2009861703390651,1.920259111647012
0.0004982899,0.056307692,0.0018596658,117792.125,6.1629114e-13,307.51874,4.5831385,66.07828,16.844313,1.3286126,0.0130070105632929,0.1875288842557693,0.0478036371085755,68.34526411325479,0.1939625027545677,1.2835107603984124
-0.0003036618,0.0062184613,2.8622937e-20,117962.55,0.999999,192.05087,462.46826,1803.47,0.018813133,0.14617026,0.4444694410881872,1.7176102274803124,0.1243322730864448,1861.8219390589857,1.7785377397561903,0.2024412
3.469447e-20,0.010486154,-0.0006,114194.75,0.9998965,197.97176,-1.7585125,1602.6412,155.98425,0.13977675,0.0193616428486,1.4962361859629538,0.1458534190410653,1610.2152013168038,1.5034529647597,0.3999999999999999
0.0004505431,0.032273848,-0.0016814725,90772.61,0.31968325,260.61652,68.69748,502.71875,-109.54141,0.25898087,0.0919281867596686,0.7062118788786428,0.1437995565559765,519.0807315482833,0.726542718534787,1.1605245659162278
1.00559694e-19,0.065292306,0.003480578,98370.375,0.0,295.4,3.566339e-07,0.0010052586,0.00010324138,1.15507,3.967403528663904e-08,2.9108675428701465e-06,2.989499048766598e-07,0.0010105462694038,2.926447492581504e-06,2.3203853333333333
-0.0006470514,0.058104616,0.0006470514,114703.375,5.0171373e-20,305.69824,-2.492325,49.4866,2.3913662,1.3014762,0.0070942355759264,0.1408608069431054,0.0068068586414076,49.60699442385245,0.1412035000828012,0.6100459102883323
0.002264169,0.061923075,-0.00392167,109365.125,0.0,302.45886,1.9915538,27.573387,-3.3759112,1.2541788,0.0056985336712161,0.0788978546908394,0.0096596711004118,27.850578694532523,0.0796909907491864,3.0189002301766195
0.0029004794,0.004196923,-0.0029004794,97986.04,3.8174213e-07,296.0515,-8.968364,-0.18556145,9.057696,1.1480175,0.0259403989791773,0.0005797068003373,0.0261987891443669,12.747856396925645,0.036872983494752,2.7345982032425185
-0.0037359586,0.069110766,0.0021569484,98370.0,0.0,295.4,-1.5667564e-11,1.5724529e-10,8.9365355e-12,1.15506,4.536763521137788e-14,4.553258160678483e-13,2.5876992814456246e-14,1.5827638944460715e-10,4.583115096303431e-13,2.875939503395293
0.001400568,0.0037476923,0.0052270126,98055.83,4.844941e-10,295.51312,-2.2669625,-0.2342064,-8.509107,1.150935,0.0065631047926582,0.0006780364899179,0.0246345660868464,8.80902228125552,0.0255028611000467,3.607600091361616
-0.0054114084,0.025086153,1.4721278e-19,96208.27,2.8740382e-05,295.66986,19.348125,0.5820351,0.22914875,1.12822,0.0559896764424777,0.0034484824502063,0.0057977228059425,19.358233778495485,0.0563945874094072,3.6076056
-0.00050239643,0.034295384,0.00087018503,94217.61,0.99905235,225.45438,-11.84983,896.78015,-4.63975,0.10142235,0.0103802942841341,0.7848161036789918,0.0075948954765271,896.8704383494386,0.784921492596934,0.6698670379885004
-0.0010622129,0.06349538,0.0002846142,98773.234,0.0,295.66876,-0.03363196,1.062201,0.010357547,1.1587437,9.73360517035739e-05,0.0030741729555706,2.997631493836838e-05,1.0627837747699664,0.0030758595948417,0.7331216324027761
-1.8657987e-19,0.043504614,-0.0028803973,89868.016,0.29402274,263.397,1.0085392,258.66537,-7.318244,0.24141175,0.0031665389191053,0.3582776471098055,0.0369500767100149,258.7708397091882,0.3601919037903829,1.9202648666666664
-0.00019411351,0.00824,0.0007244437,80913.3,0.9998666,179.854,-56.804413,1800.4237,234.37488,0.10904225,0.0556856677192605,1.763542332141025,0.2295294468858676,1816.5031861334512,1.779288121083957,0.4999994352148855
0.0024067922,0.053387694,0.000644892,108039.875,0.0021339727,299.3495,97.70389,56.79754,24.675663,1.2180812,0.2769622223491838,0.1611641600162982,0.0699359619804461,115.67583591949214,0.3279832280170559,1.6611287174214255
0.00054659264,0.022615384,0.002039934,102081.1,0.10781734,298.36676,12.26194,250.062,45.702423,0.509025,0.0223665091891751,0.465758984817116,0.0832119689223606,254.49964731730876,0.4736622472217052,1.4079290131187046
-0.0035523847,0.04372923,0.002050962,91325.164,0.15897238,260.09076,-72.02395,-19.484137,46.731586,0.4378445,0.1215515122282111,0.0346432942817202,0.0786242442132437,88.0393213190144,0.14885126718224,2.7346242628142687
-0.000644892,0.06551693,-0.0024067922,98370.2,0.0,295.4,-1.11971585e-05,0.00060821715,-4.2755837e-05,1.1550688,3.2422945725013514e-08,1.7611781359210574e-06,1.2380553118573345e-07,0.0006098209077345,1.7658220418286889e-06,1.6611287174214255
0.0001279371,0.059676923,0.00044156975,113702.25,5.520421e-29,305.09637,0.29077175,42.29,0.95199186,1.292665,0.0008284828124892,0.120494990918034,0.0027124686739,42.30171316521477,0.1205283647379926,0.3064867194305833
-0.0011165227,0.06416923,0.0041669416,98385.9,0.0,295.41052,-0.0013618112,0.041599337,0.0051683513,1.1552075,3.943235064629046e-06,0.0001204542686284,1.4965381789648314e-05,0.0419412830483788,0.0001214444012117,2.8759558980875943
0.00045754042,0.04867077,0.0007924895,93892.39,0.998595,226.29726,16.58705,860.9314,-6.4720173,0.10073548,0.0144898266896084,0.7521714549246397,0.0056615316894431,861.1154932653309,0.7523323106327513,0.610057499491838
0.002317984,0.029353846,-0.002317984,93696.875,0.3980055,253.39737,2.7353826,185.426,14.299027,0.20407362,0.0101264238357957,0.2305406816571291,0.0178855648753693,185.9966289133088,0.2314550578180285,2.185416273442557
0.0015188704,0.046873845,-0.0056685233,94988.36,1.2188428e-07,293.24,7.2909837,-9.946146,-27.985462,1.1235713,0.0211874149128399,0.0289068878309503,0.081334110746806,30.582190028191665,0.0888805506606123,3.9123237593043534
-0.00037499773,0.0026246153,-0.0006495165,149080.73,1.0,189.9075,-383.90988,1731.5637,-665.83276,0.1820275,0.3759642796206018,1.661072635178531,0.6508085908340335,1894.4743089861424,1.823201376917253,0.4999977694516481
-0.0006470514,0.05990154,-0.0006470514,113656.75,4.368946e-30,305.06836,-1.2408001,41.626476,-1.2022291,1.2922676,0.0035355191252741,0.1186098941015651,0.0034256161724582,41.6623144325375,0.1187120116939759,0.6100459102883323
0.00071900955,0.013630769,0.0004151182,93984.0,0.9996189,200.064,-71.46842,1448.5188,-44.67914,0.11395138,0.0664220075999335,1.3456126083488664,0.0415263447829497,1450.9688744290402,1.3478908012714077,0.5534930905771464
-7.63982e-20,0.030701539,0.00083024846,92694.27,0.9998374,213.05788,1.0383853,1225.2075,20.601713,0.10551287,0.0019608184012774,1.1026033592233926,0.0185395170960172,1225.3811353529215,1.102760956088701,0.5534989733333333
0.00028127836,0.060126156,0.00028127836,113703.375,1.5209322e-31,305.09537,0.5080408,41.313786,0.5503675,1.29268,0.0014475409532484,0.1177137216162215,0.0015681406758736,41.3205750624712,0.1177330654350423,0.2651917810093745
0.001159104,0.038787693,0.00031057486,91978.31,0.8565451,241.59601,-6.57413,674.36237,19.979546,0.10656225,0.0060075985375691,0.6119672596174044,0.018076994030139,674.6903048922817,0.6122636652594942,0.7999941184450516
0.0033553978,0.04822154,0.0033553978,94955.69,0.00026378577,292.24713,29.915413,-10.815361,29.932713,1.1230638,0.0869305371107553,0.0314316206682828,0.086992289890465,43.67918584476202,0.1269351155535217,3.1634993839445635
-0.0016814725,0.0037476923,-0.0004505431,96155.14,0.024159089,326.20325,-39.201794,164.69838,-10.697235,0.80830014,0.0900533930937897,0.3892462502765921,0.0245527890658658,169.63716533851908,0.4002812716240979,1.1605245659162278
-0.0045836214,0.022166153,-0.0012281717,99498.11,0.00027824647,298.75287,11.742787,20.319363,2.2199068,1.1509326,0.033751167168625,0.058385812026474,0.0073593794841512,23.573237907716965,0.0678395518678224,3.163541676540452
-0.0015584395,0.049344614,1.5101126e-19,93165.4,0.98136586,236.18613,-7.138121,468.287,-21.05935,0.0973298,0.0061521394410742,0.4036342569055896,0.0181517221704631,468.814636463958,0.4040890337353682,1.0389596666666667
-0.0026058601,0.021267692,-0.0026058601,101657.625,0.012113201,301.54437,3.4793336,76.66637,2.878875,1.0084242,0.009280479765952,0.2036035023597214,0.007654937785345,76.79925763015301,0.2039586025406352,2.45682846337794
-0.0012458276,0.0032984614,-0.0021578514,97665.17,3.5012374e-06,297.95425,10.808139,12.068708,18.821188,1.1369138,0.0311609019847092,0.0347859975451615,0.0542631757482796,24.83358007142605,0.0715930141843554,1.6611119533351038
-0.002317984,0.06349538,-0.002317984,98621.375,0.0,295.56763,-0.046343174,0.65959126,-0.04623236,1.1573588,0.0001341500996444,0.0019093253579075,0.0001338292719801,0.6628316159900276,0.001918705252409,2.185416273442557
0.00035669186,0.06349538,0.001331215,98755.81,0.0,295.65698,0.011975461,1.0158595,0.042249836,1.1585863,3.4659585960016526e-05,0.0029401193222113,0.0001222802468133,1.0168082336647553,0.0029428651641724,0.9187823969714264
-0.00040334585,0.06956,-0.0015053301,98370.0,0.0,295.4,-9.231192e-13,5.9443776e-11,-2.388933e-12,1.15506,2.6730214348154653e-15,1.721277989194164e-13,6.9174908581824425e-15,5.949892146143551e-11,1.722874803466783e-13,1.038953872289757
-0.00392167,0.0608,0.002264169,112905.75,0.0,304.612,-5.189055,37.022438,3.0448987,1.28565,0.0147966917829762,0.1055701784682886,0.0086825872530578,37.508113993509866,0.1069550933380625,3.0189002301766195
-0.0015075472,0.052489232,-0.0008703744,98705.52,0.9975523,233.23775,-146.35562,78.92556,-72.99695,0.102843,0.1259857578491238,0.067910800177068,0.0628401696420807,181.597814513833,0.1563111476579748,1.160507581746156
-0.0016673111,0.03991077,0.0009626141,90522.83,0.26225975,271.37112,6.4096475,446.16037,14.5020685,0.25866538,0.0333020763758497,0.6362664665975991,0.0287138463069464,446.4420111620207,0.6377840777075542,1.2834938790837072
0.0015188704,0.06416923,0.0056685233,98376.984,0.0,295.40475,0.00080817274,0.018132312,0.0029924463,1.1551287,2.3401561348992512e-06,5.250417307932627e-05,8.66496843624998e-06,0.018395342250184,5.326580703866942e-05,3.9123237593043534
-0.00019411351,0.051141538,0.0007244437,94122.125,0.9997556,220.74374,-1.734841,1013.70197,-4.28907,0.10341025,0.0018266765570214,0.896145232260279,0.0037928333140666,1013.7125281738612,0.8961551202970508,0.4999994352148855
0.004149602,0.0046461537,-0.004149602,98068.29,2.2500281e-10,295.58063,-5.424534,-0.817796,5.434871,1.1508175,0.0157026563315667,0.0023673149733631,0.0157326439546196,7.72218765644898,0.0223538292436269,3.912282284567013
0.00153905,0.028455384,-0.0026657272,95565.54,0.466826,251.91487,0.93566483,199.86812,0.49659967,0.18295687,0.0145247347456618,0.2328886451988726,0.0212385146296208,199.8709270310236,0.2343057051923209,2.0520749831783918
0.00071048376,0.04709846,0.00071048376,92336.2,0.9960565,232.17462,10.032553,747.4054,5.33958,0.096789636,0.0086697913421408,0.6454078296630001,0.0061559954436832,747.4918027533373,0.6454954129597849,0.6698505128252208
-0.0041095437,0.069110766,-0.002372638,98370.0,0.0,295.4,-1.406203e-11,1.2496235e-10,-7.72279e-12,1.15506,4.071858329509812e-14,3.618460055037321e-13,2.2362423190957207e-14,1.259879799450229e-10,3.6481586135410594e-13,3.1635254947783733
0.0014401756,0.049793847,-0.0024944716,96218.92,0.87051976,238.49713,63.449287,-9.53444,-121.90531,0.11239479,0.0587380890791613,0.0131794651278412,0.1127761793998181,137.7592906961925,0.1278371153059526,1.9202423830851167
-9.37506e-20,0.034744617,-0.0049647847,93347.0,0.014909614,285.0385,1.5920298,2.6962373,-14.968761,0.9558196,0.0074490748972143,0.0112872945229905,0.0400177512717254,15.292745349907594,0.0422411192005931,3.3098564666666666
-0.0010622129,0.053163078,0.0002846142,112768.125,0.9994025,235.78325,-204.084,480.4644,72.7472,0.116019875,0.1745373258421832,0.4110998186087217,0.0622157911698372,527.0564237642874,0.4509292002555978,0.7331216324027761
-0.0012463098,0.0017464056,-0.002171707,97872.95,4.0237187e-09,295.75375,7.4498487,8.645001,13.098825,1.1478537,0.0215591229504089,0.0250176590779915,0.0379067776208128,17.372838119418418,0.0502752706380305,1.6692778759990854
-0.002264169,0.039686155,-0.00392167,90618.79,0.040419374,272.25763,-10.470086,1.9192706,-20.70611,0.775761,0.0254741165523653,0.0102848291942231,0.0496563801798175,23.281952061962507,0.0567491358369482,3.0189002301766195
-0.00045,0.06506769,4.1633363999999997e-20,98371.65,0.0,295.4015,-5.4442487e-05,0.004429475,2.2766e-06,1.15508,1.576454146401811e-07,1.282613005616232e-05,2.4936250270484943e-08,0.0044298101475033,1.2827123064464809e-05,0.3
1.3285194e-19,0.029578462,0.0024917016,92763.7,0.21940237,266.7115,4.2577996,327.01712,-40.399975,0.30819714,0.0120454296323317,0.5031043017804422,0.0621949731915872,329.530702075738,0.5070771593508387,1.6611344
0.002264169,0.02823077,0.00392167,92996.04,0.013610002,294.67,-5.9441075,22.991674,-10.301489,0.9320943,0.0160073166687639,0.0609906808698272,0.0289529710813341,25.88571349047488,0.0693856748496097,3.0189002301766195
-0.00029804165,0.008913846,-0.00014174538,49645.562,0.9999982,160.06,-72.71104,2126.41,-42.754074,0.07516665,0.0754966913370571,2.2072939912184983,0.0443773534790598,2128.082304395551,2.2090305257225253,0.2200207847616693
0.00025366183,0.015203077,-0.00041642482,101817.85,0.99995565,195.009,48.700836,1682.0837,-74.63173,0.12658137,0.0458164459853691,1.5819075300345895,0.0701948447291103,1684.442709134265,1.5841268561985211,0.3250667997750489
-0.00015293711,0.02576,2.2551406e-20,91613.414,0.9999965,195.35713,-2.4493568,1649.6025,-21.203512,0.11370338,0.0023017879542783,1.5498037152348163,0.019919793915797,1649.740584539314,1.5499334347555298,0.1019580733333333
-0.0026657272,0.015652308,-0.00153905,98101.95,0.025143676,328.496,-5.4479475,96.306175,-0.9858819,0.777184,0.013062042538912,0.2286446091997062,0.0050420346356323,96.46518251791228,0.2290729062648868,2.0520749831783918
1.5513156999999998e-19,0.014978462,0.0036853154,98177.67,0.003346745,320.79575,-0.3333088,45.34426,-0.30361962,1.016834,0.0009056593471338,0.1229647715056262,0.0020385165615866,45.34650145906965,0.1229850023379101,2.456876933333333
-0.0033619737,0.026433846,-0.0009008322,93855.164,0.185086,265.56226,12.428823,122.920876,6.7145815,0.35683662,0.0239952810141279,0.2011187750565531,0.0123045451609527,123.7299600036016,0.2029185477545443,2.32037983596063
0.00021488206,0.039686155,0.0008019567,91580.45,0.9643159,228.21187,25.136412,976.89685,-1.6911311,0.100647874,0.0222185948641909,0.8637101859527854,0.0015624140479971,977.2216507387428,0.8639973335687972,0.5534975051172251
-0.0019461956,0.034295384,0.0033709237,94019.42,0.43192562,251.81924,-6.37943,98.65814,27.7486,0.19323938,0.0095077255953709,0.1184933129726908,0.0332036394040787,102.68451936560108,0.1234242428978886,2.594935572283576
-0.0018289352,0.01947077,-0.0010559278,101875.6,0.08723379,313.09213,-20.264746,245.68726,-15.617272,0.54906076,0.0388527947211675,0.4711084062793838,0.0301258704031022,247.01576638237916,0.4736668008128611,1.407912163392128
-0.001331215,0.030252308,0.00035669186,93479.94,0.99444723,229.40399,-19.934235,688.37775,29.071625,0.09931669,0.0173165740654951,0.5984346216401762,0.0252697542424515,689.2796673341223,0.5992181744527285,0.9187823969714264
0.0018426349,0.04485231,0.0031915514,94978.77,0.56584775,245.77362,57.8815,-9.275068,85.913925,0.16255912,0.0660393484308431,0.0158119344656673,0.0973788884055282,104.0071989698802,0.1187175670228006,2.4568546932603774
0.0012458276,0.012507692,-0.0021578514,97311.164,0.0046111075,370.06537,1.0309424,178.2905,-5.038526,0.85974073,0.0035437141839662,0.4474859532407002,0.0126397852382407,178.364660111623,0.4476784565163088,1.6611119533351038
-0.0038924366,0.06327077,1.5418135999999998e-19,98795.91,0.0,295.684,-0.13168651,1.1143274,0.0006626749,1.1589513,0.0003811099522086,0.0032249403649998,4.985027882988453e-05,1.1220816950849717,0.0032477638774666,2.5949577333333336
-0.00016102531,0.048895385,0.0005830067,94073.33,0.99989724,216.88087,7.3368087,1139.125,1.3799522,0.105182126,0.0065401823204515,1.015844695040792,0.0013622053678333,1139.1494628252144,1.0158666615411536,0.4032236559999844
1.6060752e-19,0.01408,0.0024917016,97581.016,0.0075404337,369.29187,-0.1917789,169.29613,6.611104,0.8330651,0.0025417855863168,0.4178347574970891,0.0163143491082775,169.42527293241173,0.4181608580838776,1.6611344
-0.0009705788,0.00868923,-0.00026006208,88726.734,0.9983344,198.49687,-58.690224,1423.2075,-18.8529,0.1085725,0.054692615315521,1.3292940807423623,0.0175885571104395,1424.5418780393331,1.3305350023986444,0.6698774323920479
-0.0011165227,0.061024614,-0.0041669416,112875.0,0.0,304.59338,-1.4182228,36.781815,-5.3408813,1.2853775,0.0040442110920681,0.1048871883635052,0.0152300764346577,37.194600194992745,0.1060642878369724,2.8759558980875943
0.004149602,0.009812308,0.004149602,98301.4,2.9641285e-09,296.064,-4.127901,-1.1364813,-4.087245,1.15167,0.0119394875237795,0.0032871402004952,0.0118219221912969,5.919183060277465,0.0171205869445318,3.912282284567013
-0.001007429,0.016326154,-0.0037597984,98209.086,0.0033211976,310.24924,-0.92539084,33.770298,-2.8942761,1.05199,0.0025576150269236,0.0931572591327117,0.0079846256203702,33.90672808394509,0.0935337937327606,2.5949521253287604
0.0019924412,0.02284,0.0011503282,101807.19,0.063189276,306.63962,-3.5617127,231.50826,2.3607466,0.6265815,0.0116012724361881,0.4842725087182415,0.0073105075629901,231.54769135125136,0.484466609523532,1.533779196505254
0.00023684214,0.033396922,-0.0008839167,93676.4,0.9997144,221.25575,0.35386235,1000.5631,-4.476665,0.102692,0.0027381067730731,0.8837754306583416,0.0052543169432708,1000.5731771488256,0.8837952912923774,0.6100648168910395
0.0058684936,0.043504614,-1.4511581e-19,92493.5,3.1946445e-06,291.33313,19.023674,-17.690363,0.75727,1.1011713,0.0554662495024152,0.0515807934863397,0.0072376888181166,25.98889326968244,0.0760885486126032,3.9123290666666666
0.0012849732,0.009363077,-0.004795607,98061.98,6.513192e-07,296.69913,-1.6804447,-1.1496708,7.0420675,1.1463963,0.0048550913036173,0.0033218013313402,0.0203464307011576,7.330508305205511,0.0211797903183285,3.309850793761437
-1.7975756e-20,0.013181538,0.0009151009,91998.58,0.9993509,202.7055,1.5006402,1355.6388,-60.84355,0.11012888,0.0086085299953947,1.2515608477022422,0.0562055459654357,1357.004327761357,1.2528518370849402,0.6100672666666667
-0.000848475,0.026658462,-0.000848475,91654.586,0.97576827,232.54437,-26.589138,902.83014,-28.166838,0.09780878,0.0231546960850931,0.7865466268884248,0.0245338541718412,903.6606745426742,0.7872697417155552,0.7999499015563412
-0.00410197,0.041932307,1.5322009e-19,90512.15,0.178317,259.12613,-74.82127,-7.4518876,-6.260227,0.405105,0.1202507168883692,0.0162400729333921,0.013871065411102,75.4515971686979,0.1221326382941418,2.7346466666666664
-1.0156928e-19,0.02823077,-0.0010996894,92324.266,0.9990685,222.92963,-9.428838,906.1874,-19.59415,0.10050555,0.0082999980417295,0.7975185026755585,0.0172230384623683,906.4482542423548,0.7977476324823746,0.7331262666666666
-0.0004982899,0.024412308,-0.0018596658,98367.75,0.10268389,293.4734,5.585034,329.291,14.703507,0.49725825,0.0107842320019942,0.6235122316631968,0.0278144094639368,329.6664198911988,0.6242254753431009,1.2835107603984124
0.00019411351,0.045975383,0.0007244437,91362.83,0.9996001,217.75713,-12.662575,1121.1212,22.062012,0.101772,0.0112721316580373,0.9979889143390158,0.0196369211974095,1121.40974593079,0.9982457326579448,0.4999994352148855
0.0004505431,0.058329232,0.0016814725,114136.125,9.724457e-24,305.35938,1.3736162,46.630863,5.3240438,1.2964774,0.0039120782765056,0.1328058587433551,0.0151630175913227,46.95390982627528,0.1337259046537964,1.1605245659162278
0.00040334585,0.06124923,0.0015053301,113435.875,1.00118e-39,304.931,0.57252514,38.56285,2.1150038,1.2903337,0.0016317088062245,0.1099051005316306,0.0060278110120625,38.62504920686116,0.1100823696242649,1.038953872289757
0.00031432978,0.062596925,0.0005329707,104903.25,0.0,299.661,0.17838801,16.783037,0.29927638,1.2142037,0.0005126122084139,0.0482274768694951,0.000859997101293,16.78665301890483,0.0482378678165622,0.4125050721052952
-1.2490008e-19,0.029129231,0.00075,91368.96,0.9998692,208.77437,-10.833445,1331.1763,1.2011359,0.1061365,0.0098439746485815,1.2101677408010578,0.002610045351613,1331.2209237912798,1.2102105920248571,0.5
-0.0010622129,0.014529231,0.0002846142,101373.5,0.99344826,226.07938,-4.572573,841.07434,15.024463,0.1094,0.0104087165727277,0.7369670966595113,0.0131747520017288,841.2209509508867,0.7371583391848375,0.7331216324027761
0.00410197,0.012956923,-1.5322009e-19,97700.21,0.00045204887,305.3951,-8.00621,8.860102,-0.17848063,1.1031088,0.0227328953851919,0.0251202601726624,0.003033809606321,11.942891666166496,0.0340149379606039,2.7346466666666664
-0.0023251872,0.003972308,-0.0013424391,97757.46,1.81893e-05,299.86487,16.77425,11.344342,9.93144,1.1305275,0.048204251589324,0.0325818175549765,0.0285408052409621,22.55444654495126,0.0648058814481768,1.7899271558427734
0.00041642482,0.03901231,-0.00025366183,92446.6,0.9996101,206.50812,12.6342125,1338.0225,-13.045278,0.10858512,0.0115449966569474,1.222967356951631,0.0119286483031176,1338.145736872424,1.2230800201815932,0.3250667997750489
-0.0018289352,0.045526154,-0.0010559278,87506.15,0.435326,255.46788,-39.15467,370.30212,-16.021854,0.17570363,0.0460110337835469,0.4413300866204153,0.0202874126194084,372.7109443857272,0.4441855915008996,1.407912163392128
-0.0008703744,0.03901231,-0.0015075472,97030.016,0.5695255,256.7856,-71.088264,574.84174,-62.00661,0.164103,0.0771581270976,0.620196468890422,0.0681365537154102,582.5301597414965,0.628680862245361,1.160507581746156
-0.002973254,0.04709846,0.000796675,94030.4,0.85971373,240.86037,-25.72463,79.285774,1.6186647,0.10895075,0.0253909796482626,0.0723437966697827,0.0073131675961738,83.37032219457355,0.0770182392968514,2.0520916596531995
0.00015012702,0.06731384,-0.00015012702,98370.0,0.0,295.4,3.3384566e-09,8.0151176e-07,-3.0153382e-09,1.15506,9.666970363103832e-12,2.3208898743336115e-09,8.731335548760897e-12,8.015243845169203e-07,2.320926430398162e-09,0.1415411118417712
0.0007244437,0.046424616,-0.00019411351,91160.56,0.99959177,219.53888,-1.5960387,1074.6925,1.1064433,0.100724146,0.0024185141348402,0.9528029834580528,0.0018092544474033,1074.6942547127337,0.9528077706960844,0.4999994352148855
-2.1064273e-19,0.006667692,-0.0036853154,98011.3,1.2863866e-05,299.27487,0.25177902,0.9891445,9.930509,1.1357613,0.0037214584268316,0.0030209039931438,0.0285660608105707,9.982825677926735,0.0289654094393925,2.456876933333333
0.002039934,0.040584616,-0.00054659264,92265.94,0.28923613,269.00162,34.63392,424.99576,0.80266744,0.24739374,0.047337214202926,0.5854943372391621,0.0139311274504616,426.4053807206978,0.5875700018718284,1.4079290131187046
0.002705682,0.007566154,-0.0046863924,98062.664,2.3578846e-08,296.11386,-3.2426875,-1.9568763,5.7565026,1.1486763,0.0093783261602641,0.0056595460202909,0.0166485951414681,6.890697298529714,0.0199288530254151,3.607583913671109
0.0017618468,0.027332308,-0.0017618468,92063.99,0.192633,273.7085,-31.4545,284.48627,40.07044,0.3312679,0.0513813211301832,0.4553430794649483,0.0648227760019877,289.011182397077,0.4627951517316372,1.6610850929224252
-0.00040334585,0.024187692,0.0015053301,106970.375,0.7326574,249.32437,-13.644869,595.91925,103.29603,0.1467265,0.024018825521246,0.5805177433134149,0.1065927477038926,604.9595067311122,0.590711239222842,1.038953872289757
0.0038263933,0.0316,0.0038263933,95159.984,0.0008667409,295.715,-0.48617163,-6.1774297,0.98525834,1.103575,0.0021262200949891,0.0177948278305312,0.0028369916225712,6.27437124728833,0.0181445647750813,3.607558199889029
-0.00084845215,0.04485231,-0.0031664888,92964.89,0.73767775,244.76675,16.997255,141.0954,25.271694,0.123768,0.0171973684942744,0.1386009946077632,0.0360434339032332,144.34499331921654,0.1442397806325488,2.185459257238885
0.0004526625,0.009812308,-0.0004526625,83707.85,0.9999399,181.52513,-140.20613,1794.8237,134.85588,0.11176425,0.1366373552988922,1.7498551533525517,0.1314061076620292,1805.3354207298544,1.7600938582099657,0.4267742977851408
-0.0029342247,0.041932307,-0.00508224,92508.17,7.833949e-06,291.22763,-8.054964,-16.78,-13.994363,1.1016712,0.0234841904874349,0.0489341356164173,0.0408089975856639,23.28718619363587,0.06790751884234,3.912307532088964
0.003480578,0.022166153,-1.00559694e-19,102942.0,0.0235321,298.50287,-8.434922,96.27109,-1.3610163,0.9149294,0.0211872071009949,0.2417952019273903,0.0034092927758128,96.64948548390235,0.2427456296147865,2.3203853333333333
-0.0004526625,0.015427692,-0.0004526625,95393.15,0.99990773,194.97687,-68.16725,1629.27,-61.632576,0.1186335,0.0641177281703431,1.5325754377578344,0.0579690237177027,1631.859700249062,1.5350110628901432,0.4267742977851408
0.002050962,0.018572308,0.0035523847,99646.766,0.005385896,302.11575,2.70135,34.172638,5.0034337,1.0681337,0.0074811966565971,0.0943188239924393,0.0138532907937805,34.642471454730824,0.0956238596195973,2.7346242628142687
-0.0015053301,0.030926153,0.00040334585,94299.31,0.9703742,233.10362,-17.4294,598.87714,12.78227,0.10090257,0.0152336233769301,0.5223362948404703,0.0112185884549107,599.2670516767066,0.5226787970788384,1.038953872289757
0.0030781461,0.020144615,-1.8567266e-19,101554.625,0.028011838,312.2754,6.351651,118.69575,-2.802785,0.8227409,0.0152896830229666,0.2853088536052359,0.0067880741559527,118.8986128693036,0.2857988703672977,2.0520974
-0.004491879,0.0024,-0.0025933797,98029.375,4.7062727e-12,295.35764,7.9791775,0.27698886,4.599334,1.1512288,0.0231064596809375,0.0008021198035025,0.0133190088441206,9.214003996560146,0.0266823513160988,3.4578474498201968
-0.0010392044,0.031375386,0.00059997645,94466.17,0.99844885,227.39212,-3.32439,733.6026,15.998588,0.100875,0.0046425380941655,0.6393933724701538,0.0139384758285947,733.7845604219442,0.6395621307012611,0.799977090098061
0.0008019567,0.03564308,-0.00021488206,92583.375,0.99926984,217.71112,-14.250579,1105.4437,-52.49825,0.103189625,0.0126774607626555,0.9843982224393186,0.0467381542538961,1106.7813330213824,0.985588673542944,0.5534975051172251
0.0011165227,0.023513846,0.0041669416,98049.94,0.0026469354,297.65912,-3.6690993,33.96395,-17.297699,1.1039175,0.0134835971230982,0.0962495603273872,0.0491521855517543,38.29128595346938,0.1089115356567313,2.8759558980875943
0.00045,0.06596615,-4.1633363999999997e-20,98370.05,0.0,295.4,1.9914828e-06,0.00015416599,4.6609628e-08,1.15506,5.766617985609264e-09,4.46409271893913e-07,8.489471201979891e-10,0.0001541788592799,4.464473234627556e-07,0.3
0.000644892,0.06956,-0.0024067922,98370.0,0.0,295.4,4.7761713e-13,4.7244764e-11,-2.7573072e-12,1.15506,1.6836813420977136e-15,1.3680384494857494e-13,7.98417033832975e-15,4.7327566877389096e-11,1.370469764408063e-13,1.6611287174214255
0.0018426349,0.0462,0.0031915514,94586.5,0.4706101,247.9675,78.19085,-35.607063,129.24188,0.207821,0.0972763024683623,0.0425696579337649,0.1598951763802568,155.19386426383895,0.1919409342172416,2.4568546932603774
-0.0050100614,0.06574154,0.0013424361,98370.0,0.0,295.4,-1.1907345e-05,8.36095e-05,3.21817e-06,1.15506,3.4479389580281244e-08,2.4210305282001285e-07,9.318662779402585e-09,8.451443647891125e-05,2.447234234122165e-07,3.4578638180467665
-0.0024917016,0.0037476923,1.6060752e-19,97796.875,1.7427938e-05,301.04337,19.021637,15.7073,-0.13870126,1.1265862,0.054564195229369,0.0450137619513922,0.0072008125811051,24.66903292570048,0.0711009273348351,1.6611344
0.0029004794,0.023513846,-0.0029004794,99025.55,0.00550133,297.522,-13.630412,45.440876,15.087875,1.0760725,0.0379635595326798,0.1263871575666483,0.0419865923894244,49.78258043686311,0.1384840040966601,2.7345982032425185
-0.0028803973,0.05743077,1.8657987e-19,113556.375,1.7409376000000002e-22,305.018,-11.484138,46.839874,-0.014745012,1.2913363,0.0327253418060447,0.133475522290179,0.0042745977498494,48.22716495248605,0.1374952189455384,1.9202648666666664
-0.0015188704,0.029353846,0.0056685233,95752.23,2.4324516e-05,295.051,1.6920459,-8.590109,-4.969615,1.125285,0.0049045039187817,0.0248859479788837,0.0143978726525427,10.067276950983956,0.029166132798434,3.9123237593043534
0.00014174538,0.041932307,0.00029804165,90793.016,0.99959624,208.39275,13.264575,1339.1763,14.785663,0.10567787,0.0120706599430487,1.218428100493008,0.0134534133863686,1339.3236081179075,1.2185621573125454,0.2200207847616693
0.0017618468,0.052489232,0.0017618468,100192.42,0.1363746,258.9536,125.24089,11.578991,119.89634,0.559922,0.2354096924024111,0.0236884899025625,0.2235252561085009,173.76560622276716,0.3254879536161554,1.6610850929224252
-7.63982e-20,0.03699077,0.00083024846,93709.81,0.9706545,223.47412,-13.019375,1011.234,-21.998413,0.1045465,0.0115886225335204,0.9007061666174454,0.0195958779084034,1011.557035987546,0.900993836375099,0.5534989733333333
0.0011503282,0.067763075,-0.0019924412,98370.0,0.0,295.4,3.176875e-09,9.655994e-08,-5.438535e-09,1.15506,9.19908787618895e-12,2.796028644219775e-10,1.5748041961526975e-11,9.676513943830934e-08,2.8019704822918923e-10,1.533779196505254
0.00071900955,0.008015385,-0.0004151182,89151.39,0.99960214,187.87662,225.16125,1639.4349,-124.22511,0.11507013,0.2157920112996236,1.571706992828778,0.1190554235340869,1659.4807193197769,1.5909127120368665,0.5534930905771464
-3.469447e-20,0.029129231,-0.0003036618,93084.35,0.99999326,198.92725,-9.981341,1561.6937,-1.3050144,0.113457,0.0092937476164994,1.4539965255209506,0.0026378854934387,1561.7261420781915,1.4540286202175086,0.2024412
0.001007429,0.066415384,0.0037597984,98370.0,0.0,295.4,3.4484012e-07,1.1813841e-05,1.2761266e-06,1.15506,9.985330101739894e-10,3.420863738607805e-08,3.695203850506436e-09,1.1887567159888949e-05,3.4422121832934445e-08,2.5949521253287604
-0.0023251872,0.03901231,0.0013424391,92193.29,0.3511555,263.0294,37.242474,303.50113,-2.1243825,0.21772225,0.0485438197073,0.3952021103679436,0.0087869028000238,305.78497474847234,0.3982692809292077,1.7899271558427734
-0.0012849732,0.007566154,0.004795607,97982.95,2.0313239e-07,296.42175,2.052708,-1.802005,-7.2837286,1.14655,0.0059337192423029,0.0052089346896021,0.0210545534433075,7.77904457319451,0.0224863568713143,3.309850793761437
-0.0015188704,0.05204,0.0056685233,102025.375,2.0168862e-14,297.88376,-9.279806,12.8560505,34.369698,1.1879963,0.0267586362270422,0.037070419387518,0.0991066405745333,37.850613924577104,0.1091437896184083,3.9123237593043534
0.0012458276,0.053163078,-0.0021578514,106191.0,0.0069108247,294.09912,58.508823,47.712013,-98.28994,1.1524137,0.1623259856767678,0.1329429521472156,0.2726423008141145,123.9380121615685,0.3440310717722531,1.6611119533351038
-0.0031915514,0.013181538,-0.0018426349,97594.664,0.0022707162,320.02277,3.9411988,29.704025,2.5795338,1.027142,0.0108107604861827,0.0811943723152409,0.007075803180592,30.07517487575241,0.0822159694256903,2.4568546932603774
0.0002846142,0.022166153,0.0010622129,99835.266,0.99827987,225.72737,-28.140825,831.7566,24.105024,0.10741775,0.024603370056684,0.727765105102698,0.0211134586262905,832.5815274537871,0.7284868922351666,0.7331216324027761
-0.002264169,0.023513846,0.00392167,98160.85,0.0013117966,298.05612,9.073427,24.4533,-15.4737,1.1228187,0.0259011888201108,0.0698520787447274,0.044287371005951,30.32699045576941,0.0866692316677226,3.0189002301766195
-0.00059997645,0.033846155,-0.0010392044,96335.336,0.92552185,236.96326,-28.614897,797.9419,-47.725906,0.10640901,0.025632045961312,0.705964149177783,0.0428770467904991,799.8798973655054,0.7077293429312851,0.799977090098061
0.0018289352,0.030027693,0.0010559278,98557.19,0.5318764,253.871,106.3236,437.6659,46.872936,0.18637826,0.1227149265334409,0.497513699294376,0.0603849761645843,452.8280248273401,0.5159701343353896,1.407912163392128
-0.00016102531,0.06439385,-0.0005830067,98388.92,0.0,295.41248,-0.0001948916,0.049892813,-0.00081240165,1.155235,5.643224565686804e-07,0.0001444681769624,2.352366440166805e-06,0.0498998072965181,0.0001444884294417,0.4032236559999844
0.0008019567,0.04283077,-0.00021488206,91240.06,0.9994079,219.52275,10.472726,1101.8638,2.7266312,0.100836925,0.0092864086257574,0.9770347127201574,0.0024205214251266,1101.9169416330851,0.9770818421039736,0.5534975051172251
-0.001007429,0.028904615,-0.0037597984,96675.914,0.2389835,262.437,-3.3130376,101.010284,-22.062254,0.31351662,0.0077246102275787,0.1511003463233043,0.0336023271041771,103.4446554610734,0.15498419483614,2.5949521253287604
-0.0031915514,0.04283077,0.0018426349,91050.94,0.651574,244.30862,-41.389908,26.756964,32.07006,0.1340965,0.0524702744487966,0.0325532722585564,0.0335465330755547,58.8009213801056,0.0702724349717655,2.4568546932603774
0.0009705788,0.028904615,-0.00026006208,92694.33,0.999534,222.09012,12.7872715,959.13196,10.33437,0.10124925,0.011229390171604,0.8456473704778682,0.0091011234835796,959.2728653564392,0.8457708938290691,0.6698774323920479
1.0156928e-19,0.055184614,0.0010996894,125990.5,7.295074e-05,312.13214,1.0888925,112.3265,30.646162,1.3987138,0.0117546769480697,0.3162520535524614,0.0862798716417522,116.43717419474244,0.3280209597827852,0.7331262666666666
-0.0045836214,0.04754769,-0.0012281717,94473.27,0.00029130428,291.67838,-36.620487,-11.246661,-10.196527,1.1191312,0.106507911840299,0.0327106444105754,0.029649210613253,39.642358842881926,0.1152952611009014,3.163541676540452
0.0007244437,0.037215386,-0.00019411351,93067.77,0.9953034,215.22675,-9.480283,1184.5312,-53.628338,0.10531987,0.0085121775940972,1.0628819822850124,0.0481163254450489,1185.7824582004248,1.0640045799750322,0.4999994352148855
0.0010559278,0.05204,0.0018289352,96578.23,0.97688764,232.81137,73.69524,-6.0547175,142.11313,0.102833375,0.0642414169665049,0.0178036308614059,0.1238092293926343,160.19921885283745,0.1406152701825498,1.407912163392128
0.00014174538,0.049344614,0.00029804165,93902.3,0.9999672,214.27812,10.58737,1197.8075,-2.446885,0.10625625,0.0094974717282181,1.074530721537918,0.0021935726354302,1197.8567888967236,1.074574932361133,0.2200207847616693
0.0006470514,0.049344614,-0.0006470514,93607.39,0.99809927,225.58963,10.801908,873.0495,4.8649364,0.10079013,0.0094544222432195,0.7641082062464313,0.0042548885796687,873.1298748026359,0.7641785400218442,0.6100459102883323
-0.001007429,0.06349538,-0.0037597984,98570.73,0.0,295.53375,-0.015813585,0.52566487,-0.059714563,1.1568962,4.577873700553846e-05,0.0015217455859368,0.0001728675107419,0.5292820175076327,0.001532216857155,2.5949521253287604
-0.0009151009,0.015203077,-1.7975756e-20,97820.92,0.9992504,210.70676,-75.00524,1200.3175,-3.7546887,0.11266837,0.0679370781410142,1.0870105605871525,0.0080132953648293,1202.6645353218585,1.0891609698832114,0.6100672666666667
0.0024944716,0.039686155,0.0014401756,93823.55,0.35492924,261.37338,-6.386581,288.6805,-0.28803796,0.21821162,0.0379467675999533,0.3713471433379177,0.0079027830973251,288.7512813183449,0.3733645832389572,1.9202423830851167
0.0004982899,0.009587692,-0.0018596658,98548.08,0.060655523,354.62225,13.694114,306.2166,-29.608562,0.57676375,0.0260489461181329,0.6090731946463042,0.0563004874017534,307.94934943511873,0.612224181907408,1.2835107603984124
0.0007924895,0.03362154,-0.00045754042,94441.33,0.9997776,220.78813,6.756922,1022.88086,-6.425226,0.103745624,0.005981421142466,0.9044138841403268,0.0056666076974693,1022.9233565025312,0.9044514147633764,0.610057499491838
0.0029004794,0.053163078,-0.0029004794,105317.5,1.674698e-09,300.01376,36.629463,29.665575,-36.7245,1.2176213,0.1052478168397134,0.0852359208806097,0.105520062951897,59.75326601951557,0.1716879402965267,2.7345982032425185
0.0019924412,0.0030738462,-0.0011503282,97687.44,1.5515701e-06,298.15662,-19.2515,15.291738,11.125214,1.13643,0.0554904988964061,0.0440592407389831,0.0320676148061353,26.985697876031296,0.0777736721623865,1.533779196505254
0.0011019303,0.06731384,0.0011019303,98370.0,0.0,295.4,2.1809775e-08,6.989931e-07,2.1815325e-08,1.15506,6.315326695423039e-11,2.024032791221428e-09,6.316933777299302e-11,6.996734442138105e-07,2.0260028233695223e-09,1.0389098500332354
0.0009626141,0.04283077,-0.0016673111,86783.73,0.36405563,262.3991,18.361101,480.046,-41.3655,0.19804312,0.0275452596298472,0.6104480514386147,0.0525332683009285,482.1746537678875,0.6133231685756332,1.2834938790837072
0.0006890677,0.059676923,0.0011935149,113580.5,8.157494e-31,305.0235,1.3809664,41.803825,2.428545,1.2915875,0.0039351993281722,0.1191239856939744,0.0069203761171271,41.8970724949319,0.1193897037728679,0.9187653821431114
-0.0008839167,0.038787693,0.00023684214,93179.42,0.99230635,226.03563,3.214613,990.40247,9.162311,0.10068727,0.0042334153830798,0.8685057060724637,0.0080139793768218,990.4500665160772,0.8685529961675836,0.6100648168910395
0.0024067922,0.03362154,0.000644892,93422.75,0.23449224,272.872,10.354951,382.85962,8.790547,0.28914276,0.0311473734316472,0.5688840061463751,0.0129645153560479,383.1004924994433,0.569883540716221,1.6611287174214255
-0.001007429,0.03564308,-0.0037597984,93444.94,0.42798063,252.58925,-3.655489,87.85341,-29.93034,0.19202524,0.0059299660673725,0.1061324269108451,0.0364956401844879,92.88384951633314,0.1123885594356546,2.5949521253287604
-0.0003036618,0.03699077,2.8622937e-20,93109.6,0.9999815,203.47,-15.087563,1423.1475,-37.50711,0.11095475,0.0138897011690501,1.31013374769085,0.0345294879713828,1423.7216106437668,1.3106622929559708,0.2024412
-0.0005969555,0.0013238153,-0.0022585439,97957.516,1.8391667e-09,295.85388,2.98875,7.3601475,12.00895,1.1484563,0.0086477857919127,0.0212959544255182,0.0347470134444922,14.398585968308009,0.0416612147843564,1.5574018845082929
0.0004526625,0.05540923,0.0004526625,126633.875,4.014465e-05,312.51624,12.512966,111.713875,10.638769,1.4047375,0.0352142446226368,0.3144004604735431,0.0299398778962388,112.91478021706524,0.317779937785192,0.4267742977851408
0.002372638,0.056981537,-0.0041095437,111143.5,5.0615523000000004e-30,303.56412,7.499479,38.67014,-13.098038,1.2699512,0.0214217625076524,0.1104586295883556,0.0374138378866907,41.5112094781697,0.1185740107480698,3.1635254947783733
0.0007775554,0.014304616,0.0007775554,100137.48,0.99208826,225.01613,0.6244675,865.83673,-6.3212533,0.10871538,0.0075752120889508,0.7609104334116765,0.0092462077383078,865.8600298085333,0.7610043126490663,0.7330862614509579
0.00026006208,0.063944615,0.0009705788,98457.664,0.0,295.45874,0.0020218613,0.23122363,0.007038216,1.1558663,5.853920366270765e-06,0.0006694647695287,2.037783690988123e-05,0.2313395588263191,0.0006698004197228,0.6698774323920479
0.0020366963,0.046873845,0.0020366963,91296.8,0.4607776,252.1555,1.2453076,194.64337,-3.023786,0.1798885,0.0217701873121119,0.2318829003535665,0.0155926304165926,194.67083900201723,0.2334239718951225,1.9202156865967344
0.0006470514,0.0044215387,-0.0006470514,63317.414,1.0000187,154.55612,125.11545,2110.6611,-121.40439,0.09906713,0.1328805178229969,2.231432612253659,0.1288953042976295,2117.8487152752878,2.2390986433196898,0.6100459102883323
-1.6148376e-19,0.0073415386,-0.0023007027,98113.81,0.0003964239,363.24176,0.06375339,129.54387,-4.5787,0.932936,0.0027170952300375,0.336399908371476,0.0118297617662407,129.62477700178172,0.336618811450389,1.5338018
-1.5418135999999998e-19,0.03744,-0.0038924366,95499.336,0.6262345,247.859,-1.1089463,82.3718,-38.106007,0.14358337,0.0062791870244524,0.0847390990008756,0.0511750609161673,90.76569267416149,0.0991918844913316,2.5949577333333336
0.0012849732,0.01655077,0.004795607,97809.92,2.5016401e-05,297.0879,-0.63580024,2.121,-2.411806,1.1415825,0.0018358701200471,0.006121048518548,0.0069630084349987,3.274093939828248,0.0094509862199647,3.309850793761437
-0.0007244437,0.051815383,-0.00019411351,96063.81,0.9990384,221.21213,-14.111512,1019.1889,-13.761787,0.10538875,0.0124612531175687,0.9003096168072657,0.0121548459241561,1019.379485488878,0.900477889358948,0.4999994352148855
0.0037359586,0.03923692,-0.0021569484,96761.5,0.107136324,268.43326,32.249813,15.276182,-14.5300045,0.5451905,0.0629753173229081,0.0290074828408329,0.0282582362493579,38.52964061345646,0.0748722416427257,2.875939503395293
1.4617036e-19,0.030476922,0.0056386283,95763.125,0.00019250555,295.63586,0.68880886,-7.5420065,-2.6164887,1.1206975,0.0019916124978989,0.0218074839069319,0.0075631141560209,8.012635821556128,0.0231675110970057,3.759085533333333
-0.000530325,0.045975383,0.000530325,91469.33,0.99938977,216.34238,-15.682625,1140.9187,18.35915,0.10257425,0.0140064611564525,1.018968385650959,0.0163958071348678,1141.1741686198927,1.019196533746977,0.4999952049770078
-0.0005329707,0.046649233,0.00031432978,92312.336,0.99957687,214.31625,-12.260838,1193.2987,14.401862,0.10447863,0.010999261996455,1.0706495233676934,0.0129204088342436,1193.448586743149,1.0707839757002249,0.4125050721052952
-0.0012308755,0.020593846,-0.0012308755,100465.6,0.44587126,266.30237,-49.266125,462.67902,-58.910202,0.205045,0.0529322975126612,0.5417315322149925,0.0643194064235933,469.0089962040779,0.5480984101041123,1.160480550461843
-0.0031915514,0.03496923,0.0018426349,92945.46,0.45945013,252.56288,-15.943059,130.90375,16.870895,0.179692,0.0184496938285671,0.1532203501805765,0.0199005913021767,132.94585361131428,0.155604949940555,2.4568546932603774
1.5183822e-19,0.0062184613,0.0013781823,100621.125,0.6996525,259.56412,-0.9016638,761.4946,29.998749,0.13700463,0.0159258709906818,0.7369623702486628,0.1026482899742469,762.0857981673279,0.7442471632219878,0.9187882
0.0024944716,0.04036,-0.0014401756,92244.48,0.31485337,265.09186,-11.216734,277.00162,12.374211,0.23273174,0.0231432267762104,0.3712890977422849,0.0179789513864894,277.5046552800938,0.3724438826734208,1.9202423830851167
-0.00071048376,0.010486154,0.00071048376,102065.0,0.9950236,218.27463,60.93794,1007.7319,-60.9429,0.11393475,0.0543657490265359,0.8984416066171237,0.054369751836777,1011.4104270124288,0.9017255819165648,0.6698505128252208
0.0003036618,0.017,-1.7564074999999998e-20,95533.94,0.99999,191.103,-52.027573,1767.2588,-0.47918117,0.12117588,0.0494159210304414,1.6788838666065615,0.0113240997352714,1768.024537200857,1.679649131824233,0.2024412
-0.0004982899,0.067763075,0.0018596658,98370.0,0.0,295.4,-1.4584143e-09,1.0574846e-07,5.548891e-09,1.15506,4.223043266324404e-12,3.0620953193617917e-10,1.6067593909625474e-11,1.0590398460856857e-07,3.0665987529679816e-10,1.2835107603984124
0.00025366183,0.047996923,0.00041642482,93293.125,0.9999363,214.99687,2.5706224,1182.115,4.113184,0.10521925,0.002537981980116,1.058731907542633,0.0036827106696814,1182.12495092826,1.058741354514534,0.3250667997750489
-0.0013496222,0.06619077,-0.0007791963,98370.0,0.0,295.4,-2.2205288e-06,5.7927577e-05,-1.2699834e-06,1.15506,6.429852917970631e-09,1.677374307113079e-07,3.677415239639876e-09,5.798403041423418e-05,1.6790089950033706e-07,1.0389368404857235
0.00508224,0.017224615,0.0029342247,98775.46,1.0299565e-07,296.21588,-0.9395611,-0.0790811,-0.527035,1.1566287,0.0027169905238485,0.0006937838525431,0.0015240411270032,1.0801827494620622,0.0031915630806125,3.912307532088964
-0.0039870623,0.03204923,0.0039870623,95506.71,0.00044387675,295.08237,-2.5045853,-8.156001,4.420011,1.1160787,0.0072340283836434,0.0235697191180082,0.0127651799344892,9.608839528116706,0.0277635128309989,3.759038385790977
-0.0008839167,0.012058461,-0.00023684214,91958.2,0.9993384,200.49287,-98.82206,1381.6188,-23.212147,0.1112875,0.0917658611879949,1.2826731578292407,0.0215430208963815,1385.342958196429,1.2861319935545312,0.6100648168910395
0.00095382205,0.03788923,-0.0035597347,95522.55,0.5947109,248.222,5.3029075,123.333496,24.444431,0.15052937,0.011372489314477,0.1311667327158487,0.0272378696884561,125.8443573246307,0.1344468178490071,2.4568713291004243
-0.0011019303,0.061698463,0.0011019303,112628.375,3.905000000000001e-42,304.44598,-1.3085113,36.079037,1.3739188,1.2831862,0.0037322154758553,0.1029072559753951,0.0039187775133394,36.1288910089777,0.1030494521185957,1.0389098500332354
0.004795607,0.03923692,0.0012849732,91495.914,0.0041108453,286.6025,12.386033,-9.838121,5.6588926,1.0505538,0.0350507893906743,0.028332369650489,0.0160622999015797,16.799568558331035,0.0478464051423891,3.309850793761437
0.0007244437,0.036092307,0.00019411351,92898.664,0.9995484,214.75638,-6.7892036,1181.0787,-46.699013,0.10493975,0.0060827547670007,1.058875731739067,0.0418468660386184,1182.0210601737967,1.0597197626583896,0.4999994352148855
1.5224762e-19,0.061024614,0.004313942,112889.0,0.0,304.60175,0.018865123,36.786312,5.6067314,1.285505,0.0020853280389854,0.104898570276419,0.0159879546585243,37.2111346702295,0.1061304543155734,2.8759613333333336
0.0054114084,0.023513846,-2.5823509e-19,97689.94,7.744721e-06,296.04163,-15.475637,5.2649274,-0.41274124,1.1444738,0.044760672098376,0.0152264986297774,0.0052256662195544,16.35191598603162,0.04756754791514,3.6076056
-0.0010616601,0.05069231,-0.0039621918,97611.96,0.00020519024,294.49225,-15.066966,-0.37210438,-55.344124,1.1465713,0.0436366766447616,0.0045010926548899,0.1602829313651357,57.359602399617,0.1661777285639931,2.734640827760201
0.0024067922,0.06619077,0.000644892,98370.0,0.0,295.4,3.267565e-06,4.6653564e-05,8.86849e-07,1.15506,9.4616934907443e-09,1.3509194546955776e-07,2.567995874089945e-09,4.677626017629158e-05,1.3544722949278846e-07,1.6611287174214255
0.0012458276,0.033396922,0.0021578514,93433.516,0.208734,275.70224,1.69809,377.18686,16.2472,0.3121749,0.022691294192015,0.5821262185226437,0.0309389446369864,377.5404380647823,0.5833892760574467,1.6611119533351038
-0.002264169,0.048895385,0.00392167,95851.125,0.00028461547,292.85126,-23.3454,-7.7611938,38.863823,1.1310087,0.0677641145973968,0.0225279811671559,0.1128098864567676,45.99609297034355,0.1335123801189449,3.0189002301766195
0.0014401756,0.03249846,-0.0024944716,95287.664,0.34758362,262.91437,-18.520353,331.2884,8.539468,0.22765476,0.0278736385015476,0.4330906379713598,0.0187042805301816,331.9155464324135,0.4343895607998725,1.9202423830851167
0.0005329707,0.045526154,0.00031432978,91055.83,0.9997975,214.8895,-9.249124,1194.8525,18.866388,0.10276362,0.0082933849184665,1.070570970622352,0.0169004496942828,1195.037231071561,1.070736479518915,0.4125050721052952
-0.00016102531,0.04283077,-0.0005830067,90395.23,0.99972904,212.315,4.2206635,1248.775,4.9220448,0.10326425,0.0038215055595182,1.1257015430260815,0.00444019652715,1248.791832592764,1.1257167864170998,0.4032236559999844
0.002039934,0.04867077,-0.00054659264,93779.414,0.7797606,243.58049,47.673412,332.623,-17.922323,0.11791825,0.0450511434013002,0.3138443262988582,0.0175866345060009,336.4996641936483,0.3175486677424365,1.4079290131187046
-0.0018596658,0.023513846,-0.0004982899,103767.92,0.1654434,286.76675,-52.659374,380.39313,-24.593895,0.4396774,0.0826570935456853,0.642558089293874,0.0409519628968993,384.8074878332538,0.6491457128376674,1.2835107603984124
-0.002838977,0.014978462,0.0016390758,97553.625,0.0134888785,330.28314,-4.355226,77.129875,2.3145826,0.87134165,0.0107165787067918,0.1942081282482557,0.0059869489512042,77.28740456011525,0.1945956980372745,2.185442735178454
-0.0004982899,0.024861539,-0.0018596658,96973.164,0.13744247,286.8199,2.2956526,338.24075,12.557575,0.42237437,0.0093906383740607,0.5932988436460263,0.0235402224184581,338.4815617892694,0.5938399144822575,1.2835107603984124
0.000375,0.01610154,0.000375,84545.63,0.99996215,187.202,11.479713,1747.2667,13.261317,0.1094975,0.0112156040676823,1.6771478789077503,0.0127333713429659,1747.3547342391662,1.6772337154508692,0.3535533905932737
-0.0004505431,0.021941539,-0.0016814725,105057.5,0.606527,256.55313,-37.04635,460.2794,-93.566574,0.16321738,0.0378077099823625,0.4738292519734345,0.096330207193586,471.152058132807,0.4849980327566021,1.1605245659162278
-1.5699931e-19,0.023064615,-0.0032781975,101015.336,0.05617336,289.59738,-0.80656886,122.09988,10.282639,0.7012392,0.0032970918273096,0.2700071460103804,0.0237655372046928,122.5347457423593,0.2710710801059682,2.185465
-0.0020366963,0.063944615,0.0020366963,98430.31,0.0,295.4405,-0.009681346,0.15854533,0.009888841,1.155615,2.8031510726514818e-05,0.0004590544528632,2.863229361425252e-05,0.159148167760436,0.0004607999181041,1.9202156865967344
1.7975756e-20,0.010710769,-0.0009151009,105679.625,0.99777937,213.198,-2.3381038,1125.3013,54.96264,0.120476246,0.0072990232915685,1.013826077912381,0.0496061569090597,1126.6451856315896,1.0150652012553176,0.6100672666666667
-0.0033553978,0.06349538,0.0033553978,98506.15,0.0,295.49075,-0.03555409,0.3552614,0.03599115,1.1563063,0.0001029338678797,0.0010285295564934,0.0001041992486685,0.358845535744853,0.001038906113737,3.1634993839445635
-0.00014174538,0.02373846,-0.00029804165,105635.875,0.9999854,201.48926,-9.502903,1562.1488,0.15448129,0.12711924,0.0087914055090725,1.4451629812038476,0.0029066792295973,1562.1777115204711,1.445192644541537,0.2200207847616693
0.0038924366,0.04507692,-1.5418135999999998e-19,96985.15,0.2680441,256.38538,112.31165,-15.98352,1.902375,0.33300838,0.1582069736564985,0.0247077176478614,0.0198702470011611,113.45923791368212,0.1613528572439967,2.5949577333333336
0.0012,0.021492308,-1.6653346e-19,103332.375,0.99650925,231.00137,26.472675,720.1775,-22.420486,0.108819626,0.0229226625208348,0.6233489542149901,0.0194016196639403,721.0125603762959,0.6240719429869847,0.7999999999999999
-0.0013496222,0.02531077,-0.0007791963,88718.56,0.25841737,264.83176,-7.6271,534.5715,-40.95728,0.271193,0.0417892617473956,0.7752532277148697,0.0566069754659253,536.1924654931831,0.7784396310254995,1.0389368404857235
0.0026657272,0.021716923,0.00153905,102991.875,0.045743227,299.03687,1.6204547,133.9855,4.2381167,0.7469449,0.005696607400268,0.3038932885675892,0.009995101256477,134.06230535406877,0.3041109735300981,2.0520749831783918
0.0039621918,0.053163078,0.0010616601,105320.0,2.3501467e-09,300.016,50.4319,29.779013,13.135442,1.2176387,0.1449055709530564,0.0855614150494608,0.0377419794385563,60.02254567576698,0.1724611180829979,2.734640827760201
-0.0010616601,0.047323078,0.0039621918,93752.6,0.02601875,273.08527,-15.021069,-4.185523,54.368137,0.89858353,0.0391613280643257,0.0126171936092705,0.1411999527090899,56.56010464573999,0.1470721925973254,2.734640827760201
0.00025366183,0.012956923,-0.00041642482,78613.33,0.99997175,180.91475,-31.22135,1842.4062,50.6248,0.10532579,0.0304536925854301,1.799135094948332,0.0493611747869501,1843.3660105549584,1.8000697327723665,0.3250667997750489
-0.0007791963,0.046873845,-0.0013496222,93221.375,0.96328324,241.74925,17.373686,496.00638,-25.961937,0.096838735,0.0149376993219652,0.4262638364435329,0.0223615382970968,496.989130805416,0.4271112636253051,1.0389368404857235
-0.0016814725,0.0032984614,0.0004505431,95982.1,0.005924567,313.26624,-13.710179,92.47085,3.8537874,0.991978,0.0466821603118932,0.2477712252529725,0.0130850485649532,93.56109653728382,0.2524698450324151,1.1605245659162278
0.0031915514,0.027107691,-0.0018426349,91969.02,0.12535849,273.47275,-3.260874,88.063126,3.4621074,0.4511124,0.0119741843594057,0.1613909160375003,0.0186021860094336,88.19146017492218,0.1629001233726545,2.4568546932603774
-0.0039621918,0.03991077,-0.0010616601,89251.21,0.19216342,259.88226,-83.47179,27.551987,13.307555,0.39206937,0.1323940450867743,0.0466391339387629,0.0218900767083327,88.9029962010859,0.1420653632920191,2.734640827760201
0.002039934,0.010935385,0.00054659264,97822.19,0.012611115,377.61713,10.591522,226.60075,3.0202117,0.7743325,0.0247196674340596,0.5365046319384038,0.0071458213395452,226.86824792718747,0.5371213501733377,1.4079290131187046
-0.000375,0.034744617,-0.000375,92418.97,0.99997485,206.16718,-18.325733,1404.9066,-24.808767,0.10869367,0.0167612717062449,1.2849022490398658,0.0226888701815823,1405.2451252837022,1.2852118559393362,0.3535533905932737
-0.00087018503,0.025086153,-0.00050239643,93302.96,0.99899286,221.99825,9.779782,1021.50226,-27.277239,0.102012634,0.011926281580298,0.9009596297225644,0.0240760406265101,1021.9131856907112,0.9013601645926018,0.6698670379885004
-0.0039870623,0.03586769,0.0039870623,94029.375,0.00015106407,292.3725,-6.7139874,-10.463732,7.8191714,1.1132888,0.0195187467833613,0.0304254982230539,0.0227351714722364,14.686958689863626,0.0427034008011777,3.759038385790977
-0.0032019995,0.0077907695,0.0032019995,98103.54,3.516805e-06,297.21463,5.771395,-1.8994037,-5.11548,1.1448462,0.0166603510345887,0.0054832881544162,0.0147669404667546,7.942598459698103,0.0229280674355418,3.018874079741246
0.0018426349,0.054735385,-0.0031915514,111660.75,6.7187134e-14,303.90338,19.140987,48.55924,-33.14454,1.2744337,0.0546444777581246,0.1386273338433239,0.0946228439108259,61.829909465592536,0.1765135666959882,2.4568546932603774
0.0010616601,0.004196923,0.0039621918,98039.23,3.632256e-07,296.08612,-3.2111826,-0.12285653,-12.049912,1.1485088,0.009287787638714,0.0006881854128094,0.0348515094724406,12.471053148200854,0.0360744273813441,2.734640827760201
-1.5513156999999998e-19,0.030027693,-0.0036853154,94079.164,0.35633913,254.81387,-0.60214585,135.547,-3.6774597,0.22396088,0.0037185320620924,0.1757002353602451,0.0117016896233198,135.5982134781642,0.176128730553487,2.456876933333333
0.0004151182,0.023963077,-0.00071900955,100683.664,0.9996744,215.43437,4.6966076,1198.5012,-13.001536,0.11336738,0.0043160141280385,1.0728542861700243,0.0116439942288141,1198.5809211157782,1.0729261530659726,0.5534930905771464
-0.0014401756,0.00868923,0.0024944716,97495.02,0.00089058676,324.34476,3.0866776,47.36196,-4.4336114,1.03073,0.0084954983776337,0.1298823447952916,0.0122105956785366,47.66906485021656,0.1307313873139579,1.9202423830851167
0.002838977,0.06731384,0.0016390758,98370.0,0.0,295.4,3.5196663e-08,4.3279837e-07,2.0381373e-08,1.15506,1.0191688133207623e-10,1.2532285127611887e-09,5.901712621239368e-11,4.347052271670512e-07,1.258750085237116e-09,2.185442735178454
-0.00071900955,0.039686155,0.0004151182,92300.82,0.9943031,223.97537,22.444988,1043.6737,15.838799,0.10046216,0.0197453013191801,0.9184774108989004,0.0139260080646167,1044.0351704381287,0.918795170294418,0.5534930905771464
-1.5126382999999998e-19,0.034744617,-0.0045283833,93833.83,0.09163197,273.57413,-0.1997287,20.7267,-33.050713,0.5677937,0.0097109933358658,0.0420223919492403,0.0662011729425768,39.01263403375851,0.0790112657516494,3.0189222
-0.0011165227,0.06731384,-0.0041669416,98370.0,0.0,295.4,-8.71092e-09,2.7800363e-07,-3.2548886e-08,1.15506,2.5223692144699015e-11,8.049985417819636e-10,9.424987658391448e-11,2.800380838390813e-07,8.108895893724257e-10,2.8759558980875943
-0.00083024846,0.030476922,-7.63982e-20,93167.266,0.99989337,211.848,-9.617591,1256.94,18.744026,0.1066515,0.0086942798431479,1.1343603373443625,0.0169053383886114,1257.1165419989238,1.1345196145981964,0.5534989733333333
-0.0022223014,0.069335386,-0.0005954578,98370.0,0.0,295.4,-8.662288e-12,1.3289862e-10,-2.3358071e-12,1.15506,2.5082870412343243e-14,3.848266343775492e-13,6.7636576084912416e-15,1.3320110519852208e-10,3.857025226501886e-13,1.533796090173774
0.0018984762,0.057655383,0.0018984762,113801.0,3.0026062e-23,305.162,7.06178,47.06514,7.1507087,1.2935075,0.0201186113708301,0.1340859242783665,0.0203719896533635,48.12617556902123,0.1371087582013311,1.7899005265883576
0.0024917016,0.010261538,-1.3285194e-19,97929.04,0.0021676775,364.5415,-2.6020987,135.91824,-0.3898615,0.90640616,0.0066622355826188,0.3486728944112774,0.0009993626393138,135.9437047984618,0.3487379695498914,1.6611344
-0.00045754042,0.031375386,0.0007924895,94644.17,0.9997761,218.05,7.423705,1091.46,20.810663,0.1052725,0.0065986522771603,0.9710557667152948,0.0185152501457549,1091.683620235472,0.9712546827536348,0.610057499491838
-0.0012849732,0.04417846,0.004795607,92019.77,0.0014580082,288.18286,-4.57445,-19.032076,27.112326,1.0865313,0.013315333268273,0.0552754134640336,0.0786748315121007,33.439852433923086,0.0970690401061145,3.309850793761437
0.0029342247,0.0055446154,-0.00508224,98046.016,3.47773e-10,295.6845,-3.59905,-1.0994625,6.154339,1.1501513,0.0104165449060351,0.0031821128063424,0.0178121480495338,7.213727692277222,0.0208782869946326,3.912307532088964
-0.00019411351,0.013181538,0.0007244437,88911.42,0.99984837,191.80338,25.614637,1627.6713,-82.481735,0.11240575,0.0242877510980926,1.5438241779407176,0.078217438202455,1629.961106002515,1.5459951341730318,0.4999994352148855
0.0024944716,0.024187692,0.0014401756,99321.05,0.12579826,277.45074,-13.3186655,175.5275,-12.136014,0.4650545,0.0242856590258905,0.3202652839628476,0.0221029418814851,176.44991624469276,0.3219443824419701,1.9202423830851167
-0.0019252748,0.013630769,1.6320611e-19,99010.45,0.10828499,314.3886,-30.036938,300.91876,5.2183337,0.47413188,0.0547283906713394,0.5433117826801923,0.0104050367352796,302.45916876655934,0.5461603745550072,1.2835165333333334
-0.000644892,0.036092307,0.0024067922,91681.46,0.232609,275.99976,4.7653446,353.547,9.314808,0.28171438,0.0121411870427085,0.5229189983853227,0.0245415885263894,353.70178875181506,0.5236353472241095,1.6611287174214255
-0.00016102531,0.022615384,-0.0005830067,103145.0,0.9999124,205.1015,-7.2972727,1448.6138,18.452538,0.12195375,0.0066868927364066,1.328677352394651,0.0169242181240182,1448.7496981528382,1.3288019605870685,0.4032236559999844
0.002050962,0.011609231,-0.0035523847,97799.85,9.6223215e-05,301.564,-5.18674,6.96318,9.706896,1.1234738,0.0148540609079636,0.0199311005516412,0.0278007970523969,13.023516326047126,0.0372931121174632,2.7346242628142687
0.0004151182,0.040584616,0.00071900955,91149.484,0.97726613,225.57788,20.71645,1029.3849,11.468041,0.100094825,0.0183092292662722,0.9098127034825636,0.0101337431183177,1029.6572049051035,0.9100533369227124,0.5534930905771464
-0.003667574,0.011609231,0.003667574,98438.3,2.5043374e-07,296.74576,4.9247665,-0.67525935,-4.9200773,1.1506188,0.0142279484799017,0.0019511853641347,0.0142143830660694,6.9940303764896505,0.0202061952930508,3.457821927871294
0.0025934312,0.0608,0.00069490174,113419.25,5.758000000000001e-42,304.92175,3.8256612,38.936024,1.0577906,1.2901862,0.0109034097711905,0.1109704225678138,0.0030147806293617,39.13781508335909,0.1115455419627374,1.7899439863847344
0.001159104,0.03317231,-0.00031057486,94947.98,0.9960884,231.29062,7.481046,720.59235,-16.810177,0.099897526,0.0083604060593045,0.6234644616810185,0.0145269353329881,720.8272213079553,0.6236897171020599,0.7999941184450516
0.000644892,0.06349538,0.0024067922,98678.96,0.0,295.60574,0.016745942,0.8123935,0.060217164,1.1578838,4.847116689045689e-05,0.0023514734329888,0.0001742986219385,0.8147942883059014,0.0023584225172096,1.6611287174214255
0.00084845215,0.05406154,-0.0031664888,111070.75,8.984336e-09,303.57336,14.478313,51.87641,-52.96824,1.2690775,0.0413576069193882,0.1481758451853983,0.151298778991118,75.54083604588759,0.2157726888897409,2.185459257238885
0.0048831706,0.015203077,-0.0028192918,97975.56,1.361208e-07,295.7729,-3.4598162,-2.2975588,1.9296688,1.14898,0.0100121068767523,0.0066487334273333,0.0055839992275921,4.579598918566266,0.013252508731293,3.7590637937450806
-0.0015075472,0.03788923,-0.0008703744,97077.234,0.7375089,250.25912,-63.16461,568.5769,-42.621246,0.12622012,0.0624554495920087,0.5449278507564498,0.0422394785608571,573.6602041109829,0.5501192773052737,1.160507581746156
-0.0011720242,0.05743077,-0.0043740757,111541.25,1.4610588e-31,303.8039,-3.4162338,39.1558,-12.563888,1.2734913,0.0097544797992572,0.1118018133929303,0.035873867298036,41.2637687165485,0.1178207524548151,3.018916579372005
0.00031057486,0.047996923,0.001159104,93638.94,0.9792784,233.59662,25.015575,621.17914,9.502458,0.09910948,0.0217097714319304,0.5388512196289159,0.0082439177946694,621.7552570519705,0.5393513819874778,0.7999941184450516
-0.0011935149,0.053612307,0.0006890677,125351.875,0.769509,238.7415,-272.132,241.6545,165.51062,0.18322563,0.2802579345877086,0.2534141789624761,0.1694144396131525,399.80806410956046,0.4140827312845015,0.9187653821431114
-0.00026006208,0.047772307,0.0009705788,93547.86,0.99884486,227.47162,12.2487755,835.1269,13.922462,0.09982371,0.0106651752645463,0.7276521764347079,0.0121259605413486,835.3327519934801,0.7278313504876257,0.6698774323920479
-0.0025934312,0.056981537,-0.00069490174,114507.5,1.9941436e-19,305.58713,-13.460037,51.237724,-3.6302476,1.2997288,0.038319865965246,0.1458710852962746,0.0103351719746037,53.10042988883283,0.1511740765900426,1.7899439863847344
-0.002176526,0.043504614,0.002176526,88536.77,0.32239637,259.77612,20.216408,204.606,-5.555376,0.226501,0.0299213535415177,0.2761483068574183,0.0234990729829604,205.6773701478212,0.2787568496181463,2.052048392038442
-0.0016390758,0.034295384,-0.002838977,90832.14,0.3709575,258.62613,30.256538,233.23076,22.085403,0.21096376,0.0380703740400682,0.3027221762257707,0.0384747582321961,236.21983516968987,0.3075229688648365,2.185442735178454
-0.0033619737,0.01610154,-0.0009008322,97777.92,0.0086311065,324.6965,-4.439125,64.425674,0.1606174,0.93868136,0.0114964432189867,0.1680603000478759,0.0010712701161582,64.57862726219166,0.1684564640449609,2.32037983596063
0.00025366183,0.018347692,-0.00041642482,100711.2,0.99996024,197.05812,24.300861,1643.1375,-24.33765,0.12392563,0.0227337155761833,1.5371762790600083,0.0227625861320791,1643.4973979167455,1.5375128845170996,0.3250667997750489
-0.0028192918,0.010710769,0.0048831706,98299.54,3.6766556e-09,296.14587,3.2199225,-0.86546224,-5.584216,1.1513288,0.0093119000450083,0.0025029511883873,0.016149586564657,6.503875316265531,0.0188091837491429,3.7590637937450806
-0.002264169,0.009587692,-0.00392167,97921.1,5.708949e-06,297.72913,4.2708974,-0.08166,6.9175725,1.1407125,0.0123176623231931,0.0014211712278204,0.0199517237313681,8.130193247991281,0.0234907601541506,3.0189002301766195
-9.37506e-20,0.02239077,-0.0049647847,99187.94,0.000103744576,297.89075,-0.29027575,15.294575,12.866463,1.1533375,0.00420277520274,0.0440641419974219,0.0370762389405927,19.988850756660124,0.0577404487630088,3.3098564666666666
0.0030503666,0.028904615,0.0030503666,95771.65,0.063908026,281.93286,-1.8559734,40.4826,0.074416295,0.6533263,0.01474923217294,0.0876112504753636,0.0051335080056901,40.52519065725008,0.0889922691248665,2.875913210619937
0.002705682,0.045301538,-0.0046863924,93139.52,3.5114546e-05,291.4734,13.085925,-15.959925,-23.569813,1.1078588,0.0381424966906303,0.0465150862383409,0.068687580866364,31.328848111065604,0.0913043649932922,3.607583913671109
-0.0012849732,0.037664615,-0.004795607,93485.46,0.008875687,285.09036,-6.2222676,-1.6446638,-17.153517,1.0208129,0.0174091233617825,0.0136606582159884,0.0474695814597121,18.321153854774792,0.0523741570154599,3.309850793761437
0.0022223014,0.032947693,-0.0005954578,92732.04,0.16490987,282.4965,6.1976404,403.08963,-19.979486,0.357801,0.0429716934978602,0.6687034833363721,0.0330037729568715,403.6320606949959,0.6708950470063558,1.533796090173774
-0.0030142437,0.01789846,-0.0017402662,98851.625,0.00934627,316.17276,-6.538199,72.545616,-1.3574744,0.965735,0.017265329337015,0.1910704750846543,0.0043108018901651,72.85229703811481,0.1918973711626278,2.3203631449363105
0.00084845215,0.016775385,-0.0031664888,97704.92,0.01307773,329.73087,2.425291,84.313225,-6.8848376,0.87854487,0.0060387879994274,0.2129289094477278,0.0171604442153849,84.6286177076861,0.2137046285993123,2.185459257238885
0.00410197,0.06327077,-1.5322009e-19,98751.766,0.0,295.65424,0.12500572,0.99839485,0.0009893539,1.1585487,0.0003617956761842,0.0028895867533103,4.545427719126201e-05,1.0061906804181702,0.0029125030141661,2.7346466666666664
-0.00084845215,0.04485231,0.0031664888,91587.914,0.50459015,249.63588,10.729284,127.687454,-31.589,0.17123538,0.0127365650515372,0.151613998901043,0.035960050298135,131.97374119556804,0.1563398540664596,2.185459257238885
-0.0004505431,0.009363077,0.0016814725,97110.94,0.17719106,308.84863,-23.354425,440.913,60.650024,0.35973838,0.0355511756559321,0.68369759857003,0.0894133994813562,445.67715686052526,0.690435404935,1.1605245659162278
-0.0015053301,0.009138461,-0.00040334585,96291.73,0.48914638,272.36523,-123.45007,651.4357,-40.912888,0.19025038,0.1415916202885365,0.7403647862373194,0.0472283471862757,664.2907913120544,0.7552606969875449,1.038953872289757
-0.0005870607,0.053612307,-0.0005870607,128289.25,0.99426985,233.7435,-149.04276,484.79938,-140.89,0.13379963,0.128336060367496,0.4174561560751911,0.121316682458566,526.3973549105295,0.4532742261352132,0.5534861359174952
0.0026657272,0.045526154,0.00153905,90798.05,0.46443737,252.52188,-35.232452,165.02138,-15.342223,0.18061513,0.0418897998634468,0.1998385751691606,0.0190595883792707,169.43661156201875,0.2050694501075845,2.0520749831783918
0.0029004794,0.028006153,-0.0029004794,96063.64,0.10264119,275.43726,4.212288,58.60815,1.9606112,0.53452414,0.0166010728860306,0.114353145805694,0.0216734503005776,58.79202848086644,0.1175669002081675,2.7345982032425185
-0.0015188704,0.047772307,-0.0056685233,95746.35,1.912806e-08,293.763,-8.10466,-7.381129,-29.501888,1.13052,0.0235350616223201,0.0214328525953349,0.0856641383478515,31.47265439385094,0.0913871484116864,3.9123237593043534
-0.0045836214,0.051141538,0.0012281717,99289.14,1.4941104e-07,296.14374,-45.591076,5.5414762,12.035123,1.162925,0.1318495377658545,0.0160252528877823,0.0348063786682376,47.477345702324925,0.1373047462223488,3.163541676540452
-0.0019252748,0.012732307,1.6320611e-19,100044.61,0.08900921,333.47287,-37.579826,328.42538,-3.260735,0.52697426,0.0694945485928814,0.6166214703788744,0.0105637577214791,330.58449138317866,0.6206151166331122,1.2835165333333334
1.2490008e-19,0.024187692,-0.00075,99707.85,0.99984187,209.7575,-1.3277371,1348.1,-21.562687,0.115285,0.0026524240331935,1.2227778957422262,0.0195637568365182,1348.2730889387603,1.2229372666864793,0.5
0.0019924412,0.023963077,-0.0011503282,96874.484,0.07334656,298.56387,-13.476076,263.52963,9.738102,0.5708915,0.0340243852323601,0.5400465708426989,0.0263925592981737,264.05359520911105,0.5417605787206244,1.533779196505254
0.00392167,0.04822154,-0.002264169,94251.86,0.0011661145,290.10352,38.385635,-12.216138,-22.821125,1.10979,0.1112855034310791,0.0354209656968935,0.0661695092774758,46.29789140181109,0.1342293263144503,3.0189002301766195
0.0018984762,0.055858463,-0.0018984762,115847.375,1.1883597e-13,306.386,17.575413,60.584625,-17.740013,1.3115063,0.0499712507970022,0.172255838576089,0.0504387658286237,65.52938264436315,0.1863149723669122,1.7899005265883576
0.0019461956,0.06372,0.0033709237,98460.67,0.0,295.46063,0.01405178,0.237452,0.024240725,1.1558925,4.068414706072598e-05,0.0006874953244755,7.018423361949548e-05,0.2390993884845672,0.0006922650125829,2.594935572283576
0.00035669186,0.034744617,0.001331215,95424.79,0.5966416,248.04312,13.334831,670.5791,73.03905,0.15943362,0.0140991572519597,0.7215549174172452,0.07747713695122,674.6768484982356,0.7258395083173561,0.9187823969714264
-0.0016267902,0.048895385,0.0016267902,93766.2,0.8586397,240.77525,-14.094956,288.44214,-2.4135218,0.108771,0.0127626333073657,0.2621114199961508,0.0095840582967184,288.7964006006664,0.2625969068263595,1.533752509317093
-0.0010559278,0.033396922,0.0018289352,93343.914,0.21344262,274.33725,3.2187474,441.5399,-2.4046278,0.30886286,0.025356398574856,0.6784365188127763,0.0283096268016253,441.5581794754702,0.6795001780552621,1.407912163392128
0.00029804165,0.06753846,-0.00014174538,98370.0,0.0,295.4,2.67473e-09,3.23477e-07,-1.1751752e-09,1.15506,7.745056477776512e-12,9.36673084714759e-10,3.4028846607629777e-12,3.234901926586393e-07,9.367112859109366e-10,0.2200207847616693
-0.0012458276,0.01789846,0.0021578514,95788.58,0.029989876,339.51175,-5.8129153,145.68663,15.187955,0.70193964,0.0131090130904453,0.3325313257498399,0.0343366123491068,146.59146674388623,0.3345563207843552,1.6611119533351038
0.0008703744,0.069335386,0.0015075472,98370.0,0.0,295.4,3.755946e-12,1.5157116e-10,6.387586e-12,1.15506,1.0875870062206591e-14,4.388955944724666e-13,1.8496152849609943e-14,1.5175218261694922e-10,4.394197709106703e-13,1.160507581746156
-0.00037499773,0.024412308,0.0006495165,100619.65,0.9998822,208.4085,-8.10849,1385.98,18.386013,0.11708338,0.0073802498231004,1.261081296669254,0.0167268351016705,1386.125662948391,1.2612138168879123,0.4999977694516481
0.0014401756,0.047772307,0.0024944716,93714.02,0.7297764,243.34813,20.02628,162.00113,0.9342198,0.12622562,0.0200828378047452,0.1605387032395504,0.0112199685228245,163.23691610217955,0.1621785537787944,1.9202423830851167
-0.000375,0.0032984614,0.000375,106877.8,1.0,170.78734,-356.60034,1932.3317,365.45868,0.15092734,0.3589161687882791,1.9439033939599195,0.3680462312621684,1998.6569610867064,2.010731023685872,0.3535533905932737
0.0026058601,0.008464616,0.0026058601,98095.016,0.00043484612,302.08176,-5.083665,5.638785,-5.291754,1.119905,0.0145146809022816,0.0160847644060977,0.0151092235470752,9.254307456799022,0.0264137131787679,2.45682846337794
0.0035523847,0.06349538,0.002050962,98549.016,0.0,295.51938,0.050535437,0.46837875,0.029264437,1.1566975,0.0001462989120854,0.0013559456392365,8.471990923323486e-05,0.4720051812398572,0.0013664440754243,2.7346242628142687
0.00025366183,0.020593846,-0.00041642482,103866.0,0.99995697,200.34837,6.400829,1576.7213,18.6405,0.125708,0.0059345004060692,1.4629100338023306,0.0173009994410703,1576.8444744887895,1.4630243709098851,0.3250667997750489
-0.0050100614,0.0032984614,0.0013424361,98017.96,3.4050993e-10,295.4465,9.086922,0.11667734,-2.4207838,1.1507499,0.0263103549578696,0.0004134383946688,0.0070092244501912,9.404571188634597,0.027231139100457,3.4578638180467665
-0.0028192918,0.051366154,-0.0048831706,100558.125,2.9480955e-12,296.94138,-18.761112,8.35291,-32.568264,1.174625,0.0541841368328972,0.0241237402866834,0.0940611070814403,38.50249665824724,0.1111996735387818,3.7590637937450806
-0.002039934,0.05496,-0.00054659264,120482.125,1.3033555e-06,309.097,-43.315414,86.19513,-12.46896,1.3519875,0.1226122271019567,0.2439896078967806,0.0352973998036882,97.26921655482734,0.2753372358207802,1.4079290131187046
-1.5791709e-19,0.04867077,-0.0030781461,96084.586,0.8362405,240.1545,-2.8140535,-6.064559,-124.47513,0.1160655,0.012896183467373,0.0109331797914654,0.1176592902369029,124.65454569121113,0.1188678028207319,2.0520974
0.0004526625,0.061923075,-0.0004526625,111917.75,5.722e-42,304.01776,0.5353538,34.236637,-0.463569,1.276885,0.0015280233149386,0.0977195736584438,0.001323125968259,34.24396024087612,0.0977404757179281,0.4267742977851408
0.0028192918,0.017,0.0048831706,98607.27,4.0943988e-07,296.33276,-0.5474131,-0.18469775,-0.9850784,1.1541975,0.0015826059560769,0.0009972365085586,0.0028480422932245,1.141995540732639,0.003407413560196,3.7590637937450806
-7.63982e-20,0.06035077,0.00083024846,113686.375,1.01354925e-33,305.08426,-0.0018624999,40.794437,1.4621425,1.2925338,0.0005337902837081,0.1162360759676114,0.0041661015351458,40.82063147853278,0.1163119370074131,0.5534989733333333
0.004149602,0.024861539,0.004149602,96260.016,6.918633e-07,294.69562,-11.493912,-1.9609499,-11.767575,1.1329813,0.0333225932837509,0.005685507284654,0.0341144459113236,16.565963870378294,0.0480261973934514,3.912282284567013
0.00031432978,0.01655077,-0.0005329707,90685.19,0.9999184,193.4365,-19.693436,1655.2662,30.699425,0.11366725,0.0185729278461595,1.563361681505096,0.0289683961373824,1655.6679857324225,1.5637403457166386,0.4125050721052952
-0.0025933797,0.057206154,0.004491879,110774.875,9.882213e-34,303.33762,-7.0511,36.620625,12.178762,1.266685,0.0201486942931667,0.1046434073861895,0.0348008894530755,39.23149793792316,0.1121040342620937,3.4578474498201968
0.0035105823,0.004870769,-0.0035105823,98018.234,1.8127661e-08,295.8775,-6.656745,-0.9552667,6.7114663,1.1490762,0.0192599285540237,0.0027638623590194,0.0194182783727663,9.500977231800398,0.0274891490957422,3.309808733657956
0.0006949476,0.0021016174,0.0026023579,97853.12,1.0364876e-08,295.71225,-4.332991,7.1731386,-16.346413,1.1477826,0.0125401251480503,0.0207597040637906,0.0473080815148359,18.36937523018842,0.0531627184045293,1.7957008915045671
-0.00508224,0.050243076,-0.0029342247,98790.39,1.8988125e-11,295.783,-30.045876,2.041065,-17.400425,1.1584963,0.0869458441004317,0.0059060155669258,0.0503527273288585,34.78067568524548,0.1006471955678235,3.912307532088964
0.0010392044,0.03362154,0.00059997645,95134.086,0.99212223,231.28812,16.863705,735.35864,-3.8621626,0.10046939,0.0145963914593829,0.6374027752320086,0.0046427718191025,735.562118565744,0.6375867845613381,0.799977090098061
-0.0012308755,0.029353846,0.0012308755,92789.48,0.8196245,239.007,-24.785088,580.06287,32.347836,0.11319563,0.0230532842641813,0.540294001281456,0.0300979869362872,581.4925762498499,0.5416225166605503,1.160480550461843
-0.00025366183,0.03991077,0.00041642482,92187.914,0.9986439,210.87587,21.915575,1283.1425,7.898375,0.10614,0.019820780648684,1.161199484514259,0.0071438731954203,1283.3539465250694,1.1613906066031086,0.3250667997750489
0.00087018503,0.013855385,-0.00050239643,98391.23,0.99763936,215.93001,-31.801178,1035.821,20.034248,0.1107365,0.0285850526674864,0.9273525605190674,0.017977511498852,1036.5026917746586,0.927967169493062,0.6698670379885004
0.0013613222,0.034295384,-0.0013613222,93926.46,0.20725712,278.30063,-14.746068,440.03275,11.676259,0.31264862,0.0469099536952539,0.6786565325681997,0.0335396580731207,440.4345611078429,0.6811021521158516,1.283466878666386
0.0005954578,0.0055446154,0.0022223014,97879.29,7.465671e-05,339.434,-1.8037212,86.1394,-7.7393737,1.0002629,0.004899860597511,0.2315349268775136,0.0209634028333259,86.50518798196777,0.232533643278565,1.533796090173774
0.0009523381,0.045526154,-0.0005498259,91083.25,0.9803575,234.34312,-5.956989,790.74915,8.194424,0.09600289,0.0055201712510745,0.6846281734210758,0.0070971114229618,790.8140442154277,0.6846872111578175,0.7331079584049207
0.0004151182,0.035418462,0.00071900955,94297.08,0.999733,217.54637,-14.455438,1109.0701,-1.5925107,0.10513413,0.0128698570005678,0.9878428757123716,0.0029347130214209,1109.1654441480366,0.9879310668540702,0.5534930905771464
0.0018990553,0.0021016174,0.0019001279,97844.234,9.081718e-09,295.70636,-12.0029335,7.4549875,-11.908547,1.1477001,0.0347380190781134,0.0215756169335605,0.0344648093672409,18.478656414409237,0.0534795316009346,1.790952207168826
1.5224762e-19,0.025086153,0.004313942,97065.55,0.00600442,296.34787,-0.31521013,30.03325,-21.652563,1.0526513,0.0030068114773803,0.0833699445010368,0.0602660421217154,37.02605768182083,0.1029154235009643,2.8759613333333336
0.0043740757,0.039686155,-0.0011720242,91529.81,0.03673459,273.0854,26.467075,0.11511991,-6.8922563,0.7981261,0.0654387103619698,0.0083990706937553,0.0170721072785466,27.35000015638379,0.0681485586735822,3.018916579372005
0.001159104,0.06506769,0.00031057486,98371.56,0.0,295.401,0.00014517109,0.004117465,4.0650575e-05,1.155075,4.203625566725469e-07,1.1922677842525493e-05,1.1770924521090776e-07,0.0041202239187748,1.1930666665451212e-05,0.7999941184450516
0.00084845215,0.06484307,-0.0031664888,98372.17,0.0,295.4015,0.00014894141,0.005707429,-0.0005359205,1.155085,4.312795366604213e-07,1.652661377062442e-05,1.551828597648159e-06,0.0057344694711868,1.660491303074525e-05,2.185459257238885
-1.4721278e-19,0.029578462,-0.0054114084,95575.58,0.0007244493,296.07336,0.6619486,-3.410544,3.9411452,1.1091075,0.0019062698923836,0.0098330787390795,0.0113348852518055,5.253818783747779,0.0151262330427355,3.6076056
1.4721278e-19,0.05990154,0.0054114084,112548.0,0.0,304.39825,0.0076600164,36.859085,7.904194,1.2824763,0.0029479490125058,0.1051412954649682,0.0225469085066505,37.69706206725814,0.1075720479429454,3.6076056
0.0033619737,0.030926153,0.0009008322,91983.15,0.37752163,253.54199,-13.784843,162.09149,-4.9633074,0.20890662,0.0175547103426069,0.2061058065635611,0.0111800312261081,162.75228860849128,0.207153963159399,2.32037983596063
0.00087018503,0.039686155,-0.00050239643,92534.016,0.99203026,229.16612,22.172663,890.03625,25.800638,0.09863825,0.0193021095458969,0.7750702477526764,0.0224658838936102,890.6861547255471,0.7756359818390571,0.6698670379885004
-0.0006470514,0.014978462,-0.0006470514,99776.39,0.9989041,212.55812,-42.871937,1151.38,-38.956364,0.11395975,0.0386846438102215,1.0382825173834345,0.035156153937775,1152.8362874572576,1.0395975388247618,0.6100459102883323
0.0035523847,0.0044215387,-0.002050962,97966.984,4.5510825e-07,296.16727,-10.868641,-0.35569602,6.386368,1.1473463,0.0314306859882993,0.0010285773558058,0.0184684528801763,12.611089289865046,0.0364695728636797,2.7346242628142687
-0.00410197,0.019021539,1.5322009e-19,100451.25,0.0032440412,301.915,-2.3396084,33.8765,-0.18083754,1.1066375,0.0065408000885015,0.0948754907823983,0.0024114865983796,33.957675449465384,0.0951312571377717,2.7346466666666664
0.0011503282,0.015427692,-0.0019924412,96532.8,0.012766879,367.76788,9.698035,202.94812,-12.713915,0.78025264,0.0230898453219964,0.4867800807168295,0.0301698362308883,203.57709824295767,0.4882603884792165,1.533779196505254
0.0013424361,0.047323078,0.0050100614,95110.625,2.5688467e-05,293.04562,9.320649,-10.335197,34.43796,1.1253775,0.0270860403923673,0.0300434458330611,0.1001034969525228,37.14382699415355,0.1079674595597431,3.4578638180467665
0.0008019567,0.061024614,-0.00021488206,113644.0,2.5273756e-37,305.05637,1.1886963,39.51325,-0.27903387,1.29217,0.0033871187409536,0.1125906882985659,0.0007950903921955,39.53211080067368,0.112644430992579,0.5534975051172251
0.002838977,0.053612307,0.0016390758,108624.0,7.017642e-07,302.1025,55.50174,46.259075,31.156313,1.2471474,0.1589216456619268,0.1324504237994223,0.0892112608962654,78.68329557559974,0.2252950361087503,2.185442735178454
-0.0056386283,0.043504614,1.4617036e-19,91848.375,1.9446723e-05,290.66824,-20.0758,-19.237724,0.034867525,1.0957475,0.0585921014853805,0.0561509292640086,0.0073936843174573,27.805197105657708,0.0814900471313585,3.759085533333333
-0.0011720242,0.0068923077,0.0043740757,97956.21,6.5238737e-07,296.7535,2.3841538,-1.8881288,-8.342783,1.1449487,0.0068879051766729,0.0054548769852363,0.0241023153583639,8.87982251469774,0.0256538598710003,3.018916579372005
0.0010048215,0.06237231,-4.0129963e-20,107950.625,4.000000000000001e-45,301.5829,0.7985074,24.352013,0.029839326,1.2415363,0.0022878656423642,0.0697732462877273,0.0002910872177331,24.36511936366001,0.0698113526476438,0.6698810000000001
-0.0030503666,0.031824615,-0.0030503666,98356.95,0.24612838,263.50226,-35.1055,63.88021,-38.90194,0.32190236,0.0534567556206656,0.0944776567290745,0.0587279331884164,82.62226271204209,0.1234205107714576,2.875913210619937
0.00071900955,0.059676923,0.0004151182,113662.5,3.9213044e-29,305.0725,1.4703838,42.170277,0.887762,1.2923125,0.0041896622090503,0.1201585708763601,0.0025295587113807,42.20524152453905,0.1202581976072713,0.5534930905771464
0.002039934,0.053387694,0.00054659264,108175.625,0.03289875,282.87262,143.43925,64.0453,36.354786,0.971472,0.3551095668001825,0.1621336751912625,0.0897097901163716,161.23985040230684,0.4005471002351191,1.4079290131187046
0.0011720242,0.003972308,-0.0043740757,98012.92,4.3497348e-08,295.7615,-2.8177674,-0.042929787,10.628058,1.1494638,0.008154173386689,0.0003871670181199,0.0307561714099903,10.995329596627773,0.0318211018307162,3.018916579372005
0.0024944716,0.0062184613,0.0014401756,97847.54,0.00011052374,309.28625,-9.167296,19.35405,-5.434276,1.0958338,0.0259302934830725,0.0546543749289821,0.0153706955123253,22.09411512141394,0.0624158561547355,1.9202423830851167
-1.5183822e-19,0.038563076,-0.0013781823,94121.875,0.9504459,237.945,9.315665,692.2971,-24.146175,0.1005735,0.0083029846685713,0.6032929400512328,0.0210578384611276,692.780696938023,0.6037174369112771,0.9187882
0.0004505431,0.04036,-0.0016814725,92107.95,0.4405295,259.2045,36.46514,547.6215,-51.958675,0.18428388,0.0420095905348658,0.6476032590009102,0.0603467423190103,551.2882345971345,0.6517641567883463,1.1605245659162278
-0.00025366183,0.03923692,-0.00041642482,93146.45,0.9998579,204.9595,2.6872072,1366.665,-12.434278,0.110205375,0.0027764278086217,1.2536532278044057,0.0114092331276749,1366.7242057477863,1.2537082175435972,0.3250667997750489
0.0009523381,0.059003077,0.0005498259,113927.125,4.687272e-26,305.23276,2.3804963,44.413662,1.4128075,1.2946413,0.0067811064316652,0.1265174547661813,0.0040245379943981,44.49984449317339,0.126762954647715,0.7331079584049207
-0.0050100614,0.02373846,0.0013424361,97324.36,3.3207685e-05,296.37924,18.459038,8.599333,-5.0013614,1.1385063,0.0533496514051113,0.0248507896202424,0.0144546368284508,20.968982516654044,0.0606026697071906,3.4578638180467665
0.004893632,0.001752484,0.0028211633,98046.234,1.2602246e-14,295.32062,-7.133756,0.0075489683,-4.0859923,1.1515725,0.020659570220917,0.0001342230853017,0.0118331458594097,8.221062262878057,0.0238088050619869,3.7657282911773824
0.0006470514,0.01655077,-0.0006470514,95075.85,0.9992149,210.06763,-19.300358,1231.3275,12.637739,0.109837875,0.0175013503981445,1.1167596279290697,0.0114777480775304,1231.5435958674832,1.1169557298921762,0.6100459102883323
-0.004745321,0.059676923,1.5026859e-19,112541.875,0.0,304.397,-7.5122423,37.573086,0.036180124,1.2824125,0.0214289158974528,0.1071782069437575,0.0028243303729525,38.31673113587168,0.1093359196342839,3.1635473333333333
0.0011935149,0.05091692,0.0006890677,94561.55,0.9863605,234.13475,2.9577813,499.49152,1.0406642,0.09918593,0.0033556175399262,0.4313462242255574,0.0028246015674731,499.50136136361647,0.4313685242304242,0.9187653821431114
0.00021488206,0.03204923,0.0008019567,94481.586,0.999848,213.86713,12.947537,1218.015,16.293425,0.107139,0.0116266849965252,1.0940219754336695,0.0146314091614121,1218.1927822137172,1.0941815848705578,0.5534975051172251
-2.7755577e-20,0.00532,-0.0003036618,14923.787,1.0,109.63113,3.4372494,2531.6675,-171.10782,0.032868825,0.0603212358724901,3.178668846313165,0.2160109797556738,2537.4455720871806,3.186571045715764,0.2024412
-0.0052270126,0.069335386,0.001400568,98370.0,0.0,295.4,-4.3849963e-12,3.2388536e-11,1.1850523e-12,1.15506,1.2697372560984615e-14,9.378555877514664e-14,3.4314852652172055e-15,3.2705501153904446e-11,9.470337584185865e-14,3.607600091361616
0.0004151182,0.041033845,0.00071900955,90806.44,0.9829381,224.515,14.765125,1045.9224,12.392187,0.099653125,0.0130474009869147,0.924153503353714,0.0109472921025094,1046.100015312431,0.9243104325051372,0.5534930905771464
0.002705682,0.05091692,0.0046863924,99563.69,4.484857e-10,296.30112,19.777225,6.06505,34.296364,1.1655238,0.0571806758484138,0.0175350596879407,0.0991589981164059,40.0520167260479,0.1157998916933448,3.607583913671109
-0.002176526,0.032723077,0.002176526,96844.58,0.39571688,258.8575,11.176281,294.43124,-19.935663,0.2090225,0.0202305926631376,0.3655979554853211,0.0354497779036294,295.3169399207877,0.3678693092498547,2.052048392038442
-0.000530325,0.065292306,-0.000530325,98370.7,0.0,295.4005,-2.8080463e-05,0.0019061487,-2.8115313e-05,1.15507,8.131082737508903e-08,5.519514864135067e-06,8.14117410787126e-08,0.0019065628365566,5.520714053240018e-06,0.4999952049770078
-0.00248237,0.028455384,-0.004299605,94074.39,0.004178295,294.804,5.7432923,10.137814,6.5362325,1.0493162,0.0162304432761926,0.0284617633354966,0.0198066500166575,13.359753532003934,0.0382858021463555,3.3098347708290348
-0.0009151009,0.052264616,-1.7975756e-20,98372.664,0.999258,228.29663,-25.7008,864.8225,-5.198779,0.1045525,0.0223387874364063,0.7519765495839444,0.0046997809394488,865.2199228693135,0.7523229628884008,0.6100672666666667
0.00083024846,0.045301538,7.986765e-20,91182.19,0.999669,221.68726,-4.623684,1022.8001,13.404636,0.099764824,0.0040820428127668,0.9024018084299356,0.0118225195547824,1022.8983856082845,0.9024884813114052,0.5534989733333333
0.0019461956,0.017,-0.0033709237,98417.71,0.0034649349,306.82635,1.3668987,34.73425,-0.54995126,1.06388,0.0037942625044691,0.0963103748923682,0.0018749859139794,34.765485492179415,0.0964033210633272,2.594935572283576
-0.0037597984,0.009138461,0.001007429,98338.94,0.00022821037,301.32776,6.079375,4.714426,-1.0239693,1.1285738,0.0174060021055223,0.0134868762139585,0.0029341967608172,7.761000323891468,0.0222142803155825,2.5949521253287604
0.0037359586,0.022615384,0.0021569484,99783.55,0.0016134114,299.47937,-9.808776,34.685513,-7.9655128,1.1315401,0.0279242887607459,0.0986234650363882,0.022650934871389,36.9153937112732,0.1049734185835876,2.875939503395293
-0.00037499773,0.04867077,-0.0006495165,93114.96,0.9934943,219.47337,3.9045625,1067.22,-11.371187,0.1034975,0.003469479051103,0.9489166226132932,0.0101116744867597,1067.2877202995007,0.9489768384516196,0.4999977694516481
0.00041642482,0.04036,-0.00025366183,91881.3,0.9997856,207.9865,21.985575,1331.0176,11.449621,0.107136875,0.0200183171269288,1.2121188683264177,0.0104234107757537,1331.2484031310175,1.212328969985338,0.3250667997750489
0.00050239643,0.040135384,-0.00087018503,92740.86,0.9971465,227.5365,28.861599,914.798,9.558904,0.09909375,0.0251493015180565,0.797627126280157,0.0083401157516001,915.3030893351764,0.7980670883300085,0.6698670379885004
0.0008839167,0.034070767,0.00023684214,94411.54,0.99985164,219.8025,17.431612,1046.5725,-1.4881723,0.10417187,0.0154433714366368,0.9273947540644876,0.0023224424285792,1046.718717473784,0.9275262375407476,0.6100648168910395
-0.0049647847,0.02823077,9.37506e-20,95257.914,0.003991944,295.86774,7.5816436,8.266705,0.93649673,1.0610663,0.0214279098482472,0.0231836127014045,0.003619536657644,11.255965412160196,0.0317763475555225,3.3098564666666666
-1.7793022999999998e-19,0.036316924,-0.0017407954,89477.17,0.49338338,251.708,7.9070516,549.69714,-32.422092,0.16333126,0.0089832496556312,0.625976749226895,0.0407018564397606,550.7092329340785,0.6273629176678274,1.1605302666666666
0.0005954578,0.040584616,-0.0022223014,91144.42,0.278087,270.77112,7.4566536,392.58176,-20.890062,0.2495905,0.0143294735095063,0.5473977797495272,0.0293568363744734,393.2078771565644,0.5483716686041404,1.533796090173774
0.0005329707,0.00824,-0.00031432978,75533.8,0.999943,175.31674,228.41725,1891.5825,-129.52144,0.10440505,0.226447621200577,1.8765193141902563,0.1284426012114767,1909.7210785409177,1.8944922178468933,0.4125050721052952
-0.0031664888,0.05069231,0.00084845215,97434.39,0.059781473,266.3509,-88.083984,0.5961038,22.735163,0.74488664,0.2034213372117133,0.0064599818877097,0.0524579755218758,90.97269487977808,0.210175666990365,2.185459257238885
-0.00097446906,0.065292306,-0.00097446906,98370.664,0.0,295.4005,-4.947895e-05,0.0017722124,-4.95978e-05,1.15507,1.4327307970180257e-07,5.13168409939895e-06,1.4361722501196998e-07,0.0017735965998421,5.1356922394854805e-06,0.918738240509974
-0.0039621918,0.04956923,-0.0010616601,95504.05,0.0015623589,290.642,-50.25471,-8.907782,-13.643395,1.116735,0.1451848192004869,0.0257355042036378,0.0394141566442214,52.83016831763504,0.1526251081797118,2.734640827760201
-0.0017618468,0.038787693,0.0017618468,92644.85,0.325247,264.9485,13.08521,350.19025,-12.667506,0.22922675,0.0172057204014145,0.4648212040492618,0.0204290706282706,350.6635133914942,0.4655879460156502,1.6610850929224252
-0.00043177773,0.0008336973,0.0016371112,98008.414,3.7378507e-07,296.16888,1.7519459,6.8285437,-7.4039674,1.147825,0.0050666183881013,0.0197455792538126,0.0214119746713792,10.223358389472574,0.0295640183548688,1.128728899502916
0.0024917016,0.031375386,-1.6060752e-19,94999.85,0.19626513,272.59512,-7.2142096,372.01,-6.902629,0.3350175,0.0121457285764238,0.5896336996136465,0.0267085661339901,372.143965700459,0.5903632491506071,1.6611344
0.0029004794,0.026433846,0.0029004794,94604.11,0.017811088,291.3756,-18.473375,40.050175,-14.843364,0.9140665,0.0485100910840588,0.1046845106031371,0.0391864769529774,46.53608875118048,0.1218509568004627,2.7345982032425185
0.00044156975,0.020369232,-0.0001279371,102286.5,0.9999722,198.6695,-2.4460263,1615.6825,17.177525,0.1248385,0.0023559107115864,1.5053534690827373,0.016006707389761,1615.7756624036754,1.5054404112671396,0.3064867194305833
-0.0016814725,0.052264616,-0.0004505431,97067.65,0.9972254,233.27075,-126.60857,132.93651,-19.195597,0.10115313,0.1089982398278272,0.1144246622904429,0.0177197822503908,184.58146340467508,0.1590207857760981,1.1605245659162278
-0.0005870607,0.059003077,-0.0005870607,113960.25,4.825828e-25,305.25287,-1.4825675,44.609924,-1.4484226,1.2949338,0.0042231187380336,0.1270723658265269,0.0041258557057678,44.65804802839039,0.1272094476598771,0.5534861359174952
-0.000530325,0.040135384,0.000530325,91900.51,0.99549586,220.61012,25.87445,1120.9712,13.4168625,0.10144287,0.0229150749863728,0.993433105206386,0.0118862912775207,1121.3500481970768,0.9937684434021676,0.4999952049770078
-0.0001279371,0.037215386,0.00044156975,92991.9,0.9991723,206.51237,-19.432674,1343.6713,-40.781914,0.10926975,0.0177631314392577,1.2284485021924678,0.0372719897914746,1344.4304949576172,1.2291421612655151,0.3064867194305833
-0.0024944716,0.003972308,0.0014401756,97759.375,9.370451e-06,298.18,16.853313,6.7005887,-9.652555,1.1370575,0.0485695636149546,0.0193049319714858,0.0278176279254904,20.54516648826584,0.0592072912027888,1.9202423830851167
-0.0010616601,0.05159077,0.0039621918,99524.83,1.8389095e-05,296.26276,-15.108547,9.1728115,56.27425,1.1649325,0.0436810131871587,0.0265178118228635,0.1626933607597281,58.984742741901,0.1705296305403391,2.734640827760201
0.0014401756,0.03317231,-0.0024944716,95133.42,0.34621137,263.3765,-18.69144,337.37238,1.4289895,0.22734626,0.0283949274530685,0.4402310102383713,0.0186601594079517,337.8927858465302,0.4415402765656743,1.9202423830851167
-0.0043740757,0.052489232,0.0011720242,103008.875,4.6752526e-09,298.54974,-48.728348,19.021349,12.821865,1.19677,0.1403539183551189,0.0547860307784667,0.0369317320638752,53.85781130594827,0.1551279613716764,3.018916579372005
-0.0056386283,0.049793847,1.4617036e-19,97917.766,9.909688e-10,295.21487,-35.60266,-0.5407461,-0.10755879,1.1504737,0.1031249393960679,0.0016863096282136,0.0135131957866431,35.60692874025464,0.10402020585431,3.759085533333333
0.0052270126,0.011609231,0.001400568,98317.125,4.155968e-08,296.33813,-6.5406723,-1.0592003,-1.8807175,1.1507863,0.018909370817932,0.0030623469264236,0.0054373746411687,6.887626421802625,0.019912491466822,3.607600091361616
-0.0038924366,0.057206154,1.5418135999999998e-19,112201.125,7.411945e-27,304.205,-13.801075,42.29875,-0.00060500205,1.2793337,0.0393803729873043,0.120696149955204,0.0051609027305779,44.49330200248294,0.1270630131376663,2.5949577333333336
0.0024944716,0.025086153,-0.0014401756,96515.21,0.18845963,268.81674,-20.866455,190.31937,12.156043,0.35560337,0.0379156626360919,0.3079784294361266,0.0202867111391554,191.84535679260463,0.3109660128051306,1.9202423830851167
0.0012321778,0.0017449552,0.0012345894,97759.02,9.1335586e-08,296.11588,-9.280817,19.938326,-9.203306,1.1451137,0.0268414830985266,0.0576643364441268,0.0266173282811084,23.840537938549144,0.0689501492187959,1.1628457655262416
-0.0005830067,0.061473846,0.00016102531,113269.875,7.56093e-40,304.83163,-0.75150615,37.977375,0.250202,1.2888675,0.0021421515297507,0.1082539526931691,0.0007131963140068,37.98563378995956,0.1082774941336084,0.4032236559999844
-1.588243e-19,0.034295384,-0.0028803973,92597.0,0.220353,274.47363,7.8708925,312.48438,-14.324992,0.29786485,0.0121421306850805,0.4727306944867774,0.0341298251726819,312.9115595316527,0.4741166373518675,1.9202648666666664
-0.0025933797,0.0064430768,0.004491879,97974.48,1.659102e-08,296.03088,3.9189863,-1.4840063,-6.6549926,1.1479663,0.011335743344362,0.0042925168482232,0.0192499407895487,7.864455151126627,0.0227482966057386,3.4578474498201968
-0.0030503666,0.05743077,0.0030503666,111792.5,2.4747822e-29,303.95587,-9.216522,40.062088,9.188695,1.2757237,0.0263095502055802,0.1143609233673297,0.0262300068989234,42.12300189325605,0.1202440289052465,2.875913210619937
0.00097446906,0.01947077,-0.00097446906,100175.44,0.95257527,238.7055,23.316711,679.2795,-9.162864,0.1065395,0.0202992479710292,0.5905012348425186,0.0114943593075747,679.7413230110334,0.5909618330439118,0.918738240509974
0.00016102531,0.059003077,-0.0005830067,114005.125,5.4514913e-25,305.27963,0.4167535,44.759377,-1.4521538,1.2953299,0.0011870786294853,0.1274924701867163,0.0041363054294327,44.78486645694889,0.1275650741096044,0.4032236559999844
0.00040334585,0.039686155,0.0015053301,94731.48,0.8975763,242.85812,16.479763,596.04285,53.613873,0.10500683,0.0146463840678135,0.5285668487990179,0.0484477992535759,598.6761303098018,0.5309845755463153,1.038953872289757
-0.004149602,0.053163078,-0.004149602,104562.125,7.234650999999999e-19,299.5009,-23.39745,20.60525,-23.432924,1.2109612,0.0672846800111037,0.0592547514683151,0.0673878379208433,39.00152460167136,0.1121582562070856,3.912282284567013
0.0012849732,0.0026246153,-0.004795607,98029.29,6.249474e-11,295.3935,-2.5300536,0.31280312,9.300223,1.1510875,0.0073261587831295,0.0009057776288037,0.0269304081235511,9.64329636900597,0.0279238234726101,3.309850793761437
-0.0004982899,0.005769231,-0.0018596658,95716.625,0.012441481,374.13876,-3.8396015,227.99225,-7.6891627,0.7751262,0.0091169180602464,0.5405283704847852,0.0253298242428913,228.15418432009608,0.5411983347073697,1.2835107603984124
0.0030503666,0.06372,-0.0030503666,98446.89,0.0,295.4514,0.01860571,0.20115313,-0.01829693,1.1557662,5.387011320527808e-05,0.0005824094802835,5.297608374726583e-05,0.202838684182347,0.000587289755802,2.875913210619937
0.00016102531,0.03362154,0.0005830067,94350.2,0.9999605,207.48837,8.800891,1381.7375,3.8207357,0.110264875,0.0080224907452427,1.259805811946495,0.0036376342485981,1381.7708104493788,1.259836607086352,0.4032236559999844
1.7975756e-20,0.014304616,-0.0009151009,103555.25,0.99895704,213.794,2.2495625,1116.4575,18.834738,0.11758912,0.0032831161732462,1.003808384240466,0.0169588893997401,1116.618626565588,1.0039569986074774,0.6100672666666667
-0.0006470514,0.053163078,0.0006470514,113193.0,0.999427,232.676,-127.13685,643.49524,138.34901,0.11800638,0.1094394821960551,0.5542516849485541,0.1190894079593581,670.3658337792583,0.5773683552289322,0.6100459102883323
-0.00059997645,0.023513846,0.0010392044,104572.5,0.9941729,232.51488,5.77275,708.4244,16.01195,0.109645754,0.0049819311213859,0.6118425036912362,0.0138249194518197,708.6288434016251,0.6120189517970076,0.799977090098061
-0.00074549386,0.00868923,0.0027822433,97453.586,0.00070688286,324.80038,1.3267066,48.022152,-4.9102697,1.0313387,0.0036612177795977,0.1317506470096942,0.0135335647678152,48.29076497261485,0.132494508861414,1.920259111647012
0.0038263933,0.035418462,0.0038263933,94124.79,0.00097649405,293.0015,7.9136825,-8.226414,8.661223,1.100065,0.0228133291176374,0.023765338984762,0.0249993559569334,14.328888368116043,0.0413546505335464,3.607558199889029
-0.00031057486,0.060575385,-0.001159104,113650.875,3.2111022e-35,305.062,-0.50653064,40.22104,-1.86277,1.292225,0.0014433176476081,0.1146064587317477,0.0053078087332775,40.267338427611016,0.1147383823417985,0.7999941184450516
-0.0009008322,0.0462,-0.0033619737,94933.23,0.76544315,242.2885,-27.056122,-15.0977545,-108.76729,0.123348124,0.0267736334916893,0.0209374553324735,0.1069736896257021,113.09420543319295,0.1122433728924905,2.32037983596063
-0.00248237,0.004196923,0.004299605,98072.016,7.754233e-09,295.72525,4.8923364,-0.44125637,-8.377685,1.1502988,0.0141586243330054,0.0012770048440907,0.0242453879354074,9.71160484132543,0.0281058040360599,3.3098347708290348
-0.004149602,0.038787693,0.004149602,92694.14,1.6624073e-05,291.351,-6.4832625,-15.025775,6.6297665,1.10328,0.0188915639453934,0.0438050805694921,0.0193235121583117,17.656738397536888,0.051470131087214,3.912282284567013
-0.0017618468,0.035418462,0.0017618468,97102.945,0.29114825,271.33313,13.6713085,368.4969,-10.492923,0.25486076,0.023155748313841,0.5036798066694346,0.0240320133612473,368.89967663146047,0.5047841855612437,1.6610850929224252
0.0012,0.021716923,-1.6653346e-19,103933.125,0.9964589,231.14313,20.341776,713.81323,-20.835987,0.10938887,0.0176103313861696,0.6176660751718132,0.0180259055783769,714.4069243282369,0.6181799393878802,0.7999999999999999
0.0009705788,0.028904615,0.00026006208,91935.086,0.9994185,223.16275,1.7637256,938.042,16.25743,0.099949665,0.0070467472226432,0.8251438228080541,0.0142701746138649,938.1845279699496,0.8252972936149854,0.6698774323920479
0.0006470514,0.06574154,-0.0006470514,98370.16,0.0,295.4,6.7660712e-06,0.00034935426,-6.477845e-06,1.1550651,1.9592109655778515e-08,1.0116043075101193e-06,1.8757509950472585e-08,0.0003494798151188,1.011967870000493e-06,0.6100459102883323
0.00153905,0.045301538,0.0026657272,88822.875,0.38747537,254.47038,4.5518603,170.0635,-8.040616,0.20028363,0.0189556235670854,0.2166627914948386,0.0318883660682381,170.31431228789955,0.2198157154838,2.0520749831783918
-4.1633363999999997e-20,0.06416923,-0.00045,98412.05,0.0,295.42798,7.9455735e-05,0.11091446,-0.0013637838,1.1554451,6.395552226005492e-07,0.0003211510469889,3.9488149451313415e-06,0.1109228725581814,0.0003211759597983,0.3
-0.0050100614,0.06484307,-0.0013424361,98370.92,0.0,295.4005,-0.00034999513,0.0024139036,-9.331765e-05,1.1550725,1.0134588335728628e-06,6.989788936999183e-06,2.702140445216316e-07,0.0024409292011277,7.068045261668871e-06,3.4578638180467665
0.0035105823,0.05451077,-0.0035105823,108012.75,1.7329433e-19,301.6615,21.880938,33.509174,-22.073475,1.2419612,0.0626978835008641,0.096017294417103,0.0632507928992709,45.70425022355957,0.1309618579016616,3.309808733657956
0.0009626141,0.052713845,0.0016673111,104118.086,0.9183658,234.92075,121.7079,13.189911,206.021,0.11789313,0.1100687405839782,0.024221344978541,0.185888116965956,239.64857419896725,0.217384896521036,1.2834938790837072
0.0024067922,0.0055446154,-0.000644892,97738.625,6.691753e-05,321.9029,-10.232395,47.27716,3.1681137,1.0526563,0.0284113415434153,0.1307168559197908,0.0087993180660661,48.475444397320935,0.1340579305683917,1.6611287174214255
0.00041642482,0.05293846,0.00025366183,112530.875,0.9999584,225.74287,53.39321,896.87915,43.18746,0.12084675,0.0466264622564395,0.7840552624315456,0.0377233905944178,899.5044198224255,0.7863458117947154,0.3250667997750489
0.00153905,0.012956923,-0.0026657272,97749.664,0.010391639,334.40536,2.096379,78.991135,-5.350446,0.8926269,0.0054570126194927,0.2009554830728705,0.013619024753739,79.19988311796162,0.2014903546054326,2.0520749831783918
0.0007244437,0.025535384,0.00019411351,93149.54,0.99987364,207.195,3.1389463,1392.0637,-17.227337,0.1090305,0.0035742973859087,1.2703639655715266,0.0157171597362629,1392.1738321709956,1.270466217470812,0.4999994352148855
0.00019411351,0.022166153,-0.0007244437,102257.5,0.9998285,208.29312,-8.45854,1348.9225,-8.336313,0.11906013,0.0076856614641298,1.2278593808346574,0.0075879635217631,1348.9747781258236,1.2279068798920452,0.4999994352148855
-0.0029004794,0.053163078,-0.0029004794,105714.875,2.8804747e-09,300.26825,-37.51265,29.9606,-38.07865,1.2211775,0.1077391244374904,0.0860467143150522,0.1093653865005722,61.27658646012358,0.1759901808152738,2.7345982032425185
0.0004982899,0.050467692,-0.0018596658,93350.2,0.8903002,236.98575,-16.201115,329.24725,-24.863937,0.10636862,0.014581950915229,0.2963478386788449,0.0223751653370407,330.58197640365347,0.2975488578468698,1.2835107603984124
-0.0022223014,0.012732307,0.0005954578,97521.875,0.006128519,376.172,-8.951717,210.11363,2.1566377,0.83200985,0.0220290080090703,0.5179984477393331,0.0053139598805527,210.31529149159377,0.5184938834970326,1.533796090173774
-0.0007924895,0.04417846,0.00045754042,90512.125,0.99316823,223.506,-9.349514,929.83984,8.981096,0.098822236,0.0082388497601455,0.8194690025252983,0.0079172688593885,929.9302132679758,0.819548661088144,0.610057499491838
0.002264169,0.069110766,-0.00392167,98370.0,0.0,295.4,9.031039e-12,1.403141e-10,-1.5181242e-11,1.15506,2.6150641463000192e-14,4.06299152213673e-13,4.3959416757614586e-14,1.4142162646813282e-10,4.095061506987966e-13,3.0189002301766195
-0.00075,0.024187692,-1.2490008e-19,101434.75,0.99988973,209.53862,-19.2966,1360.5513,1.3960333,0.11739725,0.0175205546116355,1.2346373419434007,0.0029046949426636,1360.6888504034362,1.2347650680221218,0.5
-0.0031915514,0.007566154,-0.0018426349,97955.48,6.1626924e-05,300.53775,7.87556,3.1214375,4.334634,1.1296175,0.0225996743046181,0.0089513721404207,0.0124399307278296,9.516137309537008,0.0273061205297331,2.4568546932603774
0.001007429,0.030027693,0.0037597984,95381.625,0.2868544,258.52814,6.0762634,85.84712,16.071075,0.270313,0.0137622470568673,0.1212783038985009,0.0275616615459501,87.54957704555862,0.1251298190989058,2.5949521253287604
-0.0011019303,0.017673846,-0.0011019303,98925.31,0.6486821,258.84262,-87.4843,643.62024,-58.81574,0.14864625,0.09095885473474,0.6548004637561192,0.0597057180333047,652.1961417824358,0.663778527338567,1.0389098500332354
-1.3877788e-20,0.0608,-0.00015293711,113716.875,2.636367e-35,305.10086,0.003750626,40.082874,-0.1997468,1.2928113,0.0003316931337517,0.1142054907567588,0.0005691255444555,40.08337187601838,0.1142073904929643,0.1019580733333333
0.0030503666,0.06664,-0.0030503666,98370.0,0.0,295.4,3.5151274e-07,4.0537248e-06,-3.5127988e-07,1.15506,1.0178545463273815e-09,1.1738129995139832e-08,1.0171802290458443e-09,4.084071928187622e-06,1.1826004366591554e-08,2.875913210619937
0.00029804165,0.0059938463,-0.00014174538,68831.02,0.99999934,169.00188,-485.83276,2013.38,247.00813,0.09772485,0.489695782257091,2.0391343317268524,0.2489340250291455,2085.84407647727,2.111833073612759,0.2200207847616693
-0.004313942,0.021941539,1.5224762e-19,101011.375,0.0024865014,299.65387,8.064238,34.31524,-2.2928612,1.131935,0.0228150515936606,0.0969800549481196,0.0064866164959533,35.324564303904864,0.0998385388040473,2.8759613333333336
-0.0028192918,0.029353846,-0.0048831706,95524.4,0.0001561124,295.36887,3.0782225,-6.1853137,3.8345225,1.11945,0.0089036158805365,0.0178967140551048,0.0110929925666129,7.901716404042871,0.0228609106074376,3.7590637937450806
1.0156928e-19,0.008913846,0.0010996894,90633.96,0.9948193,209.09238,-1.18919,1173.9625,20.841251,0.10564113,0.0039871636192583,1.0700939591995948,0.0193732598625986,1174.148084068765,1.07027674093521,0.7331262666666666
0.0022223014,0.06282154,-0.0005954578,101226.75,0.0,297.2875,0.51891786,7.435878,-0.1282972,1.181045,0.0014973113080589,0.0214558447478265,0.0003701944249012,7.455066568974339,0.0215112123997766,1.533796090173774
0.00028127836,0.038787693,-0.00028127836,92416.56,0.999832,204.31625,9.056457,1372.0875,-21.738462,0.10968875,0.008319070368499,1.2606104043158652,0.0199727036515237,1372.2895786967736,1.2607960609441786,0.2651917810093745
-0.0027523169,0.024636922,-0.0027523169,96636.3,0.027169887,287.91013,16.337488,59.00364,17.90205,0.861691,0.0412564185739012,0.1481176997724145,0.0452025640896042,63.78735330457161,0.1602629615965299,2.594909258619116
-0.00035669186,0.056083076,0.001331215,120286.875,8.710662e-10,308.9585,-4.2095814,77.286674,16.14545,1.350425,0.0119186631284916,0.2188248565630978,0.0457129585489282,79.0672252532489,0.2238661362509453,0.9187823969714264
0.00023684214,0.01408,-0.0008839167,101940.125,0.99894035,212.24513,-10.12274,1146.8462,45.17335,0.116598874,0.0091427218914939,1.0349077013731578,0.0407691624604439,1147.7801653059569,1.0357507732716322,0.6100648168910395
0.0018984762,0.046873845,-0.0018984762,88826.19,0.39414376,255.60213,10.771275,239.6885,-6.848489,0.193692,0.0274130734799514,0.2987690956460948,0.019715201711515,240.02812168360347,0.300671146419686,1.7899005265883576
0.0012849732,0.048446152,0.004795607,96055.08,2.9154693e-05,293.7325,10.305066,-6.804219,39.439262,1.1338438,0.0299142061927993,0.0197559671674463,0.1145046051513685,41.32731746156482,0.1199852598102672,3.309850793761437
1.5513156999999998e-19,0.069110766,0.0036853154,98370.0,0.0,295.4,3.5948715e-14,2.1074388e-10,2.1514113e-11,1.15506,8.582182427869471e-15,6.102384907979899e-13,6.229713544012683e-14,2.1183918737556863e-10,6.134701317836746e-13,2.456876933333333
0.0012458276,0.014978462,0.0021578514,98490.266,0.009393927,366.02463,2.0201976,174.42537,3.6332314,0.8298431,0.0049590685532735,0.427789110459626,0.0089175266416189,174.47490154284625,0.427910782371931,1.6611119533351038
0.00035669186,0.03362154,0.001331215,100845.64,0.855261,241.95,20.480799,667.37463,73.698425,0.118951626,0.0194620936566383,0.6074161426517014,0.0699970375617705,671.7438631969748,0.6117456405327264,0.9187823969714264
0.0016673111,0.06731384,-0.0009626141,98370.0,0.0,295.4,3.082471e-08,6.507964e-07,-1.760852e-08,1.15506,8.925728368616639e-11,1.884472322275832e-09,5.09879471265e-11,6.517638966498025e-07,1.8872738452240773e-09,1.2834938790837072
0.00041642482,0.012732307,-0.00025366183,75215.5,0.99997497,178.81163,-4.0427876,1875.41,0.91427267,0.1019483,0.024611636151072,1.842142119667968,0.0152752096809434,1875.4145803331312,1.8423698471587135,0.3250667997750489
-0.0026849245,0.030476922,1.8747665e-19,95480.67,0.19607438,271.9969,3.3413713,332.82663,8.352833,0.33934724,0.018185874177975,0.5298781357999235,0.0326398822262127,332.94819449645206,0.5311938692512935,1.7899496666666668
-0.0006890677,0.058104616,0.0011935149,114462.625,3.968475e-21,305.55524,-2.5593061,48.547836,4.282404,1.2993537,0.0072866348441777,0.1382210391270045,0.0121924615201676,48.803497948565216,0.1389489360255128,0.9187653821431114
-0.0007244437,0.067987695,-0.00019411351,98370.0,0.0,295.4,-9.874701e-10,5.075061e-08,-2.6324834e-10,1.15506,2.8593584751098248e-12,1.469555267642189e-10,7.622725221106912e-13,5.076089845795685e-08,1.4698531843975506e-10,0.4999994352148855
0.0013424391,0.019695384,-0.0023251872,101830.125,0.034033187,322.915,1.8619938,146.27126,-4.6330676,0.7532443,0.0067183839367983,0.3357614211734568,0.0127403209216958,146.35646155289834,0.3360702075583753,1.7899271558427734
-0.00044156975,0.014753846,0.0001279371,116138.0,0.99996203,200.51074,-35.057213,1641.22,15.298361,0.14043513,0.0325344092553919,1.5220586416682151,0.0141956318656324,1641.665659150064,1.522472499727517,0.3064867194305833
0.0014401756,0.015427692,0.0024944716,98181.414,0.023779875,334.05225,-1.2517635,115.5635,-0.8897987,0.7756185,0.0033118103243565,0.2747096096569126,0.0039100622922737,115.57370456049443,0.2747573953738229,1.9202423830851167
1.5183822e-19,0.008015385,0.0013781823,100282.234,0.7584785,250.60925,1.3428253,728.9369,166.28513,0.12857388,0.0254189667719129,0.6885125533950774,0.1611767217612999,747.6640634807275,0.707582924957973,0.9187882
0.004795607,0.041033845,0.0012849732,91271.25,0.003166567,286.0095,15.679371,-14.8515625,5.726066,1.0625025,0.04504430875395,0.0428768360534208,0.0164876646215967,22.34277098936932,0.0643370492465061,3.309850793761437
0.0010559278,0.0073415386,-0.0018289352,97855.08,0.0015063708,381.97525,5.97858,176.35425,-7.6456175,0.8721939,0.0149743579332569,0.4437002063882115,0.0191198120958232,176.62112098737006,0.4443643457333569,1.407912163392128
0.0017402662,0.015876923,0.0030142437,97778.984,0.0072044535,325.88226,0.88450706,67.77203,2.5267627,0.9513029,0.0023447976028068,0.1780672432822136,0.0065641839886334,67.82488431838422,0.1782036186988407,2.3203631449363105
0.0017618468,0.023963077,-0.0017618468,100012.484,0.09883626,290.157,-28.443174,234.68088,29.659437,0.5219426,0.0553677744432868,0.4535421137136761,0.0574397505614363,238.25157247734091,0.4605055529559136,1.6610850929224252
-0.0009523381,0.060126156,0.0005498259,113641.0,9.918982e-33,305.05826,-1.7169,41.071712,1.0280203,1.2921338,0.0048921943230588,0.117031107312234,0.0029292768677186,41.12043406821183,0.1171699377271745,0.7331079584049207
-0.0015386239,0.0013214605,-0.00040611275,98025.164,5.3313227e-07,296.22012,7.1017337,14.0348,1.7997317,1.14782,0.0205358631297117,0.04058527670168,0.0052041745876216,15.831906605892438,0.0457817626634517,1.0608782674670545
0.002372638,0.01655077,-0.0041095437,98167.58,6.57639e-05,297.93564,-0.59538776,4.9041724,1.5562713,1.1418825,0.0017167310396206,0.0141288894990586,0.0044863316810091,5.179514829873863,0.0149231315711894,3.1635254947783733
-1.3285194e-19,0.06686462,-0.0024917016,98370.0,0.0,295.4,6.554126e-10,3.3874037e-06,-2.4193213e-07,1.15506,9.144689625451586e-11,9.808703451470973e-09,7.005484531977281e-10,3.396032304302434e-06,9.8341137917461e-09,1.6611344
0.00074549386,0.058104616,-0.0027822433,113299.125,1.1149832e-26,304.86063,2.2056987,44.149376,-8.392416,1.2890775,0.0062869976998815,0.1258413584024089,0.0239214026617256,44.99405687712115,0.1282490051811173,1.920259111647012
0.0024067922,0.048895385,0.000644892,93161.54,0.78315425,240.60187,23.221209,246.55,0.3146263,0.1176835,0.0221413199800802,0.2339140692306741,0.0040846985319548,247.64132538235685,0.2349951373892869,1.6611287174214255
-0.0012849732,0.021492308,-0.004795607,100089.05,8.881647e-05,298.444,1.9940891,15.020875,8.5722885,1.1618887,0.0057429948311562,0.0432404918216964,0.0246822033260527,17.40939996759211,0.0501191907720135,3.309850793761437
0.004299605,0.059676923,-0.00248237,112529.5,0.0,304.38913,6.73068,37.412224,-3.8414662,1.2823025,0.0191997228554305,0.1067207235333558,0.0109580590208632,38.20645783705052,0.1089863351375438,3.3098347708290348
0.0008703744,0.05204,0.0015075472,95804.27,0.9884265,232.92525,27.998878,156.22827,92.13599,0.1008125,0.0244303851403264,0.1352201803066963,0.0796811733609514,183.5217975329685,0.1588408960830243,1.160507581746156
0.0039870623,0.015427692,-0.0039870623,98027.52,1.5390576e-07,295.80637,-2.4896588,-2.2351787,2.4939725,1.14946,0.0072041789564658,0.006467869267466,0.0072166427560123,4.1730472789206905,0.0120753244248641,3.759038385790977
-0.0009705788,0.04507692,0.00026006208,91301.7,0.9767621,226.55951,-8.553275,834.844,10.0847025,0.09987849,0.0075449564996,0.7363751214260061,0.0088968980597633,834.94871942757,0.7364675149786527,0.6698774323920479
0.002838977,0.028006153,-0.0016390758,91520.08,0.30678412,256.2181,11.370558,176.397,-0.3603015,0.245765,0.0218669397803571,0.2429303060550153,0.0080810400065239,176.76346063426757,0.2440463068004271,2.185442735178454
-0.004491879,0.030252308,0.0025933797,94684.55,0.0026449037,295.7039,2.3653474,2.701707,-1.2899203,1.073275,0.0077103170151978,0.01014390498241,0.0036809854945661,3.8154925523302814,0.0132626336365827,3.4578474498201968
0.0018426349,0.026658462,-0.0031915514,93787.64,0.15651275,265.55774,-3.9571176,87.75745,4.9231415,0.40695563,0.0068501496864184,0.1521110894849578,0.0084870322221123,87.98446529036676,0.1525015993718307,2.4568546932603774
0.0011165227,0.0050953845,0.0041669416,97973.94,3.9057e-07,296.33212,-2.845535,-1.0689187,-10.71545,1.1467887,0.0082268034762358,0.0030902471125331,0.030978980139735,11.138246061473714,0.0322013529708181,2.8759558980875943
-0.0024723287,0.00045,-0.0006716765,97904.05,5.5071453e-10,295.8675,10.812525,2.8405824,2.8565001,1.1477749,0.0312844893991563,0.008218767156774,0.0082647398693369,11.538596018065403,0.0333852263082189,1.7079628569336225
-0.0013496222,0.0030738462,0.0007791963,96320.086,0.021104604,303.16537,-32.538536,95.7285,19.444038,0.9068675,0.085224886453746,0.2404897808786979,0.0509991370829083,102.96005366654944,0.2601913295275984,1.0389368404857235
0.0012281717,0.06237231,-0.0045836214,103326.875,0.0,298.65015,0.4918665,12.678347,-1.7856988,1.2000163,0.0014158032632161,0.0364934195394927,0.0051399841474916,12.812928451784655,0.0368808026702514,3.163541676540452
-0.0013781823,0.047323078,1.5183822e-19,92897.23,0.98440486,236.46637,-0.07485244,555.8854,7.5229836,0.09665938,0.0028419455092787,0.4782391115886546,0.0064735006840356,555.9363082388968,0.4782913659250912,0.9187882
-2.0375435e-19,0.046424616,-0.005186804,93094.25,6.114847e-05,291.3665,-0.40463623,-15.319287,-30.644474,1.1073388,0.0115219902920566,0.0446497954601631,0.0893096721501607,34.26263374878927,0.1005115815938334,3.457869333333333
-0.0029342247,0.050243076,0.00508224,98675.3,2.8810421e-11,295.70676,-17.52415,1.9600687,29.965412,1.1574463,0.0507174893524582,0.0056723828476471,0.0867240897203513,34.76871609451467,0.1006255802031001,3.912307532088964
-0.0023251872,0.009138461,0.0013424391,97143.0,0.0012739296,341.5395,2.0564437,80.20615,-1.2342145,0.9707865,0.0054944521146313,0.213613703889672,0.0037738224691124,80.24200112126927,0.2137176764554884,1.7899271558427734
-0.004745321,0.053612307,1.5026859e-19,106864.0,1.52448e-14,300.96262,-41.61474,30.146961,-0.2088188,1.231605,0.1193829893553778,0.0864827792423442,0.0157537509489424,51.3874444596572,0.1482556910269133,3.1635473333333333
0.00014174538,0.05788,0.00029804165,115250.875,2.2692914e-18,306.02325,0.46253413,52.079376,1.2293042,1.3063049,0.0013158697557037,0.1481620372822571,0.0034972673011778,52.09593584135838,0.1482091484471144,0.2200207847616693
0.00015012702,0.057655383,0.00015012702,115709.25,4.647866000000001e-17,306.2945,0.560077,54.422386,0.669729,1.3103325,0.0015926560302219,0.1547588272516415,0.0019044730221101,54.42938839553837,0.1547787394412616,0.1415411118417712
-1.4617036e-19,0.014753846,-0.0056386283,98086.95,1.2234379e-07,295.9045,0.004012253,-2.6143374,3.7332137,1.149775,0.001267349437047,0.0075637726639421,0.0108008403637564,4.557593736730007,0.0132466971004371,3.759085533333333
-0.0009151009,0.018796923,-1.7975756e-20,99150.45,0.99957436,214.174,-23.953413,1161.4763,10.917618,0.11231475,0.0215207452406261,1.0430427679427503,0.0097892853924269,1161.774571867896,1.0433106863930228,0.6100672666666667
-0.00544649,0.00824,0.0014593768,98047.54,6.538708e-09,296.03387,6.300479,-1.7519238,-1.5264028,1.1488112,0.0182243330838976,0.0050674374773167,0.0044154667079297,6.715294344873892,0.0194242525001142,3.7590799089658
-0.0015075472,0.054735385,-0.0008703744,123458.125,7.351218e-05,310.77512,-46.277237,104.70999,-28.26235,1.3765713,0.1305761068395682,0.2954480047024395,0.0797445256944248,117.91745035268008,0.3327143407463222,1.160507581746156
-0.002372638,0.042606153,0.0041095437,90379.9,0.007668836,282.41388,-13.45325,-14.540701,22.291576,1.0094875,0.0378945842612736,0.0411388148795918,0.0628069748844778,29.821741761635536,0.0841018293509214,3.1635254947783733
0.0010616601,0.05451077,-0.0039621918,110032.875,3.601659e-15,302.91364,9.800589,42.15491,-36.599026,1.2599599,0.0280266932365345,0.120540566899515,0.1046548213184674,56.67959673466015,0.1620745366411133,2.734640827760201
-0.0024944716,0.023289232,0.0014401756,101108.25,0.07166894,291.99887,5.4278626,167.02701,-5.575589,0.615561,0.0119167742339944,0.347585390363948,0.0118389574389913,167.20816653094877,0.347991054505492,1.9202423830851167
1.5126382999999998e-19,0.03699077,0.0045283833,92403.58,0.025346886,284.33014,8.984769,23.2247,22.778175,0.8591189,0.0224258553252581,0.0594042008655752,0.0588106766303849,33.748452118637765,0.0865475230914825,3.0189222
-0.0008703744,0.06461846,0.0015075472,98377.336,0.0,295.40503,-0.00048533126,0.019360788,0.0008746335,1.1551312,1.405331038755855e-06,5.606133088243024e-05,2.5325993294459863e-06,0.0193866098679526,5.6136100995716895e-05,1.160507581746156
0.00021488206,0.06551693,0.0008019567,98370.3,0.0,295.4,5.458316e-06,0.00081742514,1.9531613e-05,1.15507,1.5805321198271247e-08,2.3669692738792424e-06,5.6556527337328747e-08,0.0008176766699765,2.3676976142343573e-06,0.5534975051172251
-0.0021119022,0.06753846,1.6234991999999998e-19,98370.0,0.0,295.4,-1.5038392e-08,2.5294375e-07,4.8049995e-11,1.15506,4.3545777279927787e-11,7.32434161246381e-10,5.752508305995175e-12,2.533904027519791e-07,7.33750043701132e-10,1.4079348
-0.0023728441,0.0021034353,0.004115465,98004.31,7.0010937e-12,295.3635,4.9472,0.53186375,-8.594539,1.1509137,0.0143261965424845,0.0015401781547593,0.0248882236127148,9.930949980293176,0.0287582289218023,3.167013404815318
0.00045754042,0.0030738462,-0.0007924895,82829.44,1.000405,177.814,407.88275,1776.3337,-705.5664,0.112476125,0.4045117719788557,1.7564515073743785,0.6996341496647316,1954.3678508183184,1.9334527702543685,0.610057499491838
0.0026058601,0.011384616,0.0026058601,98007.266,0.0004995387,306.7624,-6.6884737,17.646101,-7.2156363,1.1009188,0.0189453069943949,0.0499300990586546,0.0204389464563204,20.203612749992768,0.057181203042287,2.45682846337794
-0.0018984762,0.018347692,-0.0018984762,98853.65,0.0282049,338.3509,-7.60354,137.07263,-7.5513635,0.737312,0.0175969018273012,0.3163635555704343,0.0175065179678473,137.49088262993163,0.3173358290808737,1.7899005265883576
0.000796675,0.013855385,-0.002973254,98283.73,0.014302408,336.117,2.6662688,87.383224,-9.527092,0.8541731,0.0067009492771801,0.2169641552146712,0.0237977123158891,87.94147092199728,0.2183682176524347,2.0520916596531995
0.0033619737,0.01116,0.0009008322,98306.11,0.0005771978,310.90475,-7.766119,25.66665,-2.4736087,1.0884962,0.0218455166865853,0.0720921326402366,0.0069644008522205,26.92969117062757,0.075650545716153,2.32037983596063
0.0024944716,0.053163078,-0.0014401756,106564.75,0.00030783867,300.40912,73.80477,44.31246,-42.6403,1.225415,0.2114789195252376,0.1269750167959412,0.1221779864729815,96.06733768609652,0.2752697743532397,1.9202423830851167
0.002050962,0.007566154,-0.0035523847,98022.19,1.2196365e-05,298.2444,-4.0002065,-0.70424175,7.5097814,1.13982,0.0115269452045966,0.0021896965380427,0.0216397827773812,8.537823209745635,0.0246159589561473,2.7346242628142687
0.00014174538,0.028006153,0.00029804165,90143.875,0.999986,197.85251,-4.8472786,1585.885,-15.589279,0.1104695,0.004524889814207,1.480559639358078,0.0145481839214197,1585.9690271107334,1.4806380280066307,0.2200207847616693
-0.0022223014,0.047772307,-0.0005954578,93184.2,0.8339025,241.99663,-17.473228,279.58975,-9.42631,0.1105205,0.0161595615874321,0.2565790092277786,0.010091195301412,280.293769681059,0.2572853505927179,1.533796090173774
-0.001331215,0.04170769,-0.00035669186,88648.17,0.5531306,250.07788,-46.159634,641.14777,-0.83139,0.15039176,0.0481110407031097,0.7000759590097041,0.0101635018839249,642.8077986430461,0.7018007675910861,0.9187823969714264
-0.0011503282,0.047772307,0.0019924412,91910.7,0.67599225,246.60425,-11.214542,329.19012,49.067738,0.1297665,0.0117397266873889,0.3292178585035776,0.0490123670245145,333.01583141094176,0.3330531964442346,1.533779196505254
0.0010559278,0.036766153,0.0018289352,89525.67,0.2604025,272.78625,9.961729,413.38974,11.502325,0.2572115,0.0328956732857382,0.5919563704237083,0.0455059367933498,413.6696951220172,0.5946135384344802,1.407912163392128
-0.0025934312,0.051141538,-0.00069490174,98778.484,0.6857049,239.1825,-215.172,-18.779333,-53.4156,0.15703063,0.2296680083827005,0.0194756282299215,0.0573716377760565,222.49691965347492,0.2375251544374476,1.7899439863847344
0.00074549386,0.034070767,0.0027822433,93542.914,0.349871,262.4796,-5.6873097,319.10837,-36.55243,0.22352324,0.0137041509261104,0.4189589191326888,0.0490250693202261,321.2453539501941,0.4220400894409077,1.920259111647012
-0.00050239643,0.020369232,0.00087018503,101664.25,0.99896723,221.60112,12.658379,945.0408,-7.09892,0.111357495,0.0111742031918456,0.8344276271233521,0.0063621917195848,945.1522326528748,0.8345266953232576,0.6698670379885004
-0.0036853154,0.065292306,1.5513156999999998e-19,98370.35,0.0,295.4,-0.0001011509,0.0009377566,3.7911514e-07,1.15507,2.9289664106279974e-07,2.715406004218031e-06,3.8789109464214424e-08,0.0009431962092495,2.7314323724196853e-06,2.456876933333333
0.0009626141,0.014304616,-0.0016673111,104243.48,0.11610644,327.22864,28.264774,331.54675,-45.844463,0.48623213,0.0503288044586317,0.5879006448579719,0.0805918087722324,335.892631167449,0.5955293413626523,1.2834938790837072
-0.00071900955,0.010486154,-0.0004151182,105211.875,0.99922836,204.50462,106.557686,1368.1863,74.24556,0.1248535,0.0980370621927784,1.2575323166299004,0.0682851187188156,1374.3364563064893,1.2631950167612274,0.5534930905771464
0.0012308755,0.06619077,-0.0012308755,98370.0,0.0,295.4,1.9934757e-06,5.58703e-05,-1.9508639e-06,1.15506,5.772389124322942e-09,1.6178029877396196e-07,5.649000419070772e-09,5.5939880563090354e-05,1.6198177907817184e-07,1.160480550461843
-1.6320611e-19,0.034070767,-0.0019252748,96549.54,0.26506975,270.82376,0.8952437,442.032,-3.7341378,0.27382275,0.0096778970187043,0.6276449513714434,0.0254866394417435,442.048678620796,0.6282367511239688,1.2835165333333334
-0.004491879,0.065292306,0.0025933797,98370.17,0.0,295.4,-5.8482026e-05,0.00045445902,3.3927026e-05,1.1550651,1.6934291798171457e-07,1.31594989360831e-06,9.824046743528789e-08,0.0004594607614558,1.3304331384177816e-06,3.4578474498201968
0.0015075472,0.008015385,-0.0008703744,101373.95,0.1365324,328.85986,85.00135,372.40512,-56.739925,0.43654212,0.1369005578139833,0.6244778737821423,0.0935419311015989,386.1738235471723,0.6461149049878522,1.160507581746156
-0.0011503282,0.011833847,0.0019924412,96841.414,0.0053957375,379.464,-6.58353,197.86,9.422401,0.82683665,0.016130213913294,0.4877835005371304,0.0230703274403743,198.19360259066312,0.4885950953553989,1.533779196505254
-0.004795607,0.02239077,-0.0012849732,98904.94,7.8787365e-05,297.77887,13.222913,15.205112,3.0209162,1.1508538,0.0381166136236452,0.0438240668656491,0.0087130242286796,20.37564216964794,0.0587310979123385,3.309850793761437
-1.8747665e-19,0.032273848,-0.0026849245,91724.58,0.19432862,276.86426,11.929443,343.42838,-0.97194636,0.32243264,0.0199390620618196,0.5440874938355218,0.0322853595260828,343.63688463178886,0.5454091231212148,1.7899496666666668
0.004491879,0.05653231,0.0025933797,110528.25,6.0383776e-30,303.19037,14.945112,37.019012,8.677096,1.2644775,0.0427160830534824,0.1058073916706001,0.0248009698193534,40.8540771177358,0.1167688142765364,3.4578474498201968
0.004491879,0.05990154,-0.0025933797,112621.875,0.0,304.44324,6.6712837,37.192825,-3.80392,1.283125,0.0190285895706837,0.1060854502715956,0.0108499871598293,37.9773888656515,0.1083232763617551,3.4578474498201968
-0.00031432978,0.056083076,0.0005329707,122033.5,2.5999876e-08,309.95413,-4.093551,84.91925,7.2454977,1.36563,0.0115713518049486,0.2400473261815631,0.0204809865796293,85.32604184698131,0.2411971927713641,0.4125050721052952
0.0035105823,0.042156924,0.0035105823,91340.33,0.0024511374,286.87537,12.80773,-16.895874,13.210457,1.0694487,0.0368312047701953,0.0489189591877535,0.038038668880172,24.980485986578103,0.0720870483721765,3.309808733657956
-0.00392167,0.039686155,-0.002264169,96516.11,0.05788065,271.39587,-35.02815,7.39793,-4.4656563,0.72078776,0.0801887325049861,0.0167868662822652,0.0311036093307004,36.07828636309005,0.0876325636606147,3.0189002301766195
-0.0003036618,0.038113847,2.8622937e-20,94637.1,0.99989885,203.92024,-12.055938,1387.18,-34.561375,0.11253463,0.0110858555409282,1.275659735332658,0.0317829270661774,1387.6628505090675,1.276103761844998,0.2024412
-0.0014593768,0.018796923,-0.00544649,99538.984,5.995658e-07,296.71774,0.44396386,4.0444064,2.0316813,1.16359,0.0012827789499204,0.011684692155429,0.0058700412226784,4.547752845320065,0.0131390614793236,3.7590799089658
0.0013496222,0.06214769,-0.0007791963,110126.75,7e-45,302.928,1.3038738,29.694162,-0.70035136,1.2609613,0.0037280099350906,0.0849016848304068,0.0020024237846191,29.7310248023176,0.0850070811528726,1.0389368404857235
0.0037359586,0.011384616,-0.0021569484,97673.8,1.4593293e-05,299.34274,-9.228558,3.5582025,5.2182198,1.1315725,0.0265432832061782,0.0102296600986541,0.0150075553450584,11.18288449692128,0.0321623778121638,2.875939503395293
0.0014593768,0.021941539,0.00544649,98783.23,4.871235e-07,296.25586,-2.4072063,6.548365,-9.243112,1.1565537,0.0069615442659184,0.0189339425152972,0.0267262180864587,11.580623721912769,0.0334850415998528,3.7590799089658
0.00083024846,0.029353846,7.986765e-20,92625.0,0.9998455,213.17099,8.180242,1220.5437,9.388454,0.10538,0.0073456636070946,1.0981877465586218,0.0084340103097329,1220.6072189846243,1.0982446985964636,0.5534989733333333
0.004491879,0.01116,-0.0025933797,98221.9,1.1614648e-07,296.528,-6.425335,-0.8009312,3.5114963,1.1489338,0.0185699426287799,0.0023148786686267,0.0101484573121796,7.36593693390543,0.0212883211715666,3.4578474498201968
0.0006890677,0.018796923,-0.0011935149,101212.8,0.93169725,244.35449,49.419724,707.51086,-33.253643,0.107463,0.0430777035114181,0.6144008105164841,0.0290780296469142,710.0138948717463,0.6165951478168451,0.9187653821431114
-0.0014593768,0.04170769,0.00544649,92787.4,4.5112236e-05,291.2234,-3.5819836,-17.368876,17.2313,1.10447,0.0109948148783353,0.0506377326049538,0.0502354463239037,24.727032974136726,0.072171088289851,3.7590799089658
0.000644892,0.024412308,0.0024067922,96982.67,0.09854098,287.66412,2.8536024,244.11037,-27.629343,0.51118183,0.0158445114243004,0.4740875499857204,0.0524545571816447,245.6855640504868,0.4772436842566491,1.6611287174214255
-0.00035669186,0.026658462,-0.001331215,94909.375,0.8697825,243.57687,-32.998627,792.215,-71.4702,0.1085018,0.0299269907816314,0.7113195501187386,0.06528206446433,796.1165147746434,0.7149355740897871,0.9187823969714264
-0.0038263933,0.052264616,-0.0038263933,102426.0,3.5062903e-13,298.14938,-27.678387,14.867775,-27.860212,1.1915938,0.0797762001995159,0.0428520041885081,0.0803006568935674,41.9920856002335,0.1210319456952733,3.607558199889029
-1.8747665e-19,0.009138461,-0.0026849245,97963.55,0.0015042061,341.38126,0.4014535,82.24307,1.584578,0.9765086,0.0010741666009222,0.2187388086607886,0.0042090320281895,82.25931324400689,0.2187819375516222,1.7899496666666668
-0.0001279371,0.030926153,-0.00044156975,93797.64,0.999981,202.52112,0.55691963,1487.13,12.1961975,0.11230087,0.0010996985486141,1.372316934492177,0.0112500061377734,1487.180114946718,1.3723634870794996,0.3064867194305833
0.0035523847,0.004196923,-0.002050962,97971.586,3.64902e-07,296.04126,-10.946911,-0.044337075,6.410904,1.1478875,0.0316638174029898,0.000511173743194,0.0185433578056487,12.686075686174844,0.0366976123178868,2.7346242628142687
-0.0035105823,0.0024,-0.0035105823,98022.05,1.3067003e-11,295.37064,6.82808,0.47362614,6.819095,1.1510925,0.0197726947313154,0.0013715210850034,0.0197465732018549,9.661627959402924,0.0279779856358639,3.309808733657956
0.0027993415,0.0017471564,-0.000746372,97920.42,1.1605764e-09,295.62936,-13.6165,5.2477837,3.5791624,1.1488937,0.0394131296506634,0.0151897178316515,0.0103599726398805,15.025269032451948,0.0434908191434038,1.9314225035226984
0.0026849245,0.04956923,-1.8747665e-19,94635.89,0.94646037,237.48862,46.806488,113.64464,-7.9318,0.10169779,0.0408865743570155,0.0994957648723117,0.0069743756525904,123.16194611512007,0.107794995736915,1.7899496666666668
-1.0156928e-19,0.027781539,-0.0010996894,91873.086,0.9989235,223.1545,-11.6902895,914.3404,-28.067436,0.09993104,0.010285141754106,0.8043513098166135,0.0246913483376895,914.8457853126766,0.8047959222233527,0.7331262666666666
0.0013613222,0.014304616,-0.0013613222,104798.54,0.12004675,326.38626,43.8452,331.16025,-38.751213,0.483266,0.0763265184562997,0.5845104125078313,0.0678638107648835,336.2903050224224,0.5933663763319142,1.283466878666386
-0.0009523381,0.005769231,-0.0005498259,92597.75,0.99275,208.93925,167.52338,1242.5,93.89376,0.10827375,0.1527848107326915,1.1344738995208168,0.0856264128496648,1257.2535030826368,1.1479138075927535,0.7331079584049207
-0.00031432978,0.060575385,-0.0005329707,113710.125,1.7694697e-34,305.0975,-0.50734586,40.437973,-0.83911586,1.292745,0.0014455559930802,0.1152178980891716,0.0023908517219229,40.44986001949688,0.1152517672062866,0.4125050721052952
-0.0009008322,0.008464616,-0.0033619737,98099.3,0.00047537612,304.849,2.5872724,10.969273,6.7370024,1.1092087,0.0073557747068777,0.0311435033014983,0.0191422462021476,13.130351478842313,0.0372887490953023,2.32037983596063
-0.0005498259,0.031375386,0.0009523381,94611.375,0.99932396,224.81026,4.144565,831.322,20.862774,0.1021075,0.0036291587746626,0.7284160895671009,0.0182875973148579,831.5940719137037,0.7286546552031277,0.7331079584049207
-0.00016102531,0.031824615,0.0005830067,94588.98,0.99995804,206.36438,7.112484,1397.8037,18.98435,0.111146,0.0064999309848167,1.2779365555572697,0.0173535789133084,1397.950706107788,1.2780709040712437,0.4032236559999844
-4.0129963e-20,0.054735385,-0.0010048215,128861.625,0.0018316528,311.90463,2.1817713,141.20876,-50.84985,1.3992801,0.0182021184317884,0.3930246440700469,0.1414782742912525,150.1012367429583,0.4181097823039097,0.6698810000000001
-0.0016673111,0.004196923,-0.0009626141,95766.69,0.008018887,335.88025,-9.906319,140.91422,-6.2630057,0.9029256,0.0298589131630318,0.3598678099317202,0.0185622732561785,141.40077013487723,0.361581184948508,1.2834938790837072
-0.00410197,0.06753846,1.5322009e-19,98370.0,0.0,295.4,-1.428367e-08,1.2397402e-07,-6.178724e-12,1.15506,4.1360373536528146e-11,3.5898420530255305e-10,5.477447795968458e-12,1.247941541171137e-07,3.614005293163587e-10,2.7346466666666664
-0.0041669416,0.026883077,0.0011165227,91553.086,0.013456559,294.24475,18.799438,33.862988,-2.6210263,0.92027575,0.050792081312356,0.0903288781645326,0.0244473197003885,38.819976871055445,0.1064744720345537,2.8759558980875943
-0.0016814725,0.038787693,-0.0004505431,96079.36,0.6197635,254.13463,-93.7474,565.417,-39.07743,0.1520205,0.0978902417891085,0.5932341959285667,0.0416580467040482,574.4667130749743,0.6026978542451764,1.1605245659162278
0.0004982899,0.050467692,0.0018596658,93956.36,0.92208666,236.309,-11.676985,292.906,12.877312,0.10395525,0.0103467043297647,0.2595746262839148,0.0114579237771673,293.4213727372898,0.2600333150159898,1.2835107603984124
-0.0046863924,0.06956,0.002705682,98370.0,0.0,295.4,-1.3009841e-12,1.219429e-11,4.2220548e-13,1.15506,3.767182001142954e-15,3.531027895538784e-14,1.6926350988914725e-15,1.227075897000242e-11,3.5550984145520367e-14,3.607583913671109
-0.00023684214,0.045975383,-0.0008839167,91121.234,0.9665639,226.64713,-1.2811625,907.5314,7.973164,0.10061595,0.0045584058410321,0.8041791426995208,0.0070666152221532,907.567327919798,0.8042231093841099,0.6100648168910395
0.0008703744,0.035193846,0.0015075472,96725.06,0.337943,263.9385,3.282741,482.90173,-2.7482662,0.23228262,0.018058833849744,0.6304289597287991,0.0133071140370825,482.92070797654975,0.630827927432469,1.160507581746156
-0.0030142437,0.04912,0.0017402662,97117.95,0.11214101,259.70963,-73.556786,-4.1082125,39.699062,0.5670439,0.1455906328172695,0.0076802546867389,0.0783535438579771,83.68687890150281,0.1655140372031632,2.3203631449363105
1.5126382999999998e-19,0.052489232,0.0045283833,102864.25,5.0761555e-09,298.45374,0.13583744,19.2554,49.79365,1.1954763,0.0189331566942006,0.0554692374446489,0.1434455577917465,53.38723125703941,0.1549578290222319,3.0189222
0.004149602,0.02823077,0.004149602,96405.58,9.318171e-06,295.33014,-6.1172776,-7.349939,-6.060935,1.1321262,0.0177141648617541,0.0212840498950108,0.0175515940544814,11.321555618085696,0.0327850708484215,3.912282284567013
-0.0043740757,0.058329232,-0.0011720242,111946.75,9.541185e-37,304.04437,-9.71859,38.44255,-2.5735986,1.2771075,0.0277386558845034,0.1097219160700042,0.0073455590021071,39.73542565324451,0.1134120325777004,3.018916579372005
-0.001400568,0.04328,0.0052270126,92489.35,0.00011463379,290.68713,-3.5616126,-18.56675,21.479012,1.10193,0.0105238285321117,0.0541546401306734,0.0626434963810032,28.613934479045746,0.083472652129262,3.607600091361616
-0.00153905,0.025984615,0.0026657272,93313.71,0.22896588,263.04938,6.5369196,179.60126,-8.04786,0.30612224,0.011984009685073,0.2732424146329003,0.0139547198435888,179.9002833850577,0.273860854903476,2.0520749831783918
-0.005186804,0.069335386,2.0375435e-19,98370.0,0.0,295.4,-4.5200987e-12,3.703295e-11,5.914245e-15,1.15506,1.3088580945843371e-14,1.0723410867682845e-13,1.860446838802769e-15,3.7307783543632486e-11,1.0804594521466209e-13,3.457869333333333
-0.0018289352,0.021267692,0.0010559278,101586.016,0.083552785,308.11575,-16.500578,235.57663,10.095567,0.56325525,0.0312083869764035,0.4629510415230716,0.0190971944820173,236.3694949640128,0.4643945877182998,1.407912163392128
0.0019924412,0.042156924,-0.0011503282,89979.58,0.26764274,271.37726,17.55307,383.23975,-5.5943184,0.252808,0.024684634908889,0.5413418819563193,0.0086723992720425,383.68230692181777,0.5419737769207367,1.533779196505254
0.002050962,0.034295384,0.0035523847,96514.234,0.31115562,259.27563,26.494673,71.232666,57.853912,0.26527438,0.0386892085738506,0.0983333542242757,0.084226195803029,95.51510632642476,0.1351308827489777,2.7346242628142687
0.0015075472,0.03452,0.0008703744,93080.586,0.28028613,264.69864,16.532274,468.29788,6.66611,0.25854412,0.0236869227491541,0.6579660141956956,0.009460440478089,468.6370210713592,0.6584602084256376,1.160507581746156
0.004795607,0.05743077,0.0012849732,111284.875,7.5269626e-34,303.64636,12.886337,37.831474,3.483795,1.2712238,0.0368040729320786,0.1080484569849379,0.0099500161333465,40.117514054241575,0.11457753559171,3.309850793761437
-0.0032781975,0.04238154,1.5699931e-19,86355.33,0.38064888,252.55125,19.9335,156.3785,-11.105366,0.20119688,0.0506905186430012,0.2035117740204567,0.0169000380152526,158.03451787028666,0.21040955807702,2.185465
-0.0021119022,0.03452,1.7622771e-19,95708.36,0.29265437,269.23236,-26.43736,412.42062,-13.020657,0.25533512,0.0369346225057243,0.5665597565928646,0.0183248079118494,413.4721747756016,0.5680580275950798,1.4079348
0.0007469668,0.0013256546,-0.002817889,97947.36,1.9485136e-10,295.62576,-3.3455713,3.9617,12.191763,1.149225,0.0096838341756014,0.0114672322748879,0.0352894874627069,13.248660281762556,0.0383486894921759,1.9434743021052947
0.00014174538,0.06731384,0.00029804165,98370.0,0.0,295.4,3.215829e-09,7.986431e-07,6.5873236e-09,1.15506,9.311884272325136e-12,2.312583328154059e-09,1.907452109473066e-11,7.986767403436627e-07,2.3126807384937073e-09,0.2200207847616693
0.0005498259,0.011833847,-0.0009523381,96474.375,0.9916255,219.3335,43.7377,936.37286,-69.30829,0.107503496,0.0389814645794301,0.834017802445262,0.0617554715878004,939.9525298697768,0.83720904656329,0.7331079584049207
0.0031915514,0.066415384,0.0018426349,98370.0,0.0,295.4,1.1868814e-06,1.2892142e-05,6.8621415e-07,1.15506,3.436781720829916e-09,3.733100909683903e-08,1.987029388643603e-09,1.2964833306506113e-05,3.754149696770552e-08,2.4568546932603774
-0.00074549386,0.027781539,0.0027822433,87664.875,0.2677501,258.44412,-4.593255,234.68,-29.325375,0.26405287,0.0214486350236132,0.3466754002218901,0.0547055889080028,236.54973686391125,0.3516199347607516,1.920259111647012
0.0038263933,0.013855385,-0.0038263933,98093.766,2.8674032e-07,296.2171,-3.3641224,-2.70426,3.3209386,1.1486375,0.0097278996454489,0.0078198185153745,0.0096028880298824,5.446005403481686,0.0157479221372147,3.607558199889029
-0.0049647847,0.00532,9.37506e-20,97997.79,2.1126496e-08,295.972,9.097444,-0.97942483,0.053971246,1.1484675,0.0263174118691627,0.0028332793249505,0.0034355142761402,9.150173398693124,0.0266915042207422,3.3098564666666666
0.0010616601,0.06282154,-0.0039621918,100053.67,0.0,296.51688,0.14624885,4.3783913,-0.53043354,1.1704025,0.0004225919833087,0.0126515548666177,0.0015327121438891,4.412828893396949,0.0127510639180979,2.734640827760201
0.0011720242,0.018572308,-0.0043740757,99155.71,0.00042100428,299.35638,0.029754259,15.734088,0.99107814,1.1425275,0.0016610856207262,0.0451157227761797,0.0028471164883031,15.765298804249111,0.0452359781518477,3.018916579372005
-0.0008839167,0.02081846,-0.00023684214,100788.25,0.9994936,217.18825,-4.429859,1073.5634,-7.326931,0.11259238,0.0043728683882915,0.9573103850680624,0.0065223770982247,1073.5975416273077,0.9573425911031612,0.6100648168910395
-0.0009523381,0.05451077,0.0005498259,127764.625,0.00929235,304.80026,-59.118725,156.78125,34.538464,1.3006737,0.1585270165663461,0.4214675449875537,0.0925943929148053,171.07977522976648,0.4597166823800541,0.7331079584049207
0.002039934,0.059452306,-0.00054659264,113422.75,7.881391600000001e-32,304.9295,4.17624,41.646713,-1.078434,1.2901912,0.0119024390475948,0.1186945632952785,0.0030735770772877,41.86947222182678,0.1193294359627523,1.4079290131187046
0.0016673111,0.03788923,-0.0009626141,98007.414,0.62846124,254.0615,70.99787,517.9415,-51.91661,0.14742899,0.0744651166437328,0.5327433663000823,0.0562024874356378,525.3564783655751,0.5408505038617062,1.2834938790837072
0.0023251872,0.03991077,-0.0013424391,92572.164,0.30340314,267.39224,-22.083225,322.80637,17.324865,0.23913425,0.0302214262992098,0.4383336911498714,0.0244518382978076,324.02433903373026,0.4400541464419709,1.7899271558427734
-0.001007429,0.015427692,-0.0037597984,97889.89,0.0025669762,312.81287,-0.4208638,30.494976,-0.12707612,1.0499512,0.0011656888108473,0.0842052080283714,0.0008872049143207,30.498144794708427,0.0842179495242257,2.5949521253287604
0.0026058601,0.015876923,-0.0026058601,98044.96,0.004142315,318.9214,1.0061156,46.195164,0.4073161,1.0112307,0.0027380206228178,0.1250301003712373,0.0036165767861876,46.20791438696166,0.1251123590354807,2.45682846337794
0.0016267902,0.06304616,0.0016267902,99783.11,0.0,296.33826,0.18876225,3.6999676,0.18787324,1.1679425,0.0005456193276502,0.0106947933404428,0.0005430491924542,3.70954010389198,0.0107224627521344,1.533752509317093
-0.0013613222,0.023963077,0.0013613222,100381.96,0.1417945,289.07187,-29.970423,374.3625,36.920803,0.44806075,0.0489796628051378,0.6547696678559743,0.0613182409939841,377.37071078081,0.6594560273371715,1.283466878666386
0.00037499773,0.008464616,-0.0006495165,77101.05,0.99988234,177.31924,86.401535,1829.5563,-151.78864,0.10538712,0.0852287288784639,1.8048584889169657,0.149743905925063,1837.8741173848373,1.8130640745995616,0.4999977694516481
0.0021578514,0.03788923,-0.0012458276,93733.75,0.27711898,270.26663,28.17121,346.47137,7.8913794,0.25798312,0.0402118642794699,0.4842180971241734,0.0113693246793432,347.7043301015616,0.4860179226685475,1.6611119533351038
1.7182793999999998e-19,0.021043077,0.0015584395,103757.375,0.827837,245.33112,-8.958024,536.2134,43.41704,0.12369412,0.0109925051682043,0.491550404860254,0.0416695403989415,538.0428383464518,0.4934358988614545,1.0389596666666667
0.0009151009,0.030926153,1.7975756e-20,92880.73,0.99978125,217.84175,7.8924026,1082.2837,19.420876,0.1034085,0.0070344540364758,0.963322619413004,0.0172798431877229,1082.486705566908,0.9635032670400838,0.6100672666666667
-0.00045754042,0.045526154,-0.0007924895,91637.2,0.9629134,226.95038,-13.133003,912.0614,14.2878,0.101409875,0.0116493834180233,0.8090457803195068,0.012672740137981,912.2678413528552,0.8092288805581672,0.610057499491838
-0.002050962,0.04709846,-0.0035523847,92715.25,0.026542738,271.93912,-26.9035,-6.0750237,-45.92586,0.8881765,0.0698635726969867,0.0164025932180003,0.1192308668888288,53.57134347713488,0.139161645122943,2.7346242628142687
-0.0037597984,0.020144615,0.001007429,101153.125,0.0049636425,304.453,-1.0097353,53.9054,-0.14966524,1.0817137,0.0031299683316115,0.1487408507633142,0.0018987500006893,53.91506388960445,0.148785895296283,2.5949521253287604
0.0026058601,0.027556922,-0.0026058601,93883.35,0.20870513,262.87064,3.7501137,101.65245,5.6262336,0.335141,0.0125003046659447,0.1604705657129245,0.0137073550373508,101.87707518518184,0.1615393192355577,2.45682846337794
0.0010392044,0.010935385,0.00059997645,102657.25,0.9561524,234.025,12.50625,720.3575,7.07763,0.110929504,0.0160464301900426,0.6314469173142135,0.008745391743402,720.5008167529926,0.6317113100018178,0.799977090098061
0.001159104,0.008464616,0.00031057486,94813.61,0.9666639,223.12375,72.69844,945.29224,17.503231,0.1064035,0.0649055803214682,0.8450386552509667,0.0156350175262899,948.245139865262,0.8476718215195524,0.7999941184450516
-0.002372638,0.0064430768,-0.0041095437,97953.39,1.7508101e-07,296.3565,4.5099874,-1.7419163,7.6041713,1.1464574,0.0130378474521422,0.0050357052800775,0.0219834749920071,9.010975524553828,0.0260502776679507,3.1635254947783733
0.002317984,0.014529231,0.002317984,97742.06,0.01273917,330.40875,3.509745,75.90122,3.9299304,0.87968326,0.0092308032094694,0.1918863184931566,0.0108808228551384,76.08388699588284,0.1924161096653655,2.185416273442557
0.0015075472,0.053836923,0.0008703744,114854.875,0.025935676,289.1906,122.71769,107.40324,67.221176,1.0641227,0.3095426047859702,0.2743948196272998,0.1693071209360775,176.39096888519174,0.4469608958462085,1.160507581746156
-0.000375,0.06237231,0.000375,108112.336,6e-45,301.68332,-0.26843467,24.748867,0.32928434,1.2429783,0.0007689807272994,0.0708993680134572,0.0009433066513469,24.75251306700627,0.0709098127448174,0.3535533905932737
1.1544706e-19,0.044627693,0.0010996894,90706.3,0.9970099,231.9015,-23.30745,788.64526,18.819324,0.09510565,0.0201319276637404,0.6810762567455512,0.0162502658329634,789.214007922938,0.6815674824649662,0.7331262666666666
-0.0014401756,0.03946154,-0.0024944716,89495.984,0.24567601,271.07162,10.854146,298.71,-24.112692,0.26990375,0.0386041563154638,0.438463485483685,0.0355649832271025,299.8781394181246,0.4415941315498594,1.9202423830851167
0.0020366963,0.03991077,0.0020366963,90173.67,0.30768237,263.08636,-2.3138375,287.82764,8.853814,0.23406725,0.0283673741899007,0.3936535882941572,0.0179703046622835,287.9730789749149,0.3950832663438822,1.9202156865967344
0.0045283833,0.044627693,-1.5126382999999998e-19,91141.36,0.013052555,277.99326,36.236176,-17.343525,1.4745963,0.9740176,0.0997006724315187,0.0479762729051173,0.0138372842067498,40.19990976080139,0.1115052343138278,3.0189222
-0.0027523169,0.03317231,-0.0027523169,94738.71,0.42805186,253.89513,4.6294,112.3147,-6.92637,0.193489,0.0163089466611992,0.1352300095381129,0.0084266383273148,112.6232559546513,0.1364703097907208,2.594909258619116
-0.0024067922,0.049344614,-0.000644892,93206.43,0.94357985,237.1645,-13.677986,150.32309,-11.76115,0.10060095,0.0149859018551056,0.1319928778384865,0.0102856650391059,151.40159621842432,0.1332384777749774,1.6611287174214255
0.0033709237,0.014978462,0.0019461956,97969.52,0.0016102635,312.715,-0.8146102,29.846262,-0.66489905,1.0641637,0.0026772358905354,0.0829475860495865,0.0022591512930232,29.86477918715085,0.0830215236431607,2.594935572283576
-0.0009626141,0.057206154,0.0016673111,115491.375,8.044746e-18,306.16763,-5.2649264,54.400436,8.829603,1.3084087,0.0149746441436717,0.1547280946019075,0.0251134235004792,55.36324390897919,0.1574665274472033,1.2834938790837072
1.4721278e-19,0.03991077,0.0054114084,91151.8,0.00024936267,289.75586,0.6996564,-16.023212,9.5103035,1.087415,0.0021837790611328,0.0467732345387313,0.0276900082360956,18.6461447633852,0.0543989054698534,3.6076056
-1.5183822e-19,0.032273848,-0.0013781823,96539.266,0.95725137,235.1795,9.421324,638.36115,-17.687803,0.103770584,0.0100700775033567,0.5578285025202072,0.0192210087775854,638.6756434609059,0.5582503845617023,0.9187882
-0.004491879,0.010486154,-0.0025933797,98241.94,1.0769804e-07,296.55338,6.1500325,-1.1710541,3.4346113,1.1490712,0.0177734238841001,0.0033844274649316,0.0099260780001886,7.140785827783295,0.0206367625924007,3.4578474498201968
0.0037359586,0.06124923,-0.0021569484,112657.625,0.0,304.46225,4.61852,36.0001,-2.6148925,1.283455,0.013172982334699,0.1026799598712547,0.0074582272534057,36.38922353921496,0.1037898201969548,2.875939503395293
-0.0019924412,0.01116,0.0011503282,97992.016,0.003655525,378.57312,-2.8183422,190.91725,1.2250687,0.8567824,0.0072622939123857,0.4763524426056727,0.0042017557679216,190.9419812237176,0.4764263271910924,1.533779196505254
-0.0015188704,0.0032984614,-0.0056685233,98076.914,1.5193347e-11,295.40775,2.0758376,-0.17602898,7.749024,1.1515925,0.0060108746457804,0.0005140770282578,0.022438069412981,8.024179764683092,0.0232349273332201,3.9123237593043534
0.0046863924,0.0064430768,0.002705682,97991.17,3.8882e-09,295.93237,-6.3386574,-1.2721149,-3.6436775,1.148545,0.0183379876355316,0.0036802299439054,0.0105411628697594,7.421134662393818,0.0214695597907298,3.607583913671109
0.0012281717,0.06416923,-0.0045836214,98383.15,0.0,295.40875,0.0012697289,0.0343629,-0.0046497,1.1551826,3.676616004925341e-06,9.950091296929648e-05,1.346363110118044e-05,0.0346992913181162,0.0001004749647892,3.163541676540452
0.00410197,0.01116,-1.5322009e-19,97784.625,7.4980424e-05,300.7989,-10.334213,6.3768587,-0.32348937,1.12647,0.029640154847648,0.018279669587313,0.0038594179545872,12.14763065711325,0.0350368407046365,2.7346466666666664
-0.002838977,0.01408,-0.0016390758,97454.55,0.010499741,333.3741,-5.588668,73.869576,-2.3325174,0.89166737,0.0154020948231956,0.1883624711854517,0.0082920787981731,74.11739408435312,0.1891729463925218,2.185442735178454
-0.0054114084,0.067763075,2.5823509e-19,98370.0,0.0,295.4,-3.6125676e-09,2.4372412e-08,1.4540036e-12,1.15506,1.0460696616892167e-11,7.05737436065781e-11,1.3784218770880446e-12,2.46386913913146e-08,7.135810750874014e-11,3.6076056
-0.0010048215,0.058553845,4.0129963e-20,114232.875,5.1287760000000003e-23,305.41724,-3.0302675,46.59325,0.024405248,1.2973325,0.0086294409662183,0.1326861740922575,0.0011282234682802,46.69169157676969,0.1329712786086705,0.6698810000000001
0.0001279371,0.005769231,-0.00044156975,57487.164,0.9999995,158.47375,-140.81648,2103.5276,433.39777,0.08694717,0.1462328397562795,2.2007495947063616,0.4501480174342561,2152.3222974364976,2.25106998105865,0.3064867194305833
-0.0011019303,0.024636922,-0.0011019303,93137.664,0.18643887,276.7245,-11.536209,497.54825,-36.039654,0.35754412,0.0391799337236598,0.8059407821321642,0.0601452850288171,498.9851719806851,0.8091310566413779,1.0389098500332354
-0.0037597984,0.00824,0.001007429,98086.31,0.00010948446,300.12637,7.506956,2.3530502,-1.430218,1.1319537,0.0215502873168632,0.0067501322681629,0.0041074732428555,7.99604634536219,0.0229532242945914,2.5949521253287604
0.004795607,0.01408,-0.0012849732,98013.5,2.7391895e-06,297.26013,-4.8624487,-1.1393516,1.2355151,1.1436362,0.0140356426032741,0.0032898763675943,0.0035663425243793,5.14470864003806,0.0148506346262405,3.309850793761437
0.0015053301,0.025535384,0.00040334585,93820.086,0.381877,262.724,80.78429,574.37634,-8.938719,0.22214237,0.0922478166877663,0.725566929131936,0.0192769262755623,580.0984245453186,0.7316615530559474,1.038953872289757
-0.001007429,0.030701539,0.0037597984,94632.17,0.34941074,255.14513,-3.8288476,89.26259,14.805367,0.22873887,0.0051141472666722,0.1162477978196843,0.0238538864450288,90.56306608908962,0.1187801031264232,2.5949521253287604
0.00028127836,0.004196923,0.00028127836,37715.625,1.0,133.68013,284.7125,2295.8975,271.1345,0.06813535,0.3239901336371505,2.609298861090932,0.3083914458802415,2329.317594329453,2.6473600882911184,0.2651917810093745
-0.001331215,0.059452306,-0.00035669186,113626.25,3.2788702e-29,305.0516,-2.8414063,42.419464,-0.72164387,1.29199,0.0080964877711556,0.1208727128039968,0.0020562993421491,42.520645405309686,0.1211610258367371,0.9187823969714264
-0.002838977,0.063944615,0.0016390758,98423.19,0.0,295.43536,-0.011967748,0.13970523,0.0070730112,1.15555,3.46519333572982e-05,0.0004045084995994,2.0479500862079948e-05,0.1403951771571222,0.0004065062025223,2.185442735178454
0.0026849245,0.02823077,-1.3196548999999998e-19,95103.92,0.31929037,259.50537,-40.06526,275.56287,-15.560673,0.24730213,0.0543987207175975,0.3752022655734424,0.02634084641419,278.8947022188077,0.3800392099467778,1.7899496666666668
-0.00050239643,0.06708923,-0.00087018503,98370.0,0.0,295.4,-2.6502738e-08,1.8656788e-06,-4.6126388e-08,1.15506,7.674239927855853e-11,5.4023349352769794e-09,1.3356543630425371e-10,1.866437093384308e-06,5.404530680321493e-09,0.6698670379885004
0.0019252748,0.066415384,-1.6320611e-19,98370.0,0.0,295.4,1.2483868e-06,2.254865e-05,2.5882612e-09,1.15506,3.614879173460739e-09,6.529278336701503e-08,4.790277961514418e-10,2.2583181643072576e-05,6.53945286616561e-08,1.2835165333333334
-0.0035105823,0.054286152,0.0035105823,108428.875,5.030976599999999e-18,301.92224,-24.519587,33.768112,24.2934,1.2456713,0.0702279881006568,0.0967173566663739,0.0695820227120263,48.28731529351278,0.1383035620578643,3.309808733657956
-0.0030952666,0.00084010884,-0.0008253035,97953.11,8.297546e-12,295.56738,11.264788,1.5385373,2.9810188,1.1495187,0.0326095471508596,0.0044537702057431,0.0086294519436045,11.753681074216226,0.0340247861900215,2.135603083407881
4.1633363999999997e-20,0.02081846,0.00045,107994.625,0.9999763,201.25812,11.800242,1581.9926,-2.7323759,0.13011475,0.0109222309951149,1.4644104578316632,0.0042959304274949,1582.0389685605337,1.4644574897056215,0.3
-0.00045754042,0.06484307,0.0007924895,98373.67,0.0,295.40225,-0.00012688714,0.009697374,0.00023471462,1.155095,3.674179358104128e-07,2.8079985965449987e-05,6.796462291036008e-07,0.009701043953875,2.8090612787124426e-05,0.610057499491838
-0.0014932879,0.02373846,-0.0014932879,100305.29,0.0601293,306.96774,21.412537,303.1775,8.873902,0.62993026,0.0452068940653707,0.6414472112841737,0.0220413753470276,304.062229459254,0.6434158922209411,1.407885333805092
-0.0007791963,0.03452,-0.0013496222,93131.02,0.58917576,250.4515,-23.054964,610.39764,-74.4104,0.15100488,0.0261120110589369,0.6488321145492899,0.0781239613959646,615.3484524322548,0.6540399860377368,1.0389368404857235
0.00153905,0.051815383,-0.0026657272,97761.2,0.018591885,279.93024,50.14565,6.26268,-85.224884,0.98497677,0.1337676488025454,0.0167517435927829,0.2273333845081104,99.08122035743382,0.2643007235924106,2.0520749831783918
0.0010559278,0.02868,-0.0018289352,86504.586,0.27224463,263.938,73.977325,375.7775,-90.566574,0.27720824,0.1039068812702388,0.5618698819941969,0.123227068978054,393.5526374533693,0.5845334163214301,1.407912163392128
-0.0006890677,0.010710769,0.0011935149,102406.5,0.8430735,246.85576,-17.577028,645.384,33.00746,0.1187705,0.020875370599001,0.5845435027048398,0.0374632840678901,646.4665125008135,0.5861146520137849,0.9187653821431114
0.0004505431,0.03249846,-0.0016814725,89091.52,0.26624525,264.56674,52.594227,497.98126,-86.542496,0.2784719,0.0748938930857568,0.7344331634874292,0.1187992090557173,508.1742729013593,0.7477395394948414,1.1605245659162278
-0.0035523847,0.045301538,0.002050962,92970.4,0.09344742,263.39825,-53.710987,-10.493088,29.204151,0.5857869,0.1107425103251565,0.0218686534780753,0.0600724395651259,62.0311007150503,0.1278704015531633,2.7346242628142687
0.0027523169,0.054286152,-0.0027523169,109856.0,4.82782e-13,302.812,30.088037,43.333275,-30.135324,1.2583525,0.0860515416774786,0.1239305013229814,0.0861868472596766,60.75525035191584,0.1737579052123936,2.594909258619116
0.00074549386,0.0608,-0.0027822433,113354.875,1.892e-42,304.88324,1.0971622,38.73325,-4.00556,1.2896162,0.003127184997174,0.1103994674603499,0.0114168555229935,38.95526833907333,0.1110322759001557,1.920259111647012
0.0033709237,0.036092307,0.0019461956,96377.52,0.39836937,254.54187,31.951292,86.4787,21.084648,0.20948887,0.040404752444245,0.1069399051486268,0.0266639935857227,94.57279204635532,0.1173867790137265,2.594935572283576
-0.00087018503,0.00868923,0.00050239643,89738.914,0.99824315,198.99988,-53.820786,1414.7262,31.222088,0.10955037,0.0500974783508039,1.319705259212198,0.0290769310173632,1416.0938234280868,1.3209758500619275,0.6698670379885004
0.000530325,0.026883077,-0.000530325,91095.29,0.9998748,205.65088,-0.2711725,1405.3113,-25.662226,0.10742375,0.0017275234291737,1.2871374703315888,0.0235070047751246,1405.5456140892368,1.287353265868502,0.4999952049770078
-1.00559694e-19,0.06596615,-0.003480578,98370.0,0.0,295.4,2.231674e-08,7.994596e-05,-8.086277e-06,1.15506,3.060492164693412e-09,2.314947642886505e-07,2.341495229917405e-08,8.035387292520014e-05,2.326960517424406e-07,2.3203853333333333
0.0027822433,0.006667692,-0.00074549386,97903.7,0.00016701457,311.82874,-8.335929,23.431763,2.5584188,1.0867375,0.0234784149474292,0.0658659659744715,0.0072065522810324,25.001614674604586,0.0702957739695151,1.920259111647012
-1.5699931e-19,0.06484307,-0.0032781975,98372.17,0.0,295.4015,3.6735628e-06,0.0057300837,-0.00055687263,1.155085,2.214782454097534e-07,1.6592214152891753e-05,1.612498261721734e-06,0.0057570808427633,1.667185573811946e-05,2.185465
0.002176526,0.007566154,0.002176526,97925.23,0.00030147287,310.2596,-5.1406775,19.9535,-5.0093136,1.0904925,0.0145030414937447,0.0561962205254721,0.0141332034200809,21.20523402729032,0.059733582286936,2.052048392038442
0.0024610888,0.056307692,0.0024610888,113533.375,2.916027e-19,305.00964,14.188988,49.37224,14.23775,1.2911137,0.040433903666322,0.1406935073734404,0.0405725518500233,53.30721328435997,0.1519068647111136,2.32033677277635
0.002838977,0.046649233,-0.0016390758,92230.125,0.871573,239.38962,42.327744,40.944214,-24.220291,0.106091246,0.038256075165769,0.0555246312635697,0.0219392742063756,63.67644044960439,0.0709072895882143,2.185442735178454
-0.0014593768,0.035418462,0.00544649,94225.94,0.00029850213,292.76776,-0.97653997,-11.985237,11.287074,1.1119425,0.0064278423763484,0.0347963450988094,0.0327609459028196,16.49234900614987,0.0482222185957685,3.7590799089658
0.0012281717,0.061698463,0.0045836214,110752.25,0.0,303.30838,1.2450392,30.960476,4.5697327,1.2665412,0.0035576962761295,0.088470538394194,0.0130580794736853,31.320658577136623,0.0894997586929306,3.163541676540452
-0.0039621918,0.01947077,0.0010616601,100840.75,0.00307673,302.62787,-2.645215,37.759987,0.26417556,1.1107312,0.0073960775684517,0.1057381332380741,0.0017839547854863,37.85344857952701,0.1060114959744834,2.734640827760201
-0.0035846329,0.00045,0.00096941355,97960.1,2.672255e-13,295.51974,10.972925,0.31732175,-2.9776673,1.1497825,0.0317671926424368,0.0009186592276148,0.0086205277694012,11.374193540560904,0.0329288925137361,2.4756014450980515
-0.0010559278,0.043055385,0.0018289352,88934.73,0.27908126,270.08212,-16.591175,428.39825,4.6475534,0.24237162,0.0231298114158175,0.5967478987783364,0.0093560192012075,428.7445946522813,0.5972692675567565,1.407912163392128
0.0007924895,0.03901231,0.00045754042,91699.95,0.930395,233.07013,1.2992193,885.91327,8.072247,0.10202287,0.0024137259962607,0.7879395330117475,0.0071781300133247,885.9509981395762,0.7879759255881132,0.610057499491838
-0.0009151009,0.04709846,-1.7975756e-20,92815.33,0.9864541,223.61563,-8.959152,951.0508,9.244505,0.10192725,0.0079175702546536,0.8405666414625546,0.0081681837095594,951.1379245187808,0.8406436140740554,0.6100672666666667
-0.001331215,0.029578462,-0.00035669186,92813.42,0.99006337,228.9185,-20.064713,702.6731,20.959837,0.09922701,0.0174852408150568,0.612755457072452,0.0182822389218282,703.2719196288509,0.6132774446190117,0.9187823969714264
-0.0026657272,0.03317231,-0.00153905,93163.734,0.3968435,259.75537,44.390186,276.42487,40.79711,0.20556188,0.0575474469326906,0.3505196414996938,0.0520949266645119,282.92331390676094,0.3590119902032877,2.0520749831783918
-0.0018426349,0.060575385,0.0031915514,113172.125,1.4e-44,304.7735,-2.669455,38.308624,4.6805735,1.288,0.0076099941272783,0.109208845337782,0.0133432181152249,38.68571352656305,0.110283840068703,2.4568546932603774
-0.0016390758,0.021716923,-0.002838977,101279.75,0.029215813,300.84912,1.2311918,112.687,-0.27048,0.8438415,0.0057447174122634,0.2739832161820782,0.0097338166866636,112.69405024968614,0.2742162499103795,2.185442735178454
-0.00037499773,0.06372,0.0006495165,98564.69,0.0,295.52988,-0.0052687977,0.513618,0.010418465,1.1568425,1.5252744079894888e-05,0.0014868826582863,3.016060825618042e-05,0.5137506735432663,0.0014872667373423,0.4999977694516481
0.00071048376,0.045975383,0.00071048376,90582.48,0.9976938,231.595,-7.19497,832.426,12.576573,0.09504764,0.0062010376136769,0.719205949771124,0.0108829832456095,832.5520904170053,0.7193150147035685,0.6698505128252208
0.0029004794,0.05540923,0.0029004794,111606.5,1.6761771e-18,303.85776,19.632812,44.911686,19.60575,1.2740076,0.0560534586577456,0.1282245548680062,0.0559751532530564,52.79102461074648,0.1507207499991195,2.7345982032425185
-0.0033709237,0.010261538,0.0019461956,98208.016,6.161863e-05,302.36713,7.1429787,8.622758,-3.7872488,1.1256788,0.020439385234359,0.0246551590854207,0.0108367340457292,11.820209545871812,0.0338094682458006,2.594935572283576
-0.0009626141,0.04372923,-0.0016673111,92186.07,0.65685636,251.237,-63.2841,483.088,-39.253788,0.13312075,0.0648531374186595,0.4858643163507802,0.0396954783227604,488.7941825852257,0.4917781962788989,1.2834938790837072
0.0030781461,0.04170769,-1.5791709e-19,88746.39,0.3044815,261.2834,-22.422983,212.55388,5.5697536,0.23648125,0.0423600294568324,0.2936926469007973,0.0083992625676615,213.80590315713317,0.2968506199266908,2.0520974
0.00097446906,0.056756925,-0.00097446906,117541.375,5.4137975e-14,307.37076,7.290879,63.558975,-7.53268,1.3264174,0.0206962112199582,0.1804224882641162,0.0213825844169801,64.41771097784883,0.1828601168834405,0.918738240509974
-0.0005870607,0.055633847,0.0005870607,124631.625,2.6113016e-06,311.4199,-11.294959,99.5921,11.228746,1.3880875,0.0318511059600343,0.2808525436867711,0.031664246545623,100.85755905213152,0.284420935860054,0.5534861359174952
-0.0038924366,0.009363077,1.5418135999999998e-19,98444.79,0.00020373723,301.69876,6.125656,5.3884377,0.38293612,1.128765,0.0175316751130649,0.0154076999429929,0.0018170803661084,8.167347326342743,0.0234106520810561,2.5949577333333336
-0.0018984762,0.047996923,0.0018984762,93778.164,0.8271395,242.16225,-8.851223,205.96687,5.5768213,0.112295,0.010258729550096,0.1913480126868514,0.0051488712076831,206.2323849981005,0.1916919778339791,1.7899005265883576
0.0009151009,0.057206154,1.7975756e-20,116648.75,2.0275413e-15,306.84824,5.40145,59.039238,-0.09868663,1.3185912,0.0153457386630444,0.1677351966977168,0.0020737878627787,59.28589229128701,0.1684484743250469,0.6100672666666667
-0.0015189121,0.0021044263,-0.0056766337,98038.36,3.3787812e-14,295.31,2.0395494,0.05593695,7.73059,1.1515212,0.0059067353276616,0.0002552992334313,0.0223884049485744,7.995305650537424,0.0231558929016133,3.917553892786904
0.00045754042,0.05091692,0.0007924895,94215.266,0.9975475,226.54651,8.409284,849.16565,-1.717662,0.10106925,0.0073479761581669,0.741825064507323,0.00152550062198,849.2090246576878,0.741863023904725,0.610057499491838
0.0009523381,0.014978462,0.0005498259,100191.58,0.9944233,225.15288,32.84051,882.4987,18.974888,0.108470626,0.0288443050630072,0.7745489046164087,0.0166677268141511,883.3133651051378,0.7752649951430785,0.7331079584049207
1.2490008e-19,0.041033845,-0.00075,91302.984,0.9994475,213.76237,15.47555,1231.8049,6.8668127,0.10362325,0.0139049767481815,1.106817512049025,0.006168368785433,1231.921246439264,1.1069220397707482,0.5
-0.0036853154,0.04283077,1.5513156999999998e-19,92397.734,0.6489786,245.37563,-53.094933,29.284376,-0.2415221,0.13610101,0.0724369408736267,0.0310027078265863,0.0100054619761056,60.63583858502044,0.0794253584509712,2.456876933333333
0.00544649,0.053836923,0.0014593768,105468.25,2.1243535e-20,300.06976,29.5678,25.106125,7.860253,1.2191387,0.0849493788704592,0.0721296161540023,0.0225814579587444,39.57721423470371,0.1137057638844358,3.7590799089658
0.0011165227,0.023513846,-0.0041669416,97805.1,0.00194361,298.02338,-7.1183147,34.137314,21.255575,1.1096799,0.020272508102064,0.0970944748820532,0.0604959317327617,40.83902643163102,0.1161811920819582,2.8759558980875943
-0.0013496222,0.02823077,-0.0007791963,92578.08,0.90442353,233.84438,-42.651787,686.135,-9.860383,0.105679125,0.0383048072924494,0.6170981337061925,0.0100492017711202,687.5301013862594,0.6183674889106107,1.0389368404857235
0.0005329707,0.034744617,0.00031432978,94433.984,0.9999634,208.74937,-1.0543604,1352.9525,-6.0706925,0.10969425,0.0013354329992753,1.2298358532103493,0.005518626692371,1352.9665303471231,1.229848960020495,0.4125050721052952
-0.0035105823,0.0059938463,0.0035105823,97960.7,3.7891375e-08,296.07288,6.1614084,-1.6704588,-6.006895,1.1476412,0.0178208665198164,0.004831516487671,0.0173739940682163,8.765624542216772,0.0253531557201498,3.309808733657956
1.6234991999999998e-19,0.046873845,0.0021119022,94813.0,0.71811914,249.35287,28.283175,390.67325,85.87215,0.1269585,0.0279711842944828,0.3792455653513674,0.0843685394789484,400.9981950074909,0.3895223182865457,1.4079348
-0.0032781975,0.0055446154,1.5699931e-19,97978.766,1.5724416e-05,300.15662,13.315025,3.535745,0.12610748,1.1320125,0.038244933881797,0.0101492835150946,0.0047731747551261,13.777056527145485,0.0398555657435165,2.185465
0.0027523169,0.050467692,0.0027523169,96897.54,0.0023833893,290.76025,44.95365,-2.138698,45.250225,1.120845,0.1291419144480538,0.0061384818835343,0.1300020697387387,63.819961924215605,0.1833462657473525,2.594909258619116
0.00045754042,0.02081846,-0.0007924895,101093.0,0.9992094,217.354,8.634073,1056.1462,-1.2033625,0.11287312,0.0077042982994158,0.9415141633280956,0.004443639041797,1056.182177028336,0.941556170330599,0.610057499491838
1.4721278e-19,0.0028492308,0.0054114084,98051.31,2.7088333e-11,295.39014,-0.0009637326,-0.07888046,-8.788694,1.1513575,0.0033133520181217,0.0002315232382476,0.0254493249186378,8.78904803044029,0.0256651523163264,3.6076056
0.0012458276,0.038113847,-0.0021578514,92894.31,0.28855914,268.71286,10.688247,378.68976,-18.003824,0.2500095,0.0148278151578558,0.5238480425594085,0.0301460874585928,379.2681249873413,0.5249242063238659,1.6611119533351038
-0.003667574,0.047996923,0.003667574,95716.19,5.9383037e-06,293.63562,-25.992199,-7.566946,25.419676,1.1305662,0.0754881743854742,0.0219764278670679,0.0738232251698973,37.13506440774666,0.1078484882987868,3.457821927871294
-0.004795607,0.05451077,-0.0012849732,108919.875,3.6252907e-19,302.22324,-31.5164,34.856064,-8.544689,1.2500663,0.0902237944818963,0.0997838015834705,0.0244625121733655,47.76233219430158,0.1367316885399757,3.309850793761437
-0.0008839167,0.031824615,0.00023684214,94682.45,0.99980175,218.6415,-2.464485,1077.0653,17.555788,0.105028376,0.0025951078765669,0.9569488855629658,0.0155946371353271,1077.2111862781162,0.9570794621516416,0.6100648168910395
0.00069490174,0.010710769,0.0025934312,98687.516,0.003522725,345.4205,0.17253384,102.83396,-1.4741567,0.9472395,0.0009790531797227,0.2685941090212255,0.0057259799571243,102.8446704267348,0.2686569202393716,1.7899439863847344
-0.0010048215,0.05990154,4.0129963e-20,113645.0,4.2409786e-31,305.0615,-1.92015,41.573574,0.03843725,1.2921625,0.0054713116481605,0.1184604960270359,0.0007207855195745,41.61791091078652,0.1185889704057165,0.6698810000000001
0.00248237,0.0028492308,0.004299605,97995.734,1.687761e-10,295.39575,-4.901785,0.39885336,-8.45631,1.1506863,0.0141938914630471,0.0011549431917987,0.0244866011692389,9.782420917396076,0.0283265614832159,3.3098347708290348
-0.00074549386,0.029578462,-0.0027822433,93558.08,0.39804086,256.0805,20.074057,281.15262,67.5643,0.21001637,0.0258209113105777,0.3617240684769647,0.088286858589719,289.85289050101545,0.3732366415239501,1.920259111647012
0.004313942,0.029803077,-1.5224762e-19,96131.48,0.09314826,278.44363,13.071187,40.94126,-0.168015,0.5568718,0.0244020451828892,0.0811874097236571,0.0143214872034271,42.97756308839293,0.0859765101784357,2.8759613333333336
0.0007775554,0.047996923,-0.0007775554,92835.266,0.99345773,231.01476,11.547065,703.9661,7.5072637,0.09803399,0.0100074798280169,0.6100883215895149,0.0065049832859651,704.1008192493356,0.6102050676616593,0.7330862614509579
0.0008703744,0.05990154,-0.0015075472,113517.125,7.08565e-33,304.98486,1.6192325,41.07145,-2.7648613,1.2910324,0.0046144554208111,0.1170444326239754,0.0078792432397468,41.19624226795199,0.1174000633778792,1.160507581746156
-0.0033709237,0.04575077,0.0019461956,96242.31,0.22023438,257.3759,-99.98537,-3.9319887,52.95196,0.38237837,0.1515137318832975,0.0084313876008924,0.0798696899205822,113.2097381721883,0.1714837211343694,2.594935572283576
-0.000796675,0.014753846,-0.002973254,98454.8,0.02232125,330.97812,-1.2805715,91.663574,-7.157119,0.7968169,0.0031829256536098,0.2198082631796285,0.0173576766097324,91.95148184885468,0.2205155153612763,2.0520916596531995
0.001159104,0.0073415386,-0.00031057486,105789.5,0.8628154,244.735,109.67691,745.4295,-32.17835,0.120743,0.0988663055106731,0.6703227665087469,0.0290277619743867,754.1416380668294,0.6781959662446477,0.7999941184450516
0.0006495165,0.02373846,0.00037499773,102867.75,0.9998685,210.17938,1.4623874,1348.5337,17.976362,0.11869975,0.0040027815551334,1.2218837189938463,0.0162848275899342,1348.6543027044968,1.2219987891205313,0.4999977694516481
0.002973254,0.056083076,-0.000796675,114425.0,1.4746887e-16,305.54312,21.35375,54.025738,-5.886734,1.2989775,0.0607975670985113,0.1538196065195471,0.0167605933667152,58.390210161412334,0.1662460014705035,2.0520916596531995
-0.0041095437,0.013181538,-0.002372638,97871.8,9.0806425e-06,298.52237,5.321005,-1.1397111,3.3578937,1.1370625,0.0153258825462236,0.0032852982603035,0.0096715054948525,6.394332310881872,0.0184177598805271,3.1635254947783733
0.000848475,0.030476922,-0.000848475,93645.33,0.99789536,227.41013,11.546325,725.554,2.678714,0.10004154,0.0100617066445191,0.6325335599421283,0.0040233362504432,725.6508113725909,0.6326263744330033,0.7999499015563412
-1.5026859e-19,0.04507692,-0.004745321,92243.11,0.0033706673,285.66986,-0.6113125,-16.355387,-32.5278,1.0724412,0.0116071267836189,0.047150735461543,0.093639070436434,36.413323931391176,0.1054807696167166,3.1635473333333333
-0.0037597984,0.019246154,0.001007429,100657.65,0.0059256973,304.196,-2.8239634,49.123436,1.4634155,1.0642887,0.0085809689488312,0.1347720390201796,0.004018419965158,49.22629702360595,0.135104712089453,2.5949521253287604
2.7755577e-20,0.054735385,0.0003036618,131088.75,0.0074479687,307.82764,2.6436763,171.97238,17.700863,1.3482163,0.0120370644922875,0.4649440933770435,0.0477904269230511,172.90115401057434,0.4675487416230311,0.2024412
0.004491879,0.04867077,0.0025933797,96547.1,3.7129944e-06,294.24762,34.078114,-5.0656214,19.733438,1.1380401,0.0988706262044116,0.0146973552095628,0.0572478519862084,39.70373973903438,0.1151899714959742,3.4578474498201968
-0.00508224,0.06574154,0.0029342247,98370.0,0.0,295.4,-7.936341e-06,5.5554276e-05,4.5913375e-06,1.15506,2.2980790728726266e-08,1.6086520574027824e-07,1.3294862401926213e-08,5.6305803167980505e-05,1.6304135833176109e-07,3.912307532088964
-0.001159104,0.0064430768,-0.00031057486,97944.29,0.89865625,239.45387,93.72288,860.5735,18.23919,0.109832,0.0833797372902655,0.7680067924942257,0.0166982502856564,865.8541419832791,0.77270010060208,0.7999941184450516
-0.0018289352,0.061923075,-0.0010559278,111474.5,0.0,303.7491,-1.93662,33.056564,-1.0961522,1.2729537,0.0055299445806948,0.0943924029595113,0.0031300176998034,33.131381953611005,0.094606041214805,1.407912163392128
-0.0009008322,0.067987695,-0.0033619737,98370.0,0.0,295.4,-6.554299e-10,2.586285e-08,-2.4558375e-09,1.15506,1.897889273088853e-12,7.488951617428143e-11,7.1112224936702975e-12,2.5987453440126067e-08,7.525032293528944e-11,2.32037983596063
0.0027523169,0.010935385,-0.0027523169,98011.984,9.4515926e-05,302.87173,-6.8602624,9.939813,7.039384,1.1210775,0.0196062082414894,0.0283905266282014,0.0201198934478649,13.979127647005685,0.0399403995496877,2.594909258619116
-0.00392167,0.018572308,-0.002264169,99596.02,0.00050377136,299.44473,-0.34720516,16.840876,0.114246115,1.1460025,0.001186252814675,0.048254116807851,0.0005530144915622,16.84484217929332,0.0482718635405132,3.0189002301766195
-0.00074549386,0.040135384,-0.0027822433,91712.836,0.25021076,272.74402,-12.80707,286.47476,-3.440294,0.27073738,0.0186880117582887,0.4164093391619785,0.0409404405543386,286.7815279648411,0.4188342144543314,1.920259111647012
0.004491879,0.023289232,0.0025933797,97976.125,2.1904501e-05,296.51926,-12.9069,8.896618,-8.592169,1.145765,0.0372977311949886,0.0257067218272631,0.0248279718421348,17.876332050297258,0.0516564079780209,3.4578474498201968
0.0045836214,0.04328,-0.0012281717,91185.92,0.006748006,282.3194,26.2221,-15.842313,-6.2103176,1.0298839,0.0743196798193852,0.0450509701126578,0.0175277405891997,31.259325877133676,0.088657917901955,3.163541676540452
0.0058684936,0.00532,-1.4511581e-19,98103.02,3.3011488e-10,295.6986,-7.0411463,-1.0264777,0.028158247,1.1507676,0.0203783113607568,0.0029708056135185,0.0026941302958888,7.115630019434337,0.0207691982984536,3.9123290666666666
-0.0024944716,0.029578462,0.0014401756,88297.19,0.18614475,267.95187,1.8020748,260.44788,-36.358673,0.34215575,0.0420339105951988,0.4346366719516392,0.0574851221367808,262.9796546738932,0.4404320895577462,1.9202423830851167
-0.0024610888,0.06506769,-0.0024610888,98370.9,0.0,295.4005,-0.00016962417,0.0023406388,-0.00016972028,1.1550725,4.911700074807686e-07,6.777640269090645e-06,4.914483412236542e-07,0.0023529061444428,6.813162046035545e-06,2.32033677277635
-0.0014593768,0.03699077,-0.00544649,93565.23,0.0002346777,291.19037,-2.8377037,-12.7025,-10.065643,1.11106,0.0082656934154037,0.0369868891507737,0.0293060781621975,16.453669424856045,0.0479082234479415,3.7590799089658
-0.003667574,0.06461846,0.003667574,98372.08,0.0,295.4015,-0.00057646213,0.0054188836,0.0005802318,1.1550825,1.669222230156071e-06,1.569109385465279e-05,1.6801376811505093e-06,0.0054802624936588,1.5868824525994086e-05,3.457821927871294
0.0056685233,0.02284,-0.0015188704,97857.664,2.4103244e-07,295.53064,-12.739775,3.4283712,3.1639762,1.148535,0.0368816527165749,0.0099248904575198,0.009161044746427,13.567105127099918,0.0392770225264828,3.9123237593043534
-0.000644892,0.034744617,0.0024067922,92674.71,0.25902188,270.78064,-10.900975,375.90213,10.1656,0.267568,0.0155785131415812,0.5386904007723501,0.0195902179118843,376.1975305844624,0.5392715592294968,1.6611287174214255
-0.005186804,0.029578462,9.2732045e-20,95355.35,0.0025239363,295.8805,3.0074165,2.5700512,0.81075174,1.0818287,0.008573196744888,0.0103356257237964,0.0023055670786367,4.038197067876545,0.0136249954525883,3.457869333333333
0.0030142437,0.054286152,0.0017402662,111359.625,1.2675512e-10,303.73486,41.991386,50.437637,23.676086,1.271705,0.1199131353187654,0.1440288898652411,0.0676099874376454,69.76954043581026,0.199235015845882,2.3203631449363105
0.0004982899,0.030252308,0.0018596658,102087.69,0.77550626,244.60675,9.126798,492.32263,108.80308,0.13225874,0.0144158828266755,0.466417557433094,0.1083173874640629,504.2846226778446,0.4790467743201763,1.2835107603984124
0.00044156975,0.0059938463,-0.0001279371,75963.44,0.9999986,168.73975,-517.31726,1954.53,164.93953,0.10893196,0.5228651582970277,1.976894993855652,0.166645611212898,2028.548672561378,2.051651176547572,0.3064867194305833
-0.0041669416,0.03249846,0.0011165227,95764.83,0.2503059,262.68976,-51.201073,53.3236,19.575388,0.31132975,0.0774785011993585,0.0794123775520647,0.0295344052025653,76.47321105238012,0.1148108224308143,2.8759558980875943
-0.00045754042,0.025086153,-0.0007924895,92729.25,0.9995189,216.81425,1.6093775,1146.3049,-21.726738,0.103760876,0.0025540310931472,1.0230221084890123,0.0193420662172827,1146.5119122817994,1.023208127927883,0.610057499491838
-9.37506e-20,0.013630769,-0.0049647847,97959.52,3.7711295e-06,297.38638,0.08720987,-2.0669737,5.41153,1.1425076,0.0018918423996118,0.0059658899596955,0.0156168781395246,5.793500045638829,0.016824321487089,3.3098564666666666
-0.00153905,0.057206154,0.0026657272,113581.375,3.0898677000000003e-22,305.0334,-6.660324,47.287773,11.318428,1.291555,0.0189788291992841,0.1347483454663449,0.0322522814659152,49.07749182136032,0.1398482113702197,2.0520749831783918
-0.0010392044,0.06327077,0.00059997645,99205.29,0.0,295.95563,-0.06918495,2.1959038,0.043555938,1.1626825,0.0002001232352595,0.0063518360828999,0.0001259891176294,2.1974251240704428,0.0063562366374357,0.799977090098061
-0.0005830067,0.031824615,-0.00016102531,94840.8,0.9999623,206.66275,-0.67152613,1395.0549,10.35291,0.1112805,0.0014582468273464,1.2745220741234582,0.0094564430753948,1395.0934763329738,1.2745579893545094,0.4032236559999844
0.0010616601,0.019246154,-0.0039621918,99996.94,0.0035901612,301.18314,0.6545628,34.2535,-1.233256,1.0995,0.0021910926210758,0.0958181090461568,0.003452652584744,34.28194328025586,0.0959053268485451,2.734640827760201
-1.3285194e-19,0.016326154,-0.0024917016,98198.58,0.012511438,367.30325,0.9556091,186.39487,-4.406583,0.7951641,0.0027925661108907,0.4481500784281343,0.0105965666571748,186.44939990465184,0.4482840376876547,1.6611344
-0.0031915514,0.030701539,-0.0018426349,92517.46,0.39539662,252.94576,-2.3532312,146.85788,6.0667887,0.2027225,0.0053130744504975,0.1832979815631816,0.0108391221726245,147.0019746136272,0.1836950336147552,2.4568546932603774
-0.0035105823,0.059003077,0.0035105823,112019.75,1.2680000000000001e-42,304.08463,-6.2438164,37.122326,6.2788286,1.2777725,0.0178198548477138,0.1059467590014256,0.0179197386505735,38.16380509691562,0.1089191443365426,3.309808733657956
-0.0003036618,0.051141538,2.7321895e-20,94537.89,0.99983877,215.03462,-3.8884242,1165.2512,-11.38653,0.106612,0.0034829289336976,1.0435444222126014,0.0101968675782667,1165.3133192449316,1.0436000517599633,0.2024412
0.0011935149,0.03362154,0.0006890677,101645.5,0.8714261,241.59563,84.71761,667.218,33.93926,0.118005,0.0793488020650881,0.6024540782430172,0.0334868377499497,673.4306247398166,0.6085790968175784,0.9187653821431114
0.0018426349,0.045301538,-0.0031915514,95444.25,0.58277863,247.28725,72.52432,-19.458231,-112.95843,0.16752726,0.0822238654288371,0.0211254033567293,0.1276254685943455,135.63925188962324,0.1532817893520632,2.4568546932603774
0.0005870607,0.046424616,-0.0005870607,91059.1,0.99702674,222.94888,4.92265,987.8665,-2.0820763,0.099309325,0.004330821442417,0.8701513041691601,0.0019907408455956,987.880959097295,0.8701643587338949,0.5534861359174952
0.0009705788,0.035193846,-0.00026006208,93646.21,0.97982204,228.23512,-12.855718,933.5441,-45.65629,0.1014165,0.0112869195668624,0.8192623054693375,0.040083157989805,934.7482832007072,0.8203199249504296,0.6698774323920479
0.002973254,0.054735385,0.000796675,114030.875,1.522444e-10,305.33075,42.326687,59.610874,10.854335,1.2954025,0.1205536554041584,0.1697788136877725,0.0309141860009055,73.91090122392008,0.2105082333416689,2.0520916596531995
0.0012849732,0.05069231,-0.004795607,99100.35,7.35734e-08,296.0161,11.2771435,4.6292176,-42.951263,1.1612163,0.0326202930958369,0.013390114385856,0.1242422233516368,44.647671993094,0.1291491724645675,3.309850793761437
0.0008703744,0.012507692,0.0015075472,104992.08,0.33494362,287.38602,60.864662,447.3775,104.068954,0.26028076,0.0769213794488489,0.5716915413149858,0.1315488554870953,463.33733043353885,0.5916529543637744,1.160507581746156
-0.0015075472,0.06551693,-0.0008703744,98370.3,0.0,295.4,-3.1354888e-05,0.0007230186,-1.7914375e-05,1.15507,9.079247928492981e-08,2.0936019831904387e-06,5.187359211661757e-08,0.0007239198503833,2.096211680120289e-06,1.160507581746156
0.0037597984,0.038113847,-0.001007429,94890.65,0.3714915,254.19188,61.833263,62.69964,0.645419,0.22428,0.0814018032377587,0.0800201416069396,0.0086035921655208,88.06255637353671,0.1144705133704923,2.5949521253287604
0.002838977,0.05204,-0.0016390758,99640.27,0.0022585078,293.34637,72.489265,11.637523,-41.65985,1.14439,0.207482223585503,0.0333758015498892,0.1192440573953971,84.41367533663164,0.2416235966481729,2.185442735178454
0.003667574,0.01789846,0.003667574,99168.36,1.7241357e-05,297.69174,0.49912363,4.1499023,0.57309526,1.15521,0.0014395242509642,0.0119673972605181,0.0016527749181588,4.218915935948965,0.0121664494488024,3.457821927871294
-0.0052270126,0.0062184613,0.001400568,98050.9,2.9899825e-09,295.94388,7.181072,-1.2169075,-1.8733987,1.1492013,0.020774617551459,0.003520444040956,0.0054199186455253,7.520524025751261,0.0217566950334604,3.607600091361616
0.0039621918,0.059452306,0.0010616601,112671.375,2.2251400000000003e-40,304.4765,6.957729,38.632565,1.9012928,1.28355,0.0198445549705449,0.1101860121793085,0.0054227932874311,39.30012704340786,0.1120900099428843,2.734640827760201
0.0032019995,0.022166153,0.0032019995,100359.36,0.0010527035,299.1575,-6.429511,25.469387,-7.1130924,1.1475887,0.0183783607180971,0.0727388453531671,0.0203327218451252,27.214414734581887,0.0777310963747951,3.018874079741246
0.0007244437,0.012507692,0.00019411351,84921.9,0.9998795,188.14388,49.2501,1691.6112,13.161951,0.10942625,0.0472002022908026,1.6200264885922726,0.0126113861812797,1692.3791718375574,1.6207630085544014,0.4999994352148855
0.0030781461,0.0064430768,-1.8567266e-19,97980.984,7.691355e-05,305.69714,-10.346004,12.021783,0.13762125,1.110655,0.0294373125055298,0.0341666771457879,0.0037435612581531,15.86133679345964,0.0452540765636232,2.0520974
-0.0016390758,0.0032984614,-0.002838977,97881.414,6.5438326e-07,295.9774,8.477336,2.94305,14.6431875,1.147075,0.0245229747870982,0.0085136024020044,0.0423596456106784,17.174099950784967,0.0496809550484925,2.185442735178454
-0.001007429,0.06821231,-0.0037597984,98370.0,0.0,295.4,-2.397078e-10,8.545368e-09,-8.984121e-10,1.15506,6.941076040406263e-13,2.4744312142682505e-11,2.6014784949382608e-12,8.595808186914785e-09,2.4890368802814437e-11,2.5949521253287604
0.00026006208,0.0026246153,0.0009705788,93329.2,0.68151665,207.724,85.9964,427.50586,291.79886,0.19195312,0.1093841686186652,0.4013121659142272,0.3718432210796201,524.6934494012663,0.5579280705593079,0.6698774323920479
