x,y,z,p,H2,T,U_0,U_1,U_2,rho,Mach_0,Mach_1,Mach_2,U_mag,Mach_mag,rad_dist
-0.0033619737,0.067763075,0.0009008322,98370.0,0.0,295.4,-1.3597441e-12,1.0755555e-13,5.8927364e-14,1.15506,3.937330053981319e-15,4.3551388207349953e-16,6.729943031910718e-16,1.3652635818949398e-12,4.018104233042108e-15,2.32037983596063
-0.0036853154,0.010261538,1.5513156999999998e-19,98312.805,0.0014445636,303.36624,5.3382287,12.652546,0.2872587,1.10307,0.0151203493246116,0.0357473961011077,0.0012926262465367,13.73557874631955,0.0388351924717904,2.456876933333333
0.0007924895,0.065292306,0.00045754042,98370.0,0.0,295.4,-3.656635e-14,7.957769e-14,-8.825753e-15,1.15506,1.7984427959861526e-15,3.2152529831531583e-16,1.1738724017424116e-15,8.802045565705513e-14,2.1715780951795724e-15,0.610057499491838
-0.0015188704,0.027781539,-0.0056685233,91134.766,3.473619e-07,290.92975,-5.35076,-19.2679,-21.1078,1.0865425,0.0156081929343192,0.056220810264302,0.0615878804607864,29.07613839263392,0.0848378583717298,3.9123237593043534
-0.0014932879,0.055633847,-0.0014932879,98370.0,0.0,295.4,1.950069e-14,1.7427884e-13,1.6397917e-13,1.15506,9.916372476302257e-16,5.275155447723593e-16,1.0722206976135531e-15,2.400886485782087e-13,1.5528278414734273e-15,1.407885333805092
0.0,0.038787693,0.0,113587.625,0.999984,212.745,3.979997,1251.9425,0.66153127,0.12937024,0.0055737660709113,1.1275772901029977,0.005955715753206,1251.9490010803122,1.1276067943101291,0.0
0.0032781975,0.06708923,-1.5699931e-19,98370.0,0.0,295.4,1.418265e-12,1.4612722e-13,-1.5557773e-13,1.15506,4.106785564088269e-15,7.329020309768175e-16,7.03015829108367e-16,1.4342361049429348e-12,4.230492206870339e-15,2.185465
-0.0031915514,0.015203077,-0.0018426349,97313.2,0.02229755,292.62036,19.341612,56.261814,14.921525,0.8956546,0.0498215256432783,0.1435939682719827,0.0382440193582941,61.33629902149921,0.156729120326111,2.4568546932603774
0.002372638,0.027107691,-0.0041095437,88952.164,0.0023085407,285.814,15.687765,-23.823849,-23.248625,1.0474725,0.0453596711401726,0.069115048532407,0.0673482016698044,36.79918907069354,0.1066309990937824,3.1635254947783733
1.5699931e-19,0.047323078,0.0032781975,98370.0,0.0,295.4,6.2249583e-10,4.474235e-05,6.78223e-06,1.15506,2.589845624257708e-09,1.295577595524681e-07,1.9638899547236242e-08,4.5253469786115854e-05,1.3106336916178777e-07,2.185465
-0.0046863924,0.005769231,0.002705682,97917.2,1.6372365e-08,295.95514,6.9410124,-0.38491789,-4.0109563,1.14759,0.0200798622671883,0.0011135054282498,0.0116032289587433,8.025807458412238,0.0232180034731027,3.607583913671109
-0.0033709237,0.047772307,0.0019461956,98370.0,0.0,295.4,-4.8528824e-07,3.2169698e-06,2.7930673e-07,1.15506,1.4052202946420202e-09,9.315188339754816e-09,8.087719173045944e-10,3.265334840321529e-06,9.455236109997384e-09,2.594935572283576
0.0004505431,0.009363077,-0.0016814725,100212.67,0.2125301,308.05463,26.410303,436.6309,-91.797585,0.34405977,0.037332648494652,0.6462094357212169,0.1277046265688646,446.9573173706792,0.6597642253910498,1.1605245659162278
0.00084845215,0.042156924,0.0031664888,128633.625,4.5901400000000004e-18,313.71564,5.9566164,76.404686,21.8309,1.422235,0.0167373626565242,0.2146840981909152,0.0613411195164967,79.68529046508738,0.2239020640107626,2.185459257238885
0.0007924895,0.024636922,-0.00045754042,88996.46,0.9996391,212.36412,2.614295,1154.1288,-2.384364,0.10166492,0.0030256315415929,1.0407414355110074,0.002789824794218,1154.134223874967,1.0407495727398213,0.610057499491838
-0.0014593768,0.012956923,-0.00544649,98596.29,1.3525829e-07,296.08612,3.1568651,2.1531386,11.258637,1.155035,0.0091316834919448,0.0062276706467052,0.0325631512543646,11.88943691636307,0.0343879389422442,3.7590799089658
0.0032781975,0.06304616,-1.5699931e-19,98370.0,0.0,295.4,1.2996826e-12,1.1536384e-13,-5.2320266e-14,1.15506,3.763413558072364e-15,4.672956018602232e-16,6.33801744729853e-16,1.3058411413937824e-12,3.844912409954667e-15,2.185465
0.002317984,0.029353846,0.002317984,90624.21,0.44455838,251.2835,37.29223,18.90524,36.071262,0.18208288,0.0469092210170069,0.0254758905300797,0.0423098710131747,55.22005487233008,0.0681147649182942,2.185416273442557
0.00031057486,0.04485231,0.001159104,101281.125,1.0426451e-25,297.32825,0.12838778,7.597405,0.46799725,1.1815013,0.000370341726883,0.021915195145206,0.0013499628114772,7.612888254932282,0.0219598572590876,0.7999941184450516
0.0016390758,0.050243076,-0.002838977,98370.0,0.0,295.4,1.4261463e-12,2.3451975e-11,-2.7320915e-12,1.15506,4.129607091188887e-15,6.790848825906326e-14,7.911154436952611e-15,2.3653611746073813e-11,6.84923557551078e-14,2.185442735178454
0.0041095437,0.048446152,-0.002372638,98370.0,0.0,295.4,9.487686e-09,5.453991e-08,-5.4839977e-09,1.15506,2.7472928045397e-11,1.5792797584377483e-10,1.5879685081653024e-11,5.5629957749546256e-08,1.610843621454049e-10,3.1635254947783733
-0.0017618468,0.0064430768,-0.0017618468,97794.625,0.0052158823,324.23575,6.6765685,62.479202,6.612986,0.97890174,0.0178622212227409,0.1665123894295525,0.0176750532599738,63.18195021782876,0.1683978690135121,1.6610850929224252
0.00075,0.029803077,1.2490008e-19,90385.86,0.9998911,207.9715,-3.833345,1326.87,5.3943725,0.10539713,0.0034873271249361,1.2086172032853248,0.004913392815974,1326.8865025647665,1.20863222154495,0.5
-0.00074549386,0.03452,0.0027822433,99638.2,0.43546426,247.53812,-43.83349,1.9754212,148.4105,0.24218912,0.0539189080834257,0.0084155841582548,0.1836856661139292,154.76095646107746,0.1916207051478296,1.920259111647012
-1.5126382999999998e-19,0.038113847,-0.0045283833,106024.25,1.4840501e-09,300.67526,0.58210254,23.486214,-50.212776,1.2230875,0.0192295902688936,0.0674045702834104,0.1441174193742323,55.43702702208197,0.1602591145741455,3.0189222
-0.0010392044,0.0028492308,0.00059997645,105693.0,0.2149269,275.89563,-154.78058,178.49796,87.783516,0.4851905,0.2214058840091646,0.2461643705776827,0.1255700440095925,252.04066209764696,0.3540978660883984,0.799977090098061
-0.0013424361,0.031375386,-0.0050100614,94947.664,2.5787472e-06,293.4535,-7.8957176,-6.99824,-29.0804,1.1222351,0.0229369461907905,0.0203315585673551,0.0844843730345692,30.935212681934964,0.0898726046211038,3.4578638180467665
0.0050100614,0.05091692,-0.0013424361,98370.0,0.0,295.4,-2.4648743e-13,4.2864375e-13,1.9220167e-13,1.15506,2.451545728365355e-15,1.2411981685718275e-15,9.6119605076095e-16,5.305025914289735e-13,2.9111075555415204e-15,3.4578638180467665
0.0013613222,0.017224615,-0.0013613222,83244.74,0.07866392,307.70236,15.04005,394.88776,-19.932121,0.45799813,0.059745186770887,0.7836723680263723,0.0673131662624468,395.6764278414608,0.7888237636523293,1.283466878666386
-0.004313942,0.013855385,1.5224762e-19,99290.984,0.00096774386,297.7675,18.822962,15.7391,0.5407038,1.1419475,0.0539411066724654,0.0450733082924803,0.0082203494250935,24.54211742826561,0.0707730192527484,2.8759613333333336
-0.0006890677,0.04912,0.0011935149,98370.0,0.0,295.4,-5.908546e-10,1.9132514e-08,1.0251705e-09,1.15506,1.7109025320521077e-12,5.5400884333803835e-11,2.9685251535406385e-12,1.9169068200426633e-08,5.550673215051394e-11,0.9187653821431114
-0.0043740757,0.043504614,0.0011720242,121060.625,6.2456535e-30,309.4625,-12.790475,53.843876,3.4635012,1.35686,0.0361810013261645,0.1523140503759893,0.0097971067219607,55.450474064622775,0.1568585926847006,3.018916579372005
-0.0039621918,0.069110766,0.0010616601,98370.0,0.0,295.4,-1.3916762e-13,-6.862129e-14,-4.5394653e-13,1.15506,3.093142271367805e-15,8.852630517450553e-16,1.3566139948498769e-15,4.797332175248754e-13,3.4916502277189647e-15,2.734640827760201
-0.0015075472,0.0046461537,-0.0008703744,93508.086,0.07856545,328.8725,-67.47384,327.658,-41.529827,0.5510376,0.1215430683785351,0.6296813601815582,0.0754332144475133,337.10118744821347,0.645725562969944,1.160507581746156
0.0015075472,0.030926153,-0.0008703744,94597.45,0.7327629,252.56474,79.916466,496.26263,-38.536858,0.12544012,0.0776885202145708,0.4772023836032282,0.0382212848489395,504.1312615747592,0.4849932862475893,1.160507581746156
0.0011935149,0.028006153,0.0006890677,94080.58,0.9422686,241.07076,49.119232,748.09436,56.401073,0.1001932,0.0434388540291426,0.6508387892633015,0.0491613738957389,751.8237502577522,0.6541367627128153,0.9187653821431114
-0.0012458276,0.036316924,0.0021578514,98373.45,0.68369347,239.301,-103.132484,-13.925173,165.15712,0.15522838,0.1093088995940206,0.0144976432145131,0.1764555590131853,195.2103839087065,0.2080749420182226,1.6611119533351038
-0.004491879,0.009363077,-0.0025933797,98038.914,1.3487584e-06,296.341,5.663799,-1.3579426,3.2585025,1.1475,0.0163740760114151,0.0039256983406564,0.0094207353679503,6.673864379787921,0.019294344445002,3.4578474498201968
0.0008019567,0.046873845,0.00021488206,98370.41,0.0,295.4,4.4350025e-05,0.0011467767,1.186101e-05,1.15507,1.284217271425134e-07,3.320653173095805e-06,3.4345220234177285e-08,0.0011476952591775,3.3233129900968463e-06,0.5534975051172251
-0.00045754042,0.021941539,-0.0007924895,89817.46,0.99965274,210.44775,-13.608132,1227.7488,-34.173676,0.103531875,0.0123192269353909,1.1121496581051369,0.0309275603321207,1228.299693596527,1.1126478056257314,0.610057499491838
-0.0021569484,0.057655383,0.0037359586,98370.0,0.0,295.4,4.949043e-14,-7.3801107e-14,2.6539301e-13,1.15506,2.185693644040085e-15,1.7735784612541413e-15,2.526772065052552e-15,2.798738212353389e-13,3.782514287157654e-15,2.875939503395293
0.0056685233,0.048446152,-0.0015188704,98370.0,0.0,295.4,3.6254237e-09,1.5816365e-08,-9.648353e-10,1.15506,1.0497923596417718e-11,4.5798506309230896e-11,2.79381633198159e-12,1.625521473170603e-08,4.706925737346759e-11,3.9123237593043534
3.469447e-20,0.055184614,-0.0006,98370.0,0.0,295.4,-2.0946114e-13,4.6976604e-13,1.0939226e-12,1.15506,2.5004054649849804e-15,1.3602735740901322e-15,3.1676066053913105e-15,1.208809644360162e-12,4.2586504073724296e-15,0.3999999999999999
-0.00069490174,0.06888615,0.0025934312,98370.0,0.0,295.4,1.1524197e-14,-5.8183616e-15,6.24891e-14,1.15506,5.995707281047759e-16,1.3382335719417496e-15,2.308934747716199e-15,6.380868331985206e-14,2.735239261981177e-15,1.7899439863847344
-0.003667574,0.03249846,-0.003667574,95889.2,6.9730476e-07,294.166,-21.398163,-4.81655,-21.448963,1.130645,0.0620908351069967,0.0139761884147577,0.0622385950825816,30.677981476173397,0.0890182473695287,3.457821927871294
-0.0046863924,0.04283077,0.002705682,123221.375,2.572539e-31,310.679,-15.9058,58.496437,9.186602,1.3757087,0.0449099623241537,0.165165911347453,0.0259388375425066,61.31248870859324,0.1731170305898531,3.607583913671109
0.0041669416,0.036316924,0.0011165227,99134.44,1.4453303e-06,296.32,43.778774,4.330246,12.236473,1.1604,0.1265699802121391,0.0125182854002412,0.0353766625254771,45.66249396214929,0.1320158157635087,2.8759558980875943
0.00392167,0.006667692,0.002264169,97880.734,3.2318562e-06,296.61276,-8.521119,-1.66323,-4.812155,1.14457,0.0246231489160361,0.0048059778405204,0.013905024004979,9.926360802886729,0.0286835593698534,3.0189002301766195
-0.0050100614,0.020593846,-0.0013424361,91863.48,0.00044721738,290.92902,3.7840824,-18.89705,1.6182684,1.08878,0.011010562143641,0.0549795217638084,0.0047073308951683,19.340025101507194,0.0562684570274738,3.4578638180467665
-2.0677499e-19,0.012732307,-0.0045283833,99084.44,0.00013407064,297.63687,0.60906273,8.044233,13.380725,1.15265,0.003598443805706,0.0231812152389643,0.0385688715050732,15.624482183195353,0.0451428331737482,3.0189222
0.0045836214,0.014529231,-0.0012281717,98186.45,0.00022056545,296.57687,-21.52545,6.078875,5.228475,1.14498,0.0621118486649898,0.0175347367137411,0.0150938983763127,22.97029973234459,0.0662810267301078,3.163541676540452
-0.00031432978,0.060126156,-0.0005329707,98370.0,0.0,295.4,-7.538349e-14,-8.8599e-15,4.3215594e-13,1.15506,1.2894793696083044e-15,2.722424981957506e-16,2.391003259010644e-15,4.387709252786398e-13,2.7301592640483106e-15,0.4125050721052952
1.2490008e-19,0.04754769,-0.00075,98370.0,0.0,295.4,-2.0702489e-09,4.909889e-05,-1.6744486e-06,1.15506,6.419063023619202e-10,1.4217272677231712e-07,4.848601175233911e-09,4.912743410389018e-05,1.4225682835960258e-07,0.5
0.0016267902,0.0608,0.0016267902,98370.0,0.0,295.4,-9.277946e-13,-1.9931193e-15,-1.5257561e-12,1.15506,3.370761752665568e-15,1.799254335123366e-15,4.418041172265063e-15,1.7857039141472793e-12,5.841099105093366e-15,1.533752509317093
-0.0007244437,0.021043077,0.00019411351,93237.875,0.99988073,201.92813,-0.9731051,1486.3925,-7.2173734,0.11198363,0.0056440357972282,1.3739078058758696,0.0066773403258252,1486.4103408778417,1.373935624787622,0.4999994352148855
0.0013781823,0.029129231,-1.5183822e-19,93824.0,0.95720315,240.4365,61.76294,720.9615,28.0179,0.09867655,0.0536239074910063,0.6233479168561684,0.0242718932957922,724.1444247939105,0.6261208139869582,0.9187882
-0.0006495165,0.06978462,0.00037499773,98370.0,0.0,295.4,-2.5711757e-13,2.4086188e-13,5.1331023e-14,1.15506,1.204196229420953e-15,1.2880282721002653e-15,1.244343647186194e-15,3.560319704212893e-13,2.1581233748268133e-15,0.4999977694516481
-0.001007429,0.03788923,0.0037597984,103817.75,9.7329e-07,299.35764,-14.331094,18.442074,56.940323,1.2028887,0.0412238779017942,0.0530428287603526,0.1637843571789924,61.544217697543615,0.1770261716489906,2.5949521253287604
-0.0007791963,0.03654154,0.0013496222,92711.69,0.9503406,234.08426,-18.8098,458.18225,-0.86153615,0.10070135,0.0165638106540568,0.4022716547885391,0.0043643421047186,458.5689970284082,0.4026361776488795,1.0389368404857235
-0.0033619737,0.06619077,0.0009008322,98370.0,0.0,295.4,-1.3864842e-12,4.0226608e-14,1.06750824e-13,1.15506,4.014759897092948e-15,1.192978234826846e-15,6.243927301049082e-16,1.3911694200439804e-12,4.234543704047016e-15,2.32037983596063
-0.0006495165,0.069110766,0.00037499773,98370.0,0.0,295.4,-6.519745e-14,-2.7318938e-13,-1.59087e-13,1.15506,1.2010053929722973e-15,8.220661391840182e-16,1.2913716789313337e-15,3.227875747303277e-13,1.9457254442205847e-15,0.4999977694516481
-0.0001279371,0.06978462,-0.00044156975,98370.0,0.0,295.4,6.082546e-13,4.1041316e-13,1.0157165e-13,1.15506,1.847022965407373e-15,1.5177135068050093e-15,2.646948747038951e-15,7.407627288181203e-13,3.566691154688289e-15,0.3064867194305833
-0.0009705788,0.05069231,-0.00026006208,98370.0,0.0,295.4,-6.653506e-13,6.613669e-12,1.774695e-13,1.15506,2.313854733560804e-15,1.9150806952993703e-14,1.891865266079e-15,6.649421364743824e-12,1.9382633589475142e-14,0.6698774323920479
-0.004299605,0.05540923,-0.00248237,98370.0,0.0,295.4,3.7089738e-13,-3.6427045e-14,4.2252462e-13,1.15506,2.628589662645847e-15,7.905946835518404e-16,2.067445670713749e-15,5.633993704331244e-13,3.43640148550516e-15,3.3098347708290348
0.00083024846,0.030252308,7.63982e-20,91441.484,0.99982965,213.63875,-1.7812275,1173.11,6.2821712,0.10380775,0.002066276901503,1.0544274217045235,0.0056415474445966,1173.1281731108468,1.0544445382286602,0.5534989733333333
-1.3285194e-19,0.018796923,-0.0024917016,89781.69,0.1908855,279.03525,-5.327354,353.5755,40.00606,0.3291105,0.0081332123731017,0.5721363426756424,0.0606247506340396,355.8714651915982,0.5753968231952672,1.6611344
0.002264169,0.03744,-0.00392167,102702.0,1.4700566e-08,298.5956,24.811312,14.1363,-41.453087,1.1930175,0.0714580483446399,0.0407119386201943,0.119390139828646,50.336811606228224,0.1449748947498945,3.0189002301766195
-0.0030781461,0.011609231,1.8567266e-19,98655.914,0.01292991,319.37976,-3.6595197,76.30823,0.24249068,0.91806513,0.0150502581399431,0.1956659284114634,0.0023095135371412,76.39631438686996,0.1962574830776576,2.0520974
-0.0054114084,0.03204923,2.5823509e-19,95766.664,1.4980384e-07,294.10477,-29.384624,-5.0508375,-0.21266502,1.1294438,0.0852744202119516,0.0146575878720388,0.0112045021783579,29.81630952152721,0.0872474211296578,3.6076056
-0.00035669186,0.05406154,0.001331215,98370.0,0.0,295.4,-6.476175e-14,2.3962256e-13,-5.9562874e-13,1.15506,9.541928850291404e-16,6.938607495571263e-16,2.389934932766164e-15,6.452802890512028e-13,2.6652796822232785e-15,0.9187823969714264
1.5183822e-19,0.04328,0.0013781823,130563.5,1.5936034e-16,314.756,0.108467124,78.925514,7.887808,1.4388,0.0028768571205049,0.2213986669266072,0.0221262587076372,79.31876222134363,0.2225201504317482,0.9187882
-1.5513156999999998e-19,0.061923075,-0.0036853154,98370.0,0.0,295.4,-5.8658915e-14,2.8987188e-16,-6.1046865e-13,1.15506,6.584522462334801e-16,2.032187834168496e-16,1.9679259883708207e-15,6.132804619156772e-13,2.0850875114029656e-15,2.456876933333333
-0.0041095437,0.05159077,0.002372638,98370.0,0.0,295.4,-1.8465743e-14,-2.5804347e-14,-4.3413398e-13,1.15506,2.5762997885555725e-15,6.112062673107633e-16,2.3040017208504016e-15,4.352920405650428e-13,3.5098885497110957e-15,3.1635254947783733
-1.2490008e-19,0.031375386,0.00075,93756.65,0.9999036,210.07175,5.096415,1304.6038,14.348437,0.1082335,0.0046129441465356,1.18232145454094,0.0130023031317522,1304.6926557870386,1.1824019456209605,0.5
0.0054114084,0.06731384,-1.4721278e-19,98370.0,0.0,295.4,-1.5012078e-12,-2.944996e-14,-1.6232825e-13,1.15506,4.3469579578320504e-15,4.172089797264569e-16,1.1318233274034802e-15,1.510245880534989e-12,4.5112227682058055e-15,3.6076056
0.001159104,0.036316924,0.00031057486,93075.9,0.99710125,230.40512,6.5742636,713.0441,-13.023537,0.098212674,0.0056966984987141,0.6178111069493386,0.0112809946413556,713.1933272280965,0.6179403507490433,0.7999941184450516
0.0052270126,0.024187692,0.001400568,89580.56,8.913435e-05,289.30875,6.75904,-27.0105,2.4404137,1.0727237,0.0197610616095504,0.0789847120929036,0.0071368616477401,27.9500867798071,0.0817313837795146,3.607600091361616
0.0008019567,0.017673846,0.00021488206,98094.94,0.9996753,207.77513,-7.28547,1338.7275,2.670331,0.11453025,0.010231025179516,1.2202135563254353,0.0026017027123905,1338.7499871137331,1.2202592207287737,0.5534975051172251
0.002973254,0.06237231,0.000796675,98370.0,0.0,295.4,1.12128114e-13,-6.648551e-14,-4.9584496e-14,1.15506,1.6454994296674359e-15,3.4133009775999776e-16,1.2480326055146765e-15,1.394692053204976e-13,2.0932653900307197e-15,2.0520916596531995
0.00087018503,0.01655077,-0.00050239643,92402.81,0.9984011,213.54437,-19.6605,1084.5061,9.178587,0.10509125,0.0176901562842687,0.9759358891970368,0.0082680458008041,1084.723127188121,0.9761312217286858,0.6698670379885004
0.0025934312,0.05091692,0.00069490174,98370.0,0.0,295.4,1.3091425e-13,1.4393325e-12,1.5647577e-13,1.15506,1.6894426185187137e-15,4.167789376430003e-15,8.77810478491595e-16,1.4537197986566757e-12,4.58205585776732e-15,1.7899439863847344
0.002039934,0.06035077,-0.00054659264,98370.0,0.0,295.4,1.4797087e-13,8.824723e-14,-3.3771212e-13,1.15506,1.6075311427522672e-15,7.058124039936644e-16,1.1578953333285942e-15,3.7912059818232533e-13,2.103104640167451e-15,1.4079290131187046
1.2490008e-19,0.020144615,-0.00075,88839.086,0.999878,198.91263,-4.298545,1529.8912,26.218412,0.1083115,0.004005289059955,1.424887618248832,0.0244281524972688,1530.1218796077517,1.425102628449514,0.5
0.00016102531,0.015652308,0.0005830067,87115.375,0.99993575,189.93675,19.526342,1703.3662,64.394104,0.11119363,0.0186026170972682,1.623500528201434,0.0613347712930208,1704.6947791215598,1.624765206607641,0.4032236559999844
0.0037359586,0.0077907695,-0.0021569484,97807.55,5.452281e-05,297.2965,-8.292687,-3.4053888,4.6946588,1.1403062,0.0239280335900998,0.009825614012802,0.0135446556233501,10.119543063179874,0.0291984790386873,2.875939503395293
0.0032019995,0.039686155,0.0032019995,116464.125,3.9875575e-15,306.92236,30.895575,49.524487,30.99325,1.3161788,0.0877670346242705,0.1406837860049703,0.0880459548129316,66.08927986259415,0.1877420309103717,3.018874079741246
-0.0030503666,0.047996923,-0.0030503666,98370.0,0.0,295.4,-9.9169924e-08,7.4463964e-07,-9.90852e-08,1.15506,2.8716044807994217e-10,2.156208669116101e-09,2.8691511203445755e-10,7.577207560470647e-07,2.1940868782312715e-09,2.875913210619937
-0.0008019567,0.037664615,0.00021488206,94690.9,0.99927324,221.02249,6.1880126,1122.995,-10.110071,0.10396212,0.0054562013567241,0.9925746663137732,0.0089265001104892,1123.057556432689,0.9926298004519942,0.5534975051172251
-0.00019411351,0.0044215387,-0.0007244437,29813.912,1.0,127.265625,-147.01492,2281.685,-540.48425,0.056298174,0.172474893346875,2.6600507274846814,0.6339770771911777,2349.430367222163,2.73998985327148,0.4999994352148855
-0.0019252748,0.029353846,1.6320611e-19,94017.234,0.58846575,258.78537,-89.775665,505.16223,14.775018,0.15198262,0.0944295009731433,0.5333861156926492,0.0272193126708818,513.2902198577968,0.5423638723679927,1.2835165333333334
-0.00023684214,0.045975383,0.0008839167,98395.39,4.959900000000001e-41,295.417,-0.0007894629,0.06712451,0.0029500024,1.1552975,2.2859204983563227e-06,0.0001943616413938,8.541846833627005e-06,0.0671939402667426,0.0001945626794252,0.6100648168910395
-0.00025366183,0.010036923,-0.00041642482,92034.836,0.9999755,184.85875,125.44181,1806.595,182.5735,0.120619625,0.1212187921315051,1.745304144253585,0.1763685268238156,1820.1247827067589,1.7583760714843009,0.3250667997750489
-0.0009705788,0.06461846,-0.00026006208,98370.0,0.0,295.4,-2.2748887e-13,2.323209e-13,1.6527053e-13,1.15506,1.88094617134725e-15,7.307258993224807e-16,8.688973268071275e-16,3.647444785561089e-13,2.197021029480396e-15,0.6698774323920479
0.0018426349,0.06372,0.0031915514,98370.0,0.0,295.4,-6.6889316e-13,1.208287e-13,9.1677696e-14,1.15506,2.0356484970593783e-15,1.3103484161459956e-15,1.2444065467514539e-15,6.858734826353503e-13,2.7220259787287677e-15,2.4568546932603774
0.0012281717,0.053387694,-0.0045836214,98370.0,0.0,295.4,5.059563e-13,-1.232494e-13,-1.6507649e-13,1.15506,1.8756266267142506e-15,4.907751146416701e-16,2.2159509446058128e-15,5.462897030521169e-13,2.9443630966459317e-15,3.163541676540452
0.0015584395,0.018123077,-1.7182793999999998e-19,93673.266,0.61021125,250.45476,102.24652,590.651,-4.7370453,0.15543337,0.1110941020291309,0.6321651644909693,0.014769432096497,599.4542470041267,0.6420224535216866,1.0389596666666667
-0.00084845215,0.06506769,0.0031664888,98370.0,0.0,295.4,-8.985812e-14,3.9076774e-14,1.0527622e-12,1.15506,8.633935047818709e-16,3.799979433631585e-16,3.775793193218226e-15,1.057312501460671e-12,3.8918454515837136e-15,2.185459257238885
-0.00392167,0.036092307,-0.002264169,98434.48,1.1175345e-06,295.85687,-37.64831,2.1046813,-21.472387,1.1540188,0.1089313209892097,0.00608918402445,0.0621280638290077,43.39226120759829,0.1255508150896644,3.0189002301766195
-0.0052270126,0.051141538,0.001400568,98370.0,0.0,295.4,6.910615e-13,8.96185e-14,-1.211322e-13,1.15506,3.648352841474836e-15,5.677286848572822e-16,1.1601288087162941e-15,7.072980151261139e-13,3.8702316685594906e-15,3.607600091361616
1.588243e-19,0.03923692,0.0028803973,115526.25,4.3230466e-05,306.50464,0.98728645,56.93151,85.32313,1.3065726,0.031363979419375,0.1617748619091525,0.2424838401756149,102.57781474768974,0.2931777922985598,1.9202648666666664
-0.00044156975,0.05496,-0.0001279371,98370.0,0.0,295.4,-4.7580497e-14,3.1918627e-14,3.0014148e-13,1.15506,2.429789804395848e-15,1.602869820179336e-15,8.968869073475982e-16,3.0556114029915936e-13,3.045894988104365e-15,0.3064867194305833
-0.00071900955,0.053836923,-0.0004151182,98370.0,0.0,295.4,-2.7234167e-13,-1.1494867e-13,-9.990268e-14,1.15506,1.380273897182934e-15,4.214013228219615e-16,7.183880009016982e-16,3.120316128605245e-13,1.6120844971527398e-15,0.5534930905771464
0.0021578514,0.03654154,-0.0012458276,97817.45,0.6429106,239.50238,173.99237,-25.200033,-105.28754,0.16726463,0.1916393946064419,0.0259879286048858,0.1149146906887815,204.9240165541111,0.2249586987302214,1.6611119533351038
0.00035669186,0.0028492308,0.001331215,95839.05,0.039660428,292.71887,13.855325,88.753235,54.231907,0.82913536,0.0299356572348694,0.2041121579490576,0.1166220533713314,104.9295310705118,0.236978100104736,0.9187823969714264
-0.001331215,0.032947693,-0.00035669186,94525.39,0.9916723,236.24213,2.0399058,586.4405,4.9943976,0.09777656,0.0028915866976394,0.5030332250232478,0.0046535522691693,586.4653146293562,0.5030630599633026,0.9187823969714264
0.00045754042,0.021492308,-0.0007924895,91566.76,0.9994439,212.35312,14.799875,1169.9613,-23.466087,0.10462287,0.0133439035396798,1.0551043000872011,0.0211652401248096,1170.290193514753,1.0554009243949525,0.610057499491838
-0.004149602,0.052713845,-0.004149602,98370.0,0.0,295.4,-1.4709837e-13,-1.8204089e-13,-1.8793993e-13,1.15506,1.8831352577182965e-15,5.411257541441943e-16,1.280824069350858e-15,3.00163677644471e-13,2.340838691001233e-15,3.912282284567013
0.0011503282,0.007116923,0.0019924412,97898.7,0.006682574,351.1985,0.8980384,127.46229,0.8899865,0.88889164,0.0040194260849217,0.3238127899196076,0.0059975666646964,127.46856051976955,0.3238932686973744,1.533779196505254
-0.0041669416,0.03586769,0.0011165227,97981.1,8.8144225e-06,295.50925,-42.88835,0.73482364,12.136644,1.1499362,0.1241598694603859,0.0026194414929919,0.0351344120763525,44.57856726148945,0.1290618517227543,2.8759558980875943
0.0039870623,0.055858463,0.0039870623,98370.0,0.0,295.4,-4.928486e-13,-1.2957835e-14,-4.189219e-13,1.15506,3.3253697767523605e-15,5.050479417770099e-16,3.072583298900188e-15,6.469646097812903e-13,4.555647671222129e-15,3.759038385790977
-1.6320611e-19,0.044627693,-0.0019252748,103966.75,5.170073e-25,299.07974,0.007503881,14.404311,-1.4471916,1.2056613,0.000542559369813,0.0414111002624207,0.0041605547773865,14.47682959836378,0.0416231163137704,1.2835165333333334
0.0025934312,0.05990154,-0.00069490174,98370.0,0.0,295.4,-5.1526234e-15,3.0640226e-13,-2.105465e-13,1.15506,2.2900429571063626e-15,1.713975227179543e-15,1.0514345533528405e-15,3.71804684106131e-13,3.047543673971205e-15,1.7899439863847344
-0.001331215,0.067763075,0.00035669186,98370.0,0.0,295.4,2.9688448e-13,4.016205e-14,1.1902629e-14,1.15506,1.6512389316054765e-15,2.898465840781072e-16,9.856133921974107e-16,2.998250444879222e-13,1.9447454358939198e-15,0.9187823969714264
1.00559694e-19,0.03586769,0.003480578,95863.55,0.0038130789,287.73624,0.9025838,-8.95377,58.17569,1.1007137,0.0214704471272318,0.0256087601699822,0.166472340281048,58.867610463692365,0.1697934886146578,2.3203853333333333
0.001007429,0.06843692,-0.0037597984,98370.0,0.0,295.4,-5.85233e-13,2.4379167e-13,1.6929475e-13,1.15506,2.0451988118970204e-15,7.059330076863161e-16,2.557889373996675e-15,6.561956682483903e-13,3.350220536193272e-15,2.5949521253287604
-0.00095382205,0.025086153,-0.0035597347,87322.81,0.38660437,254.24138,-1.7878118,33.874462,-21.426254,0.19416712,0.007285590397817,0.0431374136689109,0.0306065175149104,40.12181211378892,0.0533917147119103,2.4568713291004243
0.0023251872,0.054735385,-0.0013424391,98370.0,0.0,295.4,1.1487187e-13,-3.9016286e-13,6.5095704e-13,1.15506,2.648391500451806e-15,1.1297714108934865e-15,2.295834932169737e-15,7.675725840376518e-13,3.682556043878823e-15,1.7899271558427734
0.0035105823,0.009587692,-0.0035105823,98257.586,4.4720487e-06,296.642,-4.25454,-1.4722326,4.25711,1.1488426,0.0122933851355565,0.0042539444206156,0.0123011310036702,6.196092719787427,0.0179036640159008,3.309808733657956
-0.0045283833,0.04867077,1.5126382999999998e-19,98370.0,0.0,295.4,-4.2865924e-09,2.235655e-08,-5.6829923e-12,1.15506,1.2412430607261376e-11,6.473653097050974e-11,1.5967336043282497e-12,2.2763792184138373e-08,6.593509258262277e-11,3.0189222
-0.0031664888,0.03901231,-0.00084845215,112036.875,7.9907095e-06,304.46475,-72.4423,46.8707,-18.3952,1.2762088,0.206613214419696,0.1336655431918222,0.0524656165134128,88.22206487506399,0.2516110862536399,2.185459257238885
0.00050239643,0.069110766,-0.00087018503,98370.0,0.0,295.4,3.397509e-13,7.356762e-14,2.945936e-13,1.15506,2.171352019508832e-15,9.903253213887864e-16,2.074114182307025e-15,4.556624385707411e-13,3.1618765750825924e-15,0.6698670379885004
-1.3877788e-20,0.04036,-0.00015293711,169572.38,0.08571838,289.74838,-1.8999987,298.00787,-19.84692,1.0490115,0.0235771223674868,0.6104016235600797,0.0390962403176824,298.67407120552554,0.6121066400153576,0.1019580733333333
0.0028192918,0.04575077,0.0048831706,98372.55,0.0,295.40176,0.0008346455,0.0064964397,0.0014490581,1.155085,2.4168244867807814e-06,1.881128550325321e-05,4.195936012838618e-06,0.0067082137163019,1.942450467601796e-05,3.7590637937450806
0.0045836214,0.010935385,0.0012281717,98423.14,8.568689e-06,296.79764,-8.450799,1.4997282,-2.4867725,1.1501125,0.0244116819036375,0.0043320298636011,0.0071842803691093,8.935839405396255,0.0258129924752145,3.163541676540452
-1.5126382999999998e-19,0.003523077,-0.0045283833,98040.86,1.4978254e-07,295.819,0.042355,0.7815665,10.710663,1.1495675,0.0041228335078152,0.0022615592474296,0.0309921816096846,10.73922446173448,0.0313468934232799,3.0189222
-0.0025933797,0.021716923,-0.004491879,91120.7,0.0005382164,290.4084,0.29034293,-20.669937,0.21052419,1.0806212,0.0011726023134583,0.0601548341814581,0.001358866366025,20.673048034471,0.0601816050748479,3.4578474498201968
-1.6320611e-19,0.024412308,-0.0019252748,83510.77,0.26858774,267.87463,10.335081,524.2284,-67.55373,0.24662225,0.0300083302757777,0.7546097261605171,0.0934826208391347,528.6641047988311,0.7609699988179194,1.2835165333333334
-0.0049647847,0.05496,9.37506e-20,98370.0,0.0,295.4,-3.030743e-13,1.6643939e-13,2.9952376e-14,1.15506,8.975857176546253e-16,2.140294929325725e-15,7.744965898870647e-16,3.4706375018446893e-13,2.446705432368529e-15,3.3098564666666666
0.0024067922,0.06888615,-0.000644892,98370.0,0.0,295.4,9.9734626e-14,-1.1371842e-13,-3.109341e-13,1.15506,1.4159120725236686e-15,7.035665455223186e-16,9.003534325049423e-16,3.45772886752947e-13,1.819463982748741e-15,1.6611287174214255
0.0007791963,0.06686462,-0.0013496222,98370.0,0.0,295.4,1.82605e-13,5.849001e-14,6.6773125e-14,1.15506,1.5588550173094796e-15,1.1147484684255314e-15,2.159320692698415e-15,2.0303772436930466e-13,2.887102174631783e-15,1.0389368404857235
0.002317984,0.0064430768,-0.002317984,97841.96,0.00039433962,301.42737,-9.021288,5.0925813,9.488289,1.1200426,0.0257915737181023,0.0145420912301694,0.0271289257386385,14.047976709248015,0.0401578921749565,2.185416273442557
0.004299605,0.008464616,0.00248237,97945.086,3.5192556e-06,296.50412,-6.1680975,-2.5287426,-3.499845,1.1457375,0.0178271381130098,0.0073083050497282,0.0101148940148496,7.529201878724332,0.02176072739896,3.3098347708290348
0.0013424361,0.029129231,-0.0050100614,92191.52,2.5586216e-05,291.212,7.7268214,-14.802012,-27.801487,1.0977013,0.0225384370448297,0.0431642428152664,0.081060742041594,32.430325431713,0.0945620267473835,3.4578638180467665
0.0041669416,0.052264616,-0.0011165227,98370.0,0.0,295.4,-6.3014904e-13,1.7584773e-13,5.962356e-13,1.15506,2.9522233837597808e-15,1.7237141199173465e-15,1.734293595933353e-15,8.85159379697484e-13,3.833351999453732e-15,2.8759558980875943
-0.0010559278,0.025086153,-0.0018289352,82690.98,0.181123,281.2325,5.570224,491.70874,-1.4385624,0.30088574,0.0270614825894744,0.7910859345841205,0.0519674775740559,491.74239378924455,0.7932527330316497,1.407912163392128
-0.001159104,0.024412308,0.00031057486,87912.67,0.99487525,226.62787,-3.7881308,818.492,-3.24221,0.094515234,0.0036482561342783,0.7158038941321425,0.0028353041054351,818.5071874605878,0.7158188063867358,0.7999941184450516
0.0028803973,0.03699077,-1.8657987e-19,95613.29,0.03812195,268.28088,93.77765,-12.45555,3.5168736,0.846916,0.2336048832776452,0.0308743033468161,0.0290366542323313,94.66655568490584,0.2374185994974307,1.9202648666666664
-0.00544649,0.06956,-0.0014593768,98370.0,0.0,295.4,-3.699375e-14,-1.146578e-13,2.988556e-13,1.15506,8.241506766422655e-16,2.117470666235049e-15,1.1084956899697684e-15,3.222260360232588e-13,2.528175044346684e-15,3.7590799089658
0.00023684214,0.023064615,-0.0008839167,87491.19,0.99967575,208.80563,1.8352225,1243.3862,-9.77288,0.1016415,0.0021517177883702,1.1307013328903697,0.0088781546112878,1243.4259606327828,1.130738234835455,0.6100648168910395
-1.588243e-19,0.02373846,-0.0028803973,87652.375,0.55761224,255.0145,-2.4547286,296.47287,24.138287,0.14170787,0.0122518347276794,0.3184273848559077,0.0260859356045325,297.46402343448347,0.3197289209889067,1.9202648666666664
-0.0026657272,0.041033845,0.00153905,130284.75,3.8735096e-12,314.6556,-34.331287,86.2979,20.758924,1.4361837,0.0963206346925393,0.2421180826552605,0.0582432170052073,95.16773474830714,0.267003938067117,2.0520749831783918
0.0037359586,0.012507692,-0.0021569484,99047.14,0.0002869443,298.12726,-10.483067,10.985867,6.054824,1.1480012,0.0301642387402422,0.0315967350680684,0.0174154522599233,16.347625550493685,0.047026938483785,2.875939503395293
-0.0007775554,0.056083076,-0.0007775554,98370.0,0.0,295.4,-6.3104896e-14,-5.3408172e-14,-5.2121773e-14,1.15506,3.1605984287875247e-15,3.912509615962505e-16,2.801629211810345e-15,9.773095700040969e-14,4.2416489698551454e-15,0.7330862614509579
-0.0038263933,0.02531077,-0.0038263933,89189.27,8.515855e-05,288.96237,-11.23574,-26.743475,-10.101274,1.0693737,0.0328700487842945,0.0782531034131649,0.0295591358128327,30.71629933514617,0.0898761971318038,3.607558199889029
-0.0001279371,0.026658462,-0.00044156975,85887.164,0.9999829,194.33737,-9.198841,1629.2238,5.414578,0.10715925,0.008665266672397,1.5347782432002313,0.0050929886919718,1629.2587660703566,1.5348111548920629,0.3064867194305833
-0.0025933797,0.023289232,0.004491879,90012.86,0.0004856454,289.2234,-1.258464,-25.362963,3.2514312,1.0725675,0.0044352774134859,0.0739828465296125,0.009467045096727,25.601473172983592,0.0747178573650385,3.4578474498201968
0.0029342247,0.0062184613,0.00508224,97906.83,1.9219386e-09,295.78625,-3.4889212,-0.37437725,-6.1042585,1.1481237,0.0100959003661958,0.0010833153265839,0.017664272249721,7.0409304285690295,0.020374672768249,3.912307532088964
0.0025934312,0.039686155,0.00069490174,123532.75,2.1531074e-05,311.1055,81.6466,78.8826,23.058863,1.3768487,0.2303501466328167,0.2225204863827017,0.0650577657765331,115.84620424154072,0.3268165690438422,1.7899439863847344
1.2490008e-19,0.014753846,-0.00075,104658.75,0.9997753,203.56262,3.677954,1440.6262,-81.72406,0.12469263,0.0117296047990562,1.3264107607174305,0.0752791824696398,1442.947052893816,1.328597021330784,0.5
0.0014593768,0.024636922,0.00544649,89653.87,1.4698959e-05,289.59476,2.3639586,-26.590014,8.081838,1.0736076,0.0069108602857912,0.0777553236195928,0.0236325918906038,27.891454788894645,0.0815607119914065,3.7590799089658
0.0033709237,0.010486154,-0.0019461956,98357.08,0.0005710639,300.4525,-5.916265,7.564651,3.4571588,1.1269763,0.0169294249573432,0.0216166907819883,0.0098859682812047,10.206766543349731,0.0291825139185677,2.594935572283576
0.0004151182,0.04507692,0.00071900955,99634.586,7.842545400000001e-27,296.24136,0.07216492,3.3294,0.123486765,1.1665825,0.0002086094630201,0.0096244266534884,0.0003569670102097,3.332470722573384,0.0096333032633057,0.5534930905771464
0.0039870623,0.029129231,-0.0039870623,92367.35,6.650006e-07,291.77762,18.400087,-14.9036255,-18.388838,1.09803,0.0536125809902117,0.0434244368944958,0.0535711913456564,29.980503959107548,0.0873490875867,3.759038385790977
-0.0018984762,0.061024614,-0.0018984762,98370.0,0.0,295.4,5.875311e-13,3.2597753e-13,8.52415e-13,1.15506,1.7012789113018225e-15,1.6470171769234324e-15,2.94471205631551e-15,1.0853872469110329e-12,3.778669687830767e-15,1.7899005265883576
0.00014174538,0.03586769,-0.00029804165,93339.984,0.99998987,204.69087,7.9103074,1447.2762,-0.38145927,0.110565,0.0072590747962063,1.3283782091238705,0.0020789474312797,1447.2978676004388,1.3283996697773075,0.2200207847616693
9.37506e-20,0.004870769,0.0049647847,98069.914,1.1998577e-07,296.11826,0.0135112405,-0.06212196,-8.939977,1.148745,0.003346632745242,0.0002190291429487,0.0258554648908054,8.940203043111666,0.0260720729750562,3.3098564666666666
9.37506e-20,0.06753846,0.0049647847,98370.0,0.0,295.4,-1.01634995e-13,1.35451105e-14,5.4887513e-13,1.15506,1.421414892926388e-15,4.015870718867461e-16,2.1593953039199082e-15,5.583699943224243e-13,2.6162340401292197e-15,3.3098564666666666
0.0027523169,0.030027693,0.0027523169,91871.67,0.040661175,270.28687,39.3275,-3.5043352,38.39354,0.786271,0.0958844073300029,0.0127780401653247,0.0940610013246245,55.072647795212816,0.1349243115590499,2.594909258619116
-0.00025366183,0.01744923,-0.00041642482,101827.516,0.9999591,196.5555,16.15178,1644.8462,28.309175,0.12561338,0.0151458100564955,1.5407393826609133,0.0265351818531727,1645.1690828120943,1.5410422955651089,0.3250667997750489
-0.0026657272,0.051366154,-0.00153905,98370.0,0.0,295.4,2.1720634e-13,-1.04333134e-13,7.3603623e-13,1.15506,1.0820381265106277e-15,6.191551511229757e-16,2.131296340189269e-15,7.744761641645729e-13,2.469126100078511e-15,2.0520749831783918
0.0010616601,0.024412308,0.0039621918,90370.3,0.15622887,264.03726,16.897362,-25.205162,52.950024,0.4247071,0.0283162491300779,0.0449335657433998,0.0880408387939823,61.0288954152528,0.1028203510534809,2.734640827760201
-4.1633363999999997e-20,0.0017507585,-0.00476546,97908.5,1.2166123e-11,295.32275,-0.057552487,0.797315,9.791545,1.1499462,0.0037568538167536,0.0023090332301118,0.0283564862700612,9.824122199209956,0.0286973151817793,3.176973333333333
-0.0004505431,0.017673846,-0.0016814725,98853.35,0.47434738,263.72064,-45.664627,501.50125,-127.93175,0.20246337,0.0542635429964833,0.5853353162341445,0.1501025173350862,519.5722226684893,0.6067064613466606,1.1605245659162278
0.00069490174,0.020593846,-0.0025934312,88141.02,0.3545119,261.55862,-39.65825,320.60974,67.31931,0.22194162,0.0493050210131051,0.4330512728382075,0.0861213353780732,329.99283579315204,0.4442761240615985,1.7899439863847344
-0.0004505431,0.020369232,-0.0016814725,95060.56,0.5227072,258.1675,-52.698948,547.0625,-119.81044,0.18172212,0.0612079176498125,0.622098743517175,0.1385611622444871,562.5025329361196,0.6402752935661481,1.1605245659162278
-0.00054659264,0.030476922,0.002039934,92940.6,0.296484,273.4815,6.7894177,396.78287,56.4062,0.2392755,0.0147310036841372,0.5364597932553998,0.0761122605453124,400.8296415144244,0.5420324607018346,1.4079290131187046
-0.0024944716,0.061473846,-0.0014401756,98370.0,0.0,295.4,-3.2077674e-13,1.5135138e-13,6.084283e-13,1.15506,1.404848728204013e-15,1.1086556822310844e-15,1.8832035323819096e-15,7.042655418191509e-13,2.597917033943811e-15,1.9202423830851167
0.0037597984,0.014304616,0.001007429,98601.79,0.00604513,296.68713,-19.435537,40.555412,-4.4965262,1.06759,0.0540538856990921,0.1125626666489099,0.0125962339273913,45.19624197690997,0.125502356915867,2.5949521253287604
0.0030142437,0.0062184613,-0.0017402662,97844.25,0.00016763523,299.20776,-10.696081,1.7499114,6.544845,1.1317538,0.0307405164152681,0.0050267215785068,0.018807905950563,12.661095321512905,0.0363865992578368,2.3203631449363105
0.004149602,0.022615384,-0.004149602,91351.44,3.316253e-06,290.70886,1.3902762,-23.0209,-0.95499986,1.08991,0.0040580738502107,0.0671944201422733,0.0027873186539402,23.08260664342064,0.0673745293631704,3.912282284567013
-0.0046863924,0.012956923,-0.002705682,98796.914,6.579417e-07,296.27975,10.257902,2.7939,6.0407553,1.1566225,0.029658651763362,0.0080778420355873,0.0174663578866014,12.227884332380729,0.035354784884017,3.607583913671109
-0.00044156975,0.033396922,0.0001279371,95316.96,0.999985,204.77625,1.2886773,1447.9675,7.6370125,0.11286412,0.0020412498512324,1.3287878751617872,0.007005832581806,1447.988213248077,1.3288079114635407,0.3064867194305833
0.0009626141,0.06843692,0.0016673111,98370.0,0.0,295.4,1.3317894e-13,-1.2120554e-13,-1.7794738e-13,1.15506,1.2863262140339353e-15,4.1104771406770713e-16,1.7245750854630385e-15,2.531653274741224e-13,2.190377724857293e-15,1.2834938790837072
-0.0005954578,0.036766153,0.0022223014,96512.04,0.8387108,235.82663,-52.43165,-18.195267,160.78418,0.11941375,0.0497508463943424,0.0172102708236168,0.1537499387843824,170.09320445331198,0.1625127189329408,1.533796090173774
0.0032781975,0.03452,-1.5699931e-19,96058.54,0.0536094,264.21124,64.354034,-0.38184148,0.7153262,0.7658345,0.151997161523807,0.0065730806315188,0.0193112459996474,64.35914221430713,0.1533599254118937,2.185465
0.0019924412,0.027781539,-0.0011503282,85203.06,0.24286024,273.95438,6.110031,425.725,31.060165,0.25890675,0.024181179592618,0.6262625733724679,0.0475131757941435,426.9002716720244,0.6285276780919369,1.533779196505254
0.005186804,0.05204,-2.0375435e-19,98370.0,0.0,295.4,-4.4497034e-13,4.369799e-14,-9.6545256e-14,1.15506,2.084034850373563e-15,2.671768348916025e-15,7.215299047016233e-16,4.574156799519024e-13,3.464412326963948e-15,3.457869333333333
-0.0052270126,0.050018463,0.001400568,98370.0,0.0,295.4,-1.4508199e-12,1.120412e-11,4.4910538e-13,1.15506,4.91574704425082e-15,3.2443103356272583e-14,2.0050793917351106e-15,1.130658564726686e-11,3.2874608252510135e-14,3.607600091361616
-0.0027523169,0.05293846,0.0027523169,98370.0,0.0,295.4,5.394296e-13,1.9611259e-13,-7.2993087e-13,1.15506,1.6523107327167568e-15,9.558282272778297e-16,2.156540173819321e-15,9.285706845962913e-13,2.880000673404215e-15,2.594909258619116
0.0012849732,0.03788923,-0.004795607,105436.25,2.236708e-11,300.2754,12.075693,20.721687,-42.7553,1.21793,0.0346812797040586,0.0595106618230432,0.1227951518014087,49.02271261003636,0.1407940316151887,3.309850793761437
-0.0028192918,0.02284,0.0048831706,91009.336,1.721893e-05,290.40826,-0.41359156,-23.808475,1.3688294,1.0867487,0.0017804714212624,0.0695226940819298,0.0042026104529815,23.851378025817137,0.0696723546717852,3.7590637937450806
0.00095382205,0.014978462,0.0035597347,97665.766,0.021483138,292.73486,-5.0537424,59.2953,-18.968863,0.9060047,0.0131675464356196,0.1518144702136892,0.0490398223893417,62.46031282220997,0.1600809852086609,2.4568713291004243
0.00083024846,0.018347692,7.63982e-20,92919.44,0.99970675,205.46388,47.147152,1362.5312,-11.761654,0.1097,0.0432250096023553,1.248885552250173,0.0107714611862155,1363.3973967336033,1.249679778363413,0.5534989733333333
0.004491879,0.06349538,-0.0025933797,98370.0,0.0,295.4,-6.958612e-14,2.4563907e-13,2.90587e-13,1.15506,2.0412987616954992e-15,2.2959495219115826e-15,1.570205191740639e-15,3.86809494940493e-13,3.4501926302504997e-15,3.4578474498201968
0.00074549386,0.023513846,-0.0027822433,88819.05,0.5817976,254.426,-15.42674,301.37112,19.220331,0.1386335,0.0162882935965547,0.3178465853913443,0.0204341475004595,302.3771773808856,0.3189189783272473,1.920259111647012
-0.0048831706,0.040135384,0.0028192918,117821.0,4.20714e-22,307.6545,-28.8533,49.484974,16.879974,1.3283426,0.081866630227629,0.1404056226423984,0.0478977752412537,59.717745226283895,0.1694404936474412,3.7590637937450806
0.0031915514,0.05159077,0.0018426349,98370.0,0.0,295.4,-2.594919e-13,3.0745534e-13,-1.3758671e-12,1.15506,2.9786428828032232e-15,1.5635679104130857e-15,4.008334599195929e-15,1.433483557325488e-12,5.232953687245763e-15,2.4568546932603774
-1.8747665e-19,0.01655077,-0.0026849245,94298.484,0.1866745,270.46387,-1.960495,218.49562,49.825275,0.35169074,0.0087268433898497,0.3572929548800022,0.0815607284021715,224.11322479642973,0.3665877327733799,1.7899496666666668
0.002176526,0.019246154,-0.002176526,92532.4,0.6424944,245.878,-10.05472,175.1865,7.49922,0.13674375,0.0115770419691271,0.1796857629990314,0.0112793791671955,175.63497794328097,0.1804112682725122,2.052048392038442
-0.00084845215,0.057655383,0.0031664888,98370.0,0.0,295.4,-6.560919e-14,3.9820523e-13,5.766411e-13,1.15506,1.221354600574942e-15,1.420004103137416e-15,2.6265663691784178e-15,7.038372888821811e-13,3.2259835097178925e-15,2.185459257238885
0.0039621918,0.05540923,0.0010616601,98370.0,0.0,295.4,-1.4926764e-13,-5.3566255e-14,-6.693301e-13,1.15506,2.393011215726988e-15,7.640053274761147e-16,1.9381393762032484e-15,6.878611449935987e-13,3.172789161068942e-15,2.734640827760201
-0.0016814725,0.060575385,-0.0004505431,98370.0,0.0,295.4,5.4992665e-14,-2.484283e-13,-4.5251685e-13,1.15506,5.208929027085105e-16,1.266813913510279e-15,1.3495057565532033e-15,5.191457531162272e-13,1.9228397474895203e-15,1.1605245659162278
0.00087018503,0.067987695,0.00050239643,98370.0,0.0,295.4,5.469691e-13,-4.3838475e-14,4.7606607e-13,1.15506,2.232274251887025e-15,3.154729302115653e-16,1.964114865817482e-15,7.264543421649984e-13,2.9900365735989375e-15,0.6698670379885004
0.001331215,0.05069231,-0.00035669186,98370.0,0.0,295.4,7.144287e-14,6.0814986e-12,-2.3160346e-14,1.15506,2.1430435802363494e-15,1.760983354259761e-14,8.516765494835539e-16,6.081962323716141e-12,1.7760186545465348e-14,0.9187823969714264
0.00248237,0.040135384,0.004299605,118315.125,6.038289e-19,307.9625,18.290588,52.503536,31.582912,1.33258,0.0518716003019697,0.1488953536515577,0.0895690780979296,63.942530699752446,0.1813370039683648,3.3098347708290348
0.0005954578,0.062596925,0.0022223014,98370.0,0.0,295.4,3.8743065e-13,1.827867e-13,3.6468775e-13,1.15506,2.41217818120426e-15,6.124372143667349e-16,2.8355913593137866e-15,5.625927845754645e-13,3.77283199684722e-15,1.533796090173774
0.002050962,0.0462,0.0035523847,98371.61,0.0,295.40125,0.000402979,0.0041812276,0.00069706637,1.1550775,1.166879524486929e-06,1.210730261349935e-05,2.018448802978134e-06,0.0042580462470043,1.2329741277486684e-05,2.7346242628142687
-0.0021578514,0.067763075,0.0012458276,98370.0,0.0,295.4,-2.1764638e-13,-7.990185e-14,-2.567058e-13,1.15506,2.515650985333544e-15,7.437404782320023e-16,1.8447567022876243e-15,3.4590767570865923e-13,3.206988785388173e-15,1.6611119533351038
-0.004299605,0.033846155,-0.00248237,96981.81,8.906355e-07,294.9025,-28.817413,-2.26739,-16.64435,1.1406713,0.0835148856410372,0.0065710629436027,0.0482363957112136,33.35594004592239,0.0966678067561952,3.3098347708290348
-0.0009008322,0.028455384,0.0033619737,90553.836,0.43723112,250.37012,-12.539132,-16.486452,56.74126,0.18426862,0.018304063811211,0.0246897554194467,0.0692601769306974,60.40367138882642,0.0757733124731161,2.32037983596063
-0.0018289352,0.048446152,0.0010559278,98370.0,0.0,295.4,-3.4232464e-08,4.03523e-07,1.9720407e-08,1.15506,9.912490400013647e-11,1.1684575265641331e-09,5.710320518044378e-11,4.0545229999687625e-07,1.1740440852111508e-09,1.407912163392128
0.0004505431,0.05653231,0.0016814725,98370.0,0.0,295.4,1.5431757e-13,-6.474194e-14,-1.61097e-13,1.15506,1.0658239381408498e-15,3.0721850952301315e-16,2.066704829357297e-15,2.322879131910838e-13,2.345555953584648e-15,1.1605245659162278
-1.4847213e-19,0.016775385,-0.0021119022,87426.33,0.08287795,303.7425,-2.100285,358.857,-8.124212,0.47474325,0.004781322736331,0.7059737179371248,0.0548211344916809,358.95509533464235,0.7081151800745632,1.4079348
-0.0010048215,0.027107691,4.0129963e-20,87450.55,0.9997301,217.4835,-12.0496235,1053.1976,6.7862587,0.09753201,0.0107126591067919,0.9383776817661372,0.0060421018349046,1053.2883894638708,0.938458279145382,0.6698810000000001
0.0024917016,0.02531077,-1.3285194e-19,89749.414,0.43875837,262.862,-48.683086,461.11874,-25.460629,0.17857026,0.0578209181749881,0.547852758532642,0.0345124436313731,464.3799940466285,0.5519755541469502,1.6611344
0.0005329707,0.010261538,-0.00031432978,100726.766,0.99989736,191.33,-164.96487,1668.3512,95.89569,0.12760362,0.1567450523340998,1.584251611437416,0.0910924074802977,1679.2275361713591,1.5945908586448831,0.4125050721052952
-1.8923934e-19,0.00868923,-0.0023007027,97258.11,0.012190625,365.70212,-0.27805886,176.87013,-6.137979,0.7941155,0.0039492129151912,0.4266517557982627,0.0172829426653629,176.97682048548324,0.4270199258999094,1.5338018
-0.0010996894,0.0026246153,1.0156928e-19,83638.23,0.23148274,227.04712,-156.27348,110.097305,0.46140963,0.44496125,0.3110721121404102,0.1464988097660758,0.0425547281275499,191.1623132796318,0.346465965284301,0.7331262666666666
-1.6405244e-19,0.025086153,-0.0017407954,90726.6,0.554785,255.96912,21.153349,617.411,-131.00534,0.16414812,0.0541925831345159,0.6918887157163818,0.1477057344346603,631.5110499456295,0.7095518409442244,1.1605302666666666
-0.0031664888,0.03586769,0.00084845215,95103.8,0.022820778,273.068,-69.04814,-9.1878395,22.4464,0.9400557,0.1822280872857601,0.0245936290981808,0.0593077075212613,73.18403449590191,0.1932079878252267,2.185459257238885
0.0019461956,0.01744923,0.0033709237,95934.75,0.14871159,271.5535,4.6179013,39.006664,6.4922314,0.43709388,0.0150735801754919,0.0676142939499908,0.0177287076424477,39.81198208299335,0.0715067314337197,2.594935572283576
-0.0010616601,0.046649233,0.0039621918,98370.2,0.0,295.4,-2.6217896e-05,0.0005369675,9.8269215e-05,1.1550651,7.59176011691522e-08,1.5548648260050191e-06,2.8455230464000924e-07,0.0005465146958167,1.5825100705495804e-06,2.734640827760201
0.00084845215,0.058553845,0.0031664888,98370.0,0.0,295.4,1.9706249e-13,9.4492936e-14,1.0564982e-12,1.15506,7.199176968063439e-16,2.7700628503733123e-16,3.465508973110137e-15,1.0788656016956608e-12,3.550319199006198e-15,2.185459257238885
-0.00074549386,0.01116,-0.0027822433,100106.06,0.036583837,313.03738,-3.7595258,87.60051,-14.07439,0.74925673,0.0087199568982861,0.2016296720155091,0.0327017061498132,88.80355758849454,0.2044503946450054,1.920259111647012
0.0004982899,0.056307692,0.0018596658,98370.0,0.0,295.4,3.8426808e-13,-3.3345512e-14,-4.684349e-13,1.15506,1.342275074423545e-15,2.267355627190912e-16,3.175671033583317e-15,6.067990903218614e-13,3.4551407937102087e-15,1.2835107603984124
-0.0003036618,0.0062184613,2.8622937e-20,118329.164,0.9999986,192.31912,465.515,1801.1375,-5.08825,0.14655663,0.4471727825806249,1.7140752680361886,0.1209005283393508,1860.329648051472,1.7755659547668077,0.2024412
3.469447e-20,0.010486154,-0.0006,114366.125,0.99989474,197.9845,-7.5829973,1594.0587,145.01726,0.139971,0.0195538945757355,1.4881469767456614,0.1356432559565929,1600.659441165312,1.4944440009839235,0.3999999999999999
0.0004505431,0.032273848,-0.0016814725,94122.914,0.8373656,245.62613,14.964353,455.60712,-24.631926,0.1101535,0.0134895531446295,0.4140638470857424,0.0222021764278086,456.5178106425559,0.4148780232135927,1.1605245659162278
1.00559694e-19,0.065292306,0.003480578,98370.0,0.0,295.4,-5.6808853e-14,1.123124e-13,6.5416227e-13,1.15506,4.3131952071011584e-16,3.2521633101725523e-16,1.966653925909229e-15,6.661603384054687e-13,2.039492548454176e-15,2.3203853333333333
-0.0006470514,0.058104616,0.0006470514,98370.0,0.0,295.4,-3.718175e-13,5.4595285e-14,3.6980683e-13,1.15506,1.6477793445313936e-15,6.616008814764486e-16,1.576407442677625e-15,5.272437671183323e-13,2.374437390196704e-15,0.6100459102883323
0.002264169,0.061923075,-0.00392167,98370.0,0.0,295.4,3.6922348e-13,2.1726688e-13,-5.3016586e-13,1.15506,2.5320493447095906e-15,7.906665756456078e-16,2.7934493324412537e-15,6.816206528838342e-13,3.85224437059799e-15,3.0189002301766195
0.0029004794,0.004196923,-0.0029004794,98025.96,4.0275836e-06,296.28238,-8.576722,0.2884817,8.702362,1.1475338,0.0247971611893456,0.0008690424224591,0.0251608170573872,12.22188554747437,0.0353372488003484,2.7345982032425185
-0.0037359586,0.069110766,0.0021569484,98370.0,0.0,295.4,-9.238519e-13,-2.551829e-13,3.560788e-14,1.15506,3.725304142633701e-15,1.1752147831954645e-15,2.470161931440496e-15,9.591082142824732e-13,4.621765973013218e-15,2.875939503395293
0.001400568,0.0037476923,0.0052270126,98082.11,4.068716e-09,295.62262,-2.2128863,0.19808061,-8.304631,1.1508175,0.0064054533859162,0.0006858761155008,0.0240381078931522,8.596685276951034,0.0248863595209863,3.607600091361616
-0.0054114084,0.025086153,1.4721278e-19,89266.06,8.2898834e-05,289.0575,-13.083725,-26.991262,0.913143,1.06997,0.0382714105916452,0.078966369437951,0.0044861531154725,30.009097193463152,0.087866455150192,3.6076056
-0.00050239643,0.034295384,0.00087018503,94100.92,0.999714,225.33238,7.976449,905.89,10.547976,0.10128787,0.0069765309723747,0.7928139679375483,0.0092394799832951,905.9865206703388,0.7928984977483878,0.6698670379885004
-0.0010622129,0.06349538,0.0002846142,98370.0,0.0,295.4,1.7815812e-13,-5.3790577e-13,9.252512e-14,1.15506,3.604680386872436e-15,2.0971419743614207e-15,1.129995828301251e-15,5.741461755966349e-13,4.3207193526205295e-15,0.7331216324027761
-1.8657987e-19,0.043504614,-0.0028803973,126369.0,3.110915e-22,312.45776,0.06398,67.20885,-11.724487,1.4028113,0.0043524719097239,0.1892212608171254,0.0330088626462727,68.22387563878256,0.1921281201962587,1.9202648666666664
-0.00019411351,0.00824,0.0007244437,77936.06,0.9998645,178.18475,-64.34074,1813.2424,246.69025,0.10600227,0.0633426499364217,1.7844410166039912,0.2426919651244409,1831.0772270514888,1.8019826367020344,0.4999994352148855
0.0024067922,0.053387694,0.000644892,98370.0,0.0,295.4,-1.681645e-13,2.7703642e-13,-1.307804e-13,1.15506,1.476075899126937e-15,9.853956412360636e-16,7.740347937631862e-16,3.494738761207001e-13,1.93621654050017e-15,1.6611287174214255
0.00054659264,0.022615384,0.002039934,86319.164,0.17318325,282.193,7.3750625,422.8475,-1.4499629,0.32349864,0.0250170925807436,0.6930310819346627,0.0630561237432219,422.9142965135375,0.6963433134526698,1.4079290131187046
-0.0035523847,0.04372923,0.002050962,119230.5,5.778298e-29,308.4146,-9.470787,49.904087,5.468205,1.340845,0.0268322104501805,0.1413915291359802,0.0154924721583226,51.08830562491736,0.1447464981359822,2.7346242628142687
-0.000644892,0.06551693,-0.0024067922,98370.0,0.0,295.4,-1.1195975e-13,-2.6732173e-14,6.2953516e-13,1.15506,1.1625344981837422e-15,1.281840983263999e-15,2.528182582591505e-15,6.399719621745862e-13,3.063708526730569e-15,1.6611287174214255
0.0001279371,0.059676923,0.00044156975,98370.0,0.0,295.4,-7.3886996e-13,7.466438e-15,-2.570178e-13,1.15506,2.139501710499352e-15,2.5808651859190163e-16,2.090642856239586e-15,7.823315889082133e-13,3.0024762734539893e-15,0.3064867194305833
-0.0011165227,0.06416923,0.0041669416,98370.0,0.0,295.4,1.7961495e-13,-7.3574644e-14,-1.3653736e-12,1.15506,9.326722837975618e-16,5.890809776318557e-16,4.954221073593651e-15,1.3791010934953932e-12,5.0755492740403266e-15,2.8759558980875943
0.00045754042,0.04867077,0.0007924895,98370.0,0.0,295.4,4.3094985e-09,2.0301128e-07,7.343739e-09,1.15506,1.2478758740492338e-11,5.87847696918318e-10,2.1264827177258463e-11,2.0318976865743025e-07,5.883645358676478e-10,0.610057499491838
0.002317984,0.029353846,-0.002317984,94018.64,0.556437,249.71738,46.86108,21.51024,-27.2621,0.15635425,0.054754128495446,0.0298914128454981,0.0522798974454196,58.3255804946166,0.0813922528629071,2.185416273442557
0.0015188704,0.046873845,-0.0056685233,98370.0,0.0,295.4,1.9207118e-06,2.9459437e-05,-7.2034663e-06,1.15506,5.561690990630304e-09,8.530393806799105e-08,2.08586486925335e-08,3.03881142703996e-05,8.799305360005097e-08,3.9123237593043534
-0.00037499773,0.0026246153,-0.0006495165,148917.75,1.0,189.91737,-387.59338,1730.8788,-664.0922,0.18188176,0.3789729838335763,1.660212606294029,0.6491983478506952,1893.9874599928328,1.822466711746859,0.4999977694516481
-0.0006470514,0.05990154,-0.0006470514,98370.0,0.0,295.4,-7.036334e-13,4.8955272e-14,-4.598653e-13,1.15506,2.4933893367184698e-15,1.7913003434041196e-16,2.171709363601673e-15,8.420051510508971e-13,3.3114044624025245e-15,0.6100459102883323
0.00071900955,0.013630769,0.0004151182,101199.19,0.99956435,205.71574,-82.13599,1373.2238,-45.31565,0.11934325,0.0752972029907356,1.2582239309780965,0.041541596788352,1376.4241475194492,1.261159321231036,0.5534930905771464
-7.63982e-20,0.030701539,0.00083024846,93146.266,0.9998375,213.64775,2.773574,1191.4075,10.292173,0.105737254,0.0024855897290035,1.0707961587327266,0.0092481544614253,1191.4551827886962,1.0708389795268036,0.5534989733333333
0.00028127836,0.060126156,0.00028127836,98370.0,0.0,295.4,1.6055512e-13,2.4680577e-14,2.6782916e-13,1.15506,2.021837921944064e-15,3.77140809404321e-16,1.4822184856137574e-15,3.132403811541113e-13,2.5351598395021124e-15,0.2651917810093745
0.001159104,0.038787693,0.00031057486,102894.625,0.9972774,233.1185,121.93164,379.93887,38.606422,0.10728788,0.1049974411144236,0.3271280871902825,0.03324594067733,400.8881709275152,0.3451703067195533,0.7999941184450516
0.0033553978,0.04822154,0.0033553978,98370.0,0.0,295.4,2.35693e-08,1.6437852e-07,2.357137e-08,1.15506,6.824821543997987e-11,4.759811109694852e-10,6.825421394782728e-11,1.6772423564755722e-07,4.856690999354632e-10,3.1634993839445635
-0.0016814725,0.0037476923,-0.0004505431,96045.75,0.02396028,325.5115,-39.144867,165.45625,-10.821354,0.80906737,0.0902624114385359,0.3918632686441289,0.0248984109622135,170.36781673456846,0.4028945955204705,1.1605245659162278
-0.0045836214,0.022166153,-0.0012281717,90307.86,0.0074523236,286.77863,-5.8473215,-13.607581,-0.19176035,0.9958439,0.0162801193073912,0.0383767464353535,0.000846444105932,14.811961430808392,0.0416957242322372,3.163541676540452
-0.0015584395,0.049344614,1.5101126e-19,98370.0,0.0,295.4,-4.06133e-10,5.8116476e-09,-7.169378e-13,1.15506,1.1760151448616404e-12,1.6828441491264353e-11,1.549679078722101e-13,5.825821174244414e-09,1.6870194714297812e-11,1.0389596666666667
-0.0026058601,0.021267692,-0.0026058601,91545.73,0.40437725,253.4585,-0.5031775,83.35595,-3.4375362,0.19700876,0.0151915710509722,0.1025344770301101,0.0158304856627224,83.42831799290525,0.104855648808982,2.45682846337794
-0.0012458276,0.0032984614,-0.0021578514,97635.02,7.204216e-05,297.896,10.727901,12.636714,18.625599,1.1357512,0.0309175289473798,0.0364102049059404,0.0536803512434584,24.933658750620577,0.0718552484313129,1.6611119533351038
-0.002317984,0.06349538,-0.002317984,98370.0,0.0,295.4,-2.2366789e-13,-2.1565626e-13,-1.13257094e-13,1.15506,9.716332646448509e-16,1.3930383531321968e-15,9.498837092716564e-16,3.30699435795655e-13,1.945997460276183e-15,2.185416273442557
0.00035669186,0.06349538,0.001331215,98370.0,0.0,295.4,1.7489389e-13,1.1699229e-13,-7.3696176e-13,1.15506,8.569780717707901e-16,1.3123121570678273e-15,2.133976236932868e-15,7.664122287523038e-13,2.6477215096905796e-15,0.9187823969714264
-0.00040334585,0.06956,-0.0015053301,98370.0,0.0,295.4,-2.950669e-13,-6.08228e-14,9.6970744e-14,1.15506,1.3210313293872237e-15,6.773642765474504e-16,1.6450162521062345e-15,3.164920436083087e-13,2.215857532888536e-15,1.038953872289757
-0.00392167,0.0608,0.002264169,98370.0,0.0,295.4,-6.657908e-13,-2.0672522e-13,1.3893993e-14,1.15506,3.689718440724886e-15,4.3388992983972095e-15,2.333352676574998e-15,6.972845538158526e-13,6.155047035298495e-15,3.0189002301766195
-0.0015075472,0.052489232,-0.0008703744,98370.0,0.0,295.4,2.2123094e-13,8.736288e-14,-1.6516175e-13,1.15506,1.250990693030485e-15,3.0571363926370433e-16,1.2886751087135826e-15,2.895752152347305e-13,1.821845789055351e-15,1.160507581746156
-0.0016673111,0.03991077,0.0009626141,132713.62,0.0022219329,313.40536,-94.614914,122.448,57.138214,1.42748,0.2619620412605047,0.3392621964005082,0.1582187171991139,164.95535806495403,0.4568983600758494,1.2834938790837072
0.0015188704,0.06416923,0.0056685233,98370.0,0.0,295.4,-3.660649e-14,2.7352713e-14,-3.5583374e-13,1.15506,6.875364913682668e-16,6.512193063908243e-16,2.5574296050317235e-15,3.587559846761697e-13,2.7271302126359588e-15,3.9123237593043534
-0.00019411351,0.051141538,0.0007244437,98370.0,0.0,295.4,-1.6928954e-13,5.918306e-13,-2.1514923e-14,1.15506,1.3269242230565525e-15,1.7137286667702121e-15,2.151150128043349e-15,6.159426104447292e-13,3.053692962696997e-15,0.4999994352148855
0.004149602,0.0046461537,-0.004149602,98087.75,1.4305244e-09,295.69226,-5.3305464,-0.378971,5.3462186,1.15061,0.0154276325412438,0.001096820151049,0.0154731288047377,7.559126752501239,0.0218776729859323,3.912282284567013
0.00153905,0.028455384,-0.0026657272,88206.7,0.3519505,260.20026,4.153993,136.69077,13.343195,0.21099725,0.0102100996472097,0.1815351919587852,0.0315837665252728,137.403286401181,0.1845448627359805,2.0520749831783918
0.00071048376,0.04709846,0.00071048376,98370.16,0.0,295.4,1.3276586e-05,0.00038814225,1.325601e-05,1.1550651,3.8444219979708843e-08,1.1239204176699647e-06,3.8384639251907774e-08,0.0003885954139873,1.1252326176554674e-06,0.6698505128252208
-0.0041095437,0.069110766,-0.002372638,98370.0,0.0,295.4,5.738818e-14,-2.8325552e-13,5.438998e-13,1.15506,2.3851139441413986e-15,9.232684872979865e-16,2.430369005274652e-15,6.159172714368569e-13,3.528156278848055e-15,3.1635254947783733
0.0014401756,0.049793847,-0.0024944716,98370.0,0.0,295.4,1.796258e-11,3.035694e-10,-3.2854663e-11,1.15506,5.2013170315784776e-14,8.790277743936922e-13,9.51352922345031e-14,3.0587001124245567e-10,8.856895177602425e-13,1.9202423830851167
-9.37506e-20,0.034744617,-0.0049647847,97497.11,2.1859321e-07,295.23987,0.06674749,-0.9278675,-34.933777,1.1454313,0.0133080508589957,0.0026878515045633,0.1011830644246023,34.94616100247217,0.1020898686928797,3.3098564666666666
-0.0010622129,0.053163078,0.0002846142,98370.0,0.0,295.4,-1.2378838e-13,2.3167633e-13,-1.047831e-13,1.15506,2.649549764858053e-15,6.708513337658539e-16,1.1517316661671408e-15,2.8280202076877616e-13,2.965913231928225e-15,0.7331216324027761
-0.0012463098,0.0017464056,-0.002171707,97733.98,1.114646e-07,295.69675,7.4964848,9.251762,13.1277,1.1464425,0.0216960093291426,0.0267761046680931,0.0379939074148472,17.723681664690186,0.0512953565408692,1.6692778759990854
-0.002264169,0.039686155,-0.00392167,117634.375,2.8419697e-14,307.61,-23.154076,52.35079,-40.234386,1.3264251,0.0657013618143924,0.1485456983930427,0.1141704640857854,69.96800887430535,0.1985381281389197,3.0189002301766195
-0.00045,0.06506769,4.1633363999999997e-20,98370.0,0.0,295.4,-8.390462e-14,-1.0291845e-13,-1.388917e-14,1.15506,2.0336723739736645e-15,4.851337965458777e-16,1.2770746629336412e-15,1.3351067991376496e-13,2.449917921058126e-15,0.3
1.3285194e-19,0.029578462,0.0024917016,90563.89,0.2830885,274.60352,18.847525,361.28113,41.471775,0.24004887,0.025973338604611,0.4964465101406387,0.0569862429113135,364.1417199585254,0.5003810384399435,1.6611344
0.002264169,0.02823077,0.00392167,89636.375,0.0050617876,284.019,17.515587,-19.891586,30.191126,1.0266428,0.0500683728451387,0.0569548380133893,0.0860660305272626,40.174308590165445,0.1147085748460459,3.0189002301766195
-0.00029804165,0.008913846,-0.00014174538,48444.26,0.99999833,159.1665,-83.32718,2135.3914,-41.580814,0.07376054,0.0867258714233927,2.222832019211649,0.0432695974602745,2137.42106619487,2.2249440038956165,0.2200207847616693
0.00025366183,0.015203077,-0.00041642482,95299.17,0.99995625,192.0505,57.384075,1715.6038,-79.848625,0.12029175,0.0543762984255272,1.6259111183265924,0.0756469743758305,1718.4193706870385,1.6285779721157687,0.3250667997750489
-0.00015293711,0.02576,2.2551406e-20,87240.69,0.99999684,192.01088,-14.259516,1691.495,-0.73222375,0.11016138,0.0135121393610223,1.6029491109705714,0.0040225162256214,1691.555262169455,1.603011107543626,0.1019580733333333
-0.0026657272,0.015652308,-0.00153905,96934.8,0.11240889,276.53464,16.637476,130.30388,14.81959,0.48985577,0.0313681478246065,0.2465601518558908,0.0279309428225433,132.19503394028487,0.2501119884133955,2.0520749831783918
1.5513156999999998e-19,0.014978462,0.0036853154,98244.65,0.023533674,292.28738,0.3214437,60.430477,-20.33835,0.89358175,0.0064838472385236,0.1531605611114154,0.0521202722732245,63.762013434507374,0.1619157822351211,2.456876933333333
-0.0033619737,0.026433846,-0.0009008322,87697.96,0.40932086,252.68262,-4.100265,56.222588,0.7927613,0.187152,0.0228191068349717,0.0700559970039119,0.007161259642958,56.37747817140056,0.074025927840398,2.32037983596063
0.00021488206,0.039686155,0.0008019567,160762.5,0.94824886,237.12137,65.168274,496.012,283.12,0.173454,0.057063156551372,0.4333253079012568,0.2479007880355986,574.8319254183252,0.502475697931747,0.5534975051172251
-0.0019461956,0.034295384,0.0033709237,95903.586,0.0017418248,290.02124,-21.480024,-6.8160415,38.41509,1.1211925,0.0620437108561002,0.0196922760940337,0.1109704912016237,44.537276437591,0.1286532460223552,2.594935572283576
-0.0018289352,0.01947077,-0.0010559278,85196.86,0.117427,294.56226,-6.464115,403.026,-1.3975327,0.392827,0.0444617951409863,0.7328524373782334,0.0369953172885128,403.0802582071972,0.7351314166185895,1.407912163392128
-0.001331215,0.030252308,0.00035669186,92412.04,0.99148464,233.698,-2.7653813,660.95215,19.387424,0.09665003,0.0023871226034864,0.5700934823883974,0.0167178600978554,661.2422129089405,0.5703435489793021,0.9187823969714264
0.0018426349,0.04485231,0.0031915514,99194.234,7.484328e-36,295.94885,0.19760552,2.1345737,0.3394406,1.1625775,0.0005715577970327,0.0061740863441425,0.0009818063283164,2.170408427737627,0.0062777355922814,2.4568546932603774
0.0012458276,0.012507692,-0.0021578514,100652.79,0.045990475,326.63638,-0.54696,162.06924,-1.5360599,0.6648068,0.0066763727226107,0.3519788851165361,0.0134340708123494,162.07744198202164,0.3522984299982078,1.6611119533351038
-0.0038924366,0.06327077,1.5418135999999998e-19,98370.0,0.0,295.4,-1.0197985e-12,3.0529103e-13,9.813637e-14,1.15506,2.95296989484552e-15,9.062474332630322e-16,7.880286397428143e-16,1.0690286903154134e-12,3.187837001356046e-15,2.5949577333333336
-0.00016102531,0.048895385,0.0005830067,98370.0,0.0,295.4,-4.854565e-10,7.0157895e-08,1.7668652e-09,1.15506,1.4057074812596433e-12,2.0315205132717327e-10,5.116206475515063e-12,7.018181895248504e-08,2.0322132649075344e-10,0.4032236559999844
1.6060752e-19,0.01408,0.0024917016,101087.77,0.05372551,316.75125,-0.010749519,193.11874,-2.8584223,0.64627516,0.0035879787430517,0.4117010836942172,0.0114083924278286,193.13989342646147,0.4118747471310189,1.6611344
-0.0009705788,0.00868923,-0.00026006208,87924.35,0.99857575,197.50874,-65.2268,1445.7375,-12.308709,0.10809562,0.0609990649126323,1.3535433113165596,0.0115263775650085,1447.2605013133386,1.3549661393960308,0.6698774323920479
-0.0011165227,0.061024614,-0.0041669416,98370.0,0.0,295.4,3.1230712e-13,-3.1599788e-13,1.5645674e-12,1.15506,1.2903694113334177e-15,1.9182449341474962e-15,4.8759527740038006e-15,1.6264260040069296e-12,5.396260955458218e-15,2.8759558980875943
0.004149602,0.009812308,0.004149602,98077.39,1.687824e-08,295.9474,-4.978345,0.23166516,-4.875945,1.1494963,0.0144021426546418,0.0006710761817033,0.0141059073615506,6.972261277979176,0.0201704902959484,3.912282284567013
-0.001007429,0.016326154,-0.0037597984,95160.125,0.03715139,287.28174,6.9944973,36.401886,22.8108,0.78163826,0.0169457834966667,0.0870070856265832,0.0554408875248111,43.5241644776405,0.1045518270384895,2.5949521253287604
0.0019924412,0.02284,0.0011503282,82143.77,0.21200162,274.258,-21.888134,433.12988,-26.886692,0.27787724,0.0578009056670301,0.673293761001252,0.0468054796009878,434.515221327768,0.6773892427694866,1.533779196505254
0.00023684214,0.033396922,-0.0008839167,94242.9,0.99974674,221.89737,13.428825,1014.3176,2.2005079,0.10301313,0.0118383719972466,0.8946236346494567,0.00209828067621,1014.408876758114,0.8947044190718776,0.6100648168910395
0.0058684936,0.043504614,-1.4511581e-19,112788.75,1.7436963e-37,304.58362,10.178049,34.468014,-0.0070119873,1.284255,0.0290048739916223,0.0982257145706585,0.0038319082694327,35.93934779205881,0.1024902787544833,3.9123290666666666
0.0012849732,0.009363077,-0.004795607,98074.3,3.7083234e-06,296.5345,-1.3088105,-1.2292649,6.5962787,1.14713,0.0037822286838151,0.0035524634386323,0.0190636368184157,6.836297960691587,0.0197572138482111,3.309850793761437
-1.7975756e-20,0.013181538,0.0009151009,95741.61,0.99937564,206.43762,-4.725505,1319.1162,-62.781773,0.1125325,0.0070452301861995,1.2070533815069433,0.0574311555937592,1320.6178215217938,1.2084394228543514,0.6100672666666667
-0.000848475,0.026658462,-0.000848475,87441.64,0.99747074,226.91675,-9.314774,844.3241,-3.942655,0.09366011,0.0090855676802117,0.7370190201712914,0.0066505963475375,844.3846844797282,0.7371050224127496,0.7999499015563412
-0.00410197,0.041932307,1.5322009e-19,126614.875,2.5200736e-20,312.60663,-24.877962,70.48608,0.14276749,1.40488,0.0700269257437928,0.1984048936400844,0.0092939947716491,74.7477146780826,0.2106054379361447,2.7346466666666664
-1.0156928e-19,0.02823077,-0.0010996894,88737.5,0.9989,224.603,-4.7239413,861.1114,0.2909483,0.095898,0.0041437574519841,0.7550548680584545,0.0023258026263107,861.1244065071429,0.7550698205215511,0.7331262666666666
-0.0004982899,0.024412308,-0.0018596658,81988.1,0.253585,268.8651,-37.145496,521.9511,-68.54316,0.25233024,0.0504338682009467,0.766309310106859,0.0963884409370404,527.7413224744502,0.7739924194489465,1.2835107603984124
0.00019411351,0.045975383,0.0007244437,98396.21,3.4707e-41,295.41724,0.00065582065,0.06935589,0.0023951852,1.1553025,1.8989529726507087e-06,0.0002008225481947,6.93534741656951e-06,0.0694003349455848,0.0002009512401792,0.4999994352148855
0.0004505431,0.058329232,0.0016814725,98370.0,0.0,295.4,2.4554512e-13,1.04535e-14,-2.3797712e-13,1.15506,1.3450478157818186e-15,7.080855070885591e-16,1.801788732626944e-15,3.421034803411956e-13,2.3573250410390403e-15,1.1605245659162278
0.00040334585,0.06124923,0.0015053301,98370.0,0.0,295.4,-2.5645115e-14,6.863593e-14,-1.8429095e-13,1.15506,1.1464915501706706e-15,5.416508991378403e-16,1.290350834025305e-15,1.9832225558981177e-13,1.809097522528672e-15,1.038953872289757
0.00031432978,0.062596925,0.0005329707,98370.0,0.0,295.4,5.619188e-14,1.2749024e-13,-6.171612e-13,1.15506,1.0216612127605313e-15,4.3459969962032727e-16,2.371685195002625e-15,6.326920542085477e-13,2.618694177784805e-15,0.4125050721052952
-1.2490008e-19,0.029129231,0.00075,89253.31,0.9998765,206.70462,-4.726645,1359.32,19.641638,0.104717,0.0043175381672064,1.2419298605440685,0.0179313473967927,1359.4701164484193,1.2420668069255774,0.5
-0.0010622129,0.014529231,0.0002846142,102358.625,0.993733,225.09601,-24.724525,828.9882,5.5464573,0.11091612,0.0217116565381091,0.7279514893481951,0.0048708769470938,829.3753680115515,0.7282914885649275,0.7331216324027761
0.00410197,0.012956923,-1.5322009e-19,99503.86,0.0017664077,298.3926,-13.76695,18.505238,-0.2325365,1.1301887,0.0392126940526767,0.0526502064980545,0.0027613328520131,23.065706556768998,0.0657061989334051,2.7346466666666664
-0.0023251872,0.003972308,-0.0013424391,97870.79,0.0002206435,299.73376,16.3995,11.538318,9.602253,1.1292913,0.0470729852661209,0.0330984298236303,0.0275652252386001,22.23240079692549,0.0638060627300335,1.7899271558427734
0.00041642482,0.03901231,-0.00025366183,123774.375,0.99996114,219.7235,55.513687,1091.7125,-38.460564,0.13651025,0.0490788337126229,0.967649083116139,0.0340086854403159,1093.7994181218887,0.9694895928577438,0.3250667997750489
-0.0018289352,0.045526154,-0.0010559278,98493.46,6.951116599999999e-37,295.48236,-0.029914288,0.32475,-0.01736766,1.1561912,8.660643413414086e-05,0.0009402007885784,5.028204211618269e-05,0.3265869910765316,0.0009455191595289,1.407912163392128
-0.0008703744,0.03901231,-0.0015075472,112506.625,0.72653526,236.17825,-169.19287,33.374187,-283.3549,0.17447138,0.1784834828218422,0.0554574772617927,0.2996142809025335,331.7077975730415,0.3531297250943332,1.160507581746156
-0.002973254,0.04709846,0.000796675,98370.05,0.0,295.4,-2.0703375e-05,0.00014850979,5.5281175e-06,1.15506,5.994952927509804e-08,4.30030954698484e-07,1.6007440550808112e-08,0.0001500478175293,4.344845293128204e-07,2.0520916596531995
0.00015012702,0.06731384,-0.00015012702,98370.0,0.0,295.4,1.8463322e-13,-7.137594e-14,-2.3110225e-13,1.15506,1.3811780348980644e-15,3.5722059158745533e-16,2.2349617060213607e-15,3.042896657685149e-13,2.6514737680242815e-15,0.1415411118417712
0.0007244437,0.046424616,-0.00019411351,98373.48,0.0,295.402,0.00031345175,0.009176715,-8.479364e-05,1.155095,9.076397424477364e-07,2.6572355459181484e-05,2.455308492325388e-07,0.0091824582848051,2.658898587665741e-05,0.4999994352148855
-2.1064273e-19,0.006667692,-0.0036853154,97871.77,0.00012845035,298.72287,0.3105775,0.83413047,12.2343,1.1344962,0.0044426753605897,0.0031097193357585,0.0351976472999721,12.26663476730634,0.035612948405882,2.456876933333333
0.002039934,0.040584616,-0.00054659264,138286.0,4.599366e-06,318.928,61.071026,117.611626,-14.807444,1.50386,0.1701843307963208,0.3277373405735978,0.0412628525080977,133.34701040844408,0.3715872627687216,1.4079290131187046
0.002705682,0.007566154,-0.0046863924,97858.31,8.8311324e-08,296.06912,-3.5295687,-1.4894212,6.066424,1.1464562,0.0102088952451863,0.0043079221281744,0.0175462001204007,7.174798315409649,0.0207520811933346,3.607583913671109
0.0017618468,0.027332308,-0.0017618468,90640.04,0.38154626,264.30725,-25.06589,400.92825,49.978024,0.1998505,0.0342556601707386,0.5041053730884713,0.0635428005550266,404.80805744512935,0.5092478423447425,1.6610850929224252
-0.00040334585,0.024187692,0.0015053301,92866.484,0.63880664,250.78525,-34.756268,657.1969,121.3547,0.15111975,0.0370040353566205,0.6900442673867232,0.1340705819053668,669.2105249822271,0.7039213809214757,1.038953872289757
0.0038263933,0.0316,0.0038263933,95357.48,1.8983212e-07,293.83325,21.036562,-5.37591,20.965588,1.1256588,0.0610742421659943,0.015608540844342,0.0608722104158634,30.182664383610803,0.0876305631863287,3.607558199889029
-0.00084845215,0.04485231,-0.0031664888,99480.92,4.614727e-33,296.13913,-0.12334491,2.885425,-0.46245974,1.1651875,0.000356632180239,0.0083426830730063,0.0013371187391092,2.924852202858937,0.0084566798385113,2.185459257238885
0.0004526625,0.009812308,-0.0004526625,85977.9,0.99993813,182.7135,-147.60526,1776.8612,146.96237,0.114066124,0.1433694486185558,1.7266149965491409,0.1427638083181386,1789.0279413807723,1.7384290753640417,0.4267742977851408
-0.0029342247,0.041932307,-0.00508224,122811.375,1.0573394500000001e-29,310.45612,-11.429537,58.4965,-19.876362,1.3721225,0.0322835896294521,0.1652261420274197,0.0561418999958803,62.82948825702317,0.1774649855711693,3.912307532088964
0.003480578,0.022166153,-1.00559694e-19,89497.73,0.42899173,253.34799,-12.994738,113.53949,-7.136816,0.18294138,0.0154905889269616,0.1360567456743192,0.0085592676618965,114.50333247450313,0.1372029790190375,2.3203853333333333
-0.0004526625,0.015427692,-0.0004526625,91241.31,0.9999125,192.45837,-58.2276,1664.3387,-58.46266,0.114946626,0.0551143690027347,1.5757946216481291,0.0553382644767109,1666.382802459785,1.5777289395840577,0.4267742977851408
0.002050962,0.018572308,0.0035523847,93003.125,0.05871404,281.19598,-2.574188,25.757626,-4.43842,0.66569173,0.0072693302488728,0.0560147164602756,0.010142882320258,26.26368810947198,0.0573878879569099,2.7346242628142687
-0.0015053301,0.030926153,0.00040334585,93804.2,0.96541524,238.97824,-9.765387,573.0171,11.032203,0.098375686,0.0084770329649457,0.4947383335344478,0.0095295685219044,573.2064804053623,0.4949027090575934,1.038953872289757
0.0030781461,0.020144615,-1.8567266e-19,93072.484,0.5962296,250.12575,0.48908758,201.44037,-8.723622,0.14467062,0.021024157809359,0.2114714840902203,0.0092099659848618,201.6297682714452,0.212713486333978,2.0520974
-0.004491879,0.0024,-0.0025933797,97956.4,5.4797694e-11,295.3425,7.979949,0.58634037,4.614116,1.1504325,0.0231092546196992,0.0016980033787145,0.013362196672803,9.236527893832658,0.0267482553538521,3.4578474498201968
-0.0010392044,0.031375386,0.00059997645,93632.06,0.9987971,231.14163,-0.06079501,706.8854,12.979555,0.09833446,0.004371088889483,0.6110503482635258,0.0112182881371531,707.004555344017,0.611168949243811,0.799977090098061
0.0008019567,0.03564308,-0.00021488206,93102.19,0.9998584,216.29651,14.263113,1177.2075,-1.4057531,0.104388125,0.0127345168553666,1.0514067264104627,0.0013327106152717,1177.2947424457814,1.0514846876575472,0.5534975051172251
0.0011165227,0.023513846,0.0041669416,89075.92,0.05283105,273.17487,5.6366177,-13.687323,14.8385,0.687927,0.0130820159653956,0.0323018099793162,0.0345447732767358,20.9593738516274,0.0490702295735387,2.8759558980875943
0.00045,0.06596615,-4.1633363999999997e-20,98370.0,0.0,295.4,-1.9500838e-13,2.6238036e-14,-1.2425174e-13,1.15506,2.0738935420616888e-15,2.585655982997727e-16,9.938489957494969e-16,2.327126934578114e-13,2.314222638118809e-15,0.3
0.000644892,0.06956,-0.0024067922,98370.0,0.0,295.4,-5.521575e-13,-6.0125787e-16,6.060724e-13,1.15506,2.1409931598751106e-15,2.2533012718049768e-15,1.883984378548624e-15,8.198792718193555e-13,3.634641037401793e-15,1.6611287174214255
0.0018426349,0.0462,0.0031915514,98372.27,0.0,295.4015,0.0005207973,0.0059417523,0.00089984026,1.155085,1.508037132149211e-06,1.7205128228342216e-05,2.605606132685789e-06,0.0060320280765062,1.7466533619019223e-05,2.4568546932603774
-0.0050100614,0.06574154,0.0013424361,98370.0,0.0,295.4,3.3503487e-13,-7.659866e-14,-1.0553958e-13,1.15506,2.816220633092373e-15,5.768481628130997e-16,8.316665308562828e-16,3.595195707834121e-13,2.992577764360114e-15,3.4578638180467665
-0.0024917016,0.0037476923,1.6060752e-19,97837.75,0.00024829726,300.8255,18.905624,16.03435,-0.052826285,1.1244226,0.0541668282263927,0.0458940690042961,0.0070815958681718,24.78963068236925,0.07134745860869,1.6611344
0.0029004794,0.023513846,-0.0029004794,92921.81,0.18247573,263.50488,42.45291,4.9755797,-31.304625,0.39144063,0.0695106959758436,0.0089017545255509,0.050574631061651,52.9809919424861,0.0864220538734265,2.7345982032425185
-0.0028803973,0.05743077,1.8657987e-19,98370.0,0.0,295.4,4.576845e-13,9.346842e-14,4.3812664e-14,1.15506,1.325289736034698e-15,4.914243867889437e-16,6.887551149527691e-16,4.691811980507354e-13,1.572346787685023e-15,1.9202648666666664
-0.0015188704,0.029353846,0.0056685233,92736.664,8.554414e-08,292.06076,-6.3720765,-14.556963,25.175499,1.1013638,0.0185595558964538,0.0423927160828808,0.0733132627405024,29.771030895893112,0.0866973701193713,3.9123237593043534
0.00014174538,0.041932307,0.00029804165,142514.25,2.015925e-07,320.9955,3.1145864,119.874374,6.027051,1.5399462,0.0086508063936356,0.332972282624666,0.0167403289897234,120.06619646716366,0.33350504653187,0.2200207847616693
0.0017618468,0.052489232,0.0017618468,98370.0,0.0,295.4,-1.894405e-13,-2.01301e-14,-7.5494526e-13,1.15506,2.6957174497518007e-15,6.268608396342038e-16,2.864523157927656e-15,7.786111157456769e-13,3.983131933976965e-15,1.6610850929224252
-7.63982e-20,0.03699077,0.00083024846,92870.85,0.99971026,216.92775,4.03827,1159.5525,-5.0573435,0.10384137,0.0036053714731861,1.0342470127071322,0.0045129251834385,1159.5705604249015,1.034263142769188,0.5534989733333333
0.0011503282,0.067763075,-0.0019924412,98370.0,0.0,295.4,-3.4634017e-13,-3.9155938e-14,2.2279826e-14,1.15506,1.7605937139565265e-15,5.343283730962808e-16,1.895420073210494e-15,3.492579154190769e-13,2.641555278590291e-15,1.533779196505254
0.00071900955,0.008015385,-0.0004151182,87918.586,0.99960697,186.92062,220.75864,1645.5425,-128.66872,0.114045255,0.2120862184016728,1.5816180169093823,0.1236968588147159,1665.262782850604,1.600561472836616,0.5534930905771464
-3.469447e-20,0.029129231,-0.0003036618,88786.58,0.999992,196.636,-3.6034212,1599.7576,-1.5403104,0.10947925,0.0033770969281823,1.498102425110294,0.0018176449443401,1599.7623998451247,1.498107334184754,0.2024412
0.001007429,0.066415384,0.0037597984,98370.0,0.0,295.4,-5.15919e-13,4.4208037e-13,-1.9275163e-13,1.15506,1.7117629357865845e-15,1.451188959518749e-15,3.279696107913824e-15,7.06229891018494e-13,3.973976384533117e-15,2.5949521253287604
-0.0023251872,0.03901231,0.0013424391,111334.125,0.00088389986,302.70724,-85.11527,49.826286,51.5243,1.2610388,0.242012709420642,0.1417040110986728,0.1465113125722956,111.27453192090586,0.3164107188358666,1.7899271558427734
-0.0012849732,0.007566154,0.004795607,97844.81,9.347346e-07,296.34738,2.2254126,-1.9849862,-7.917466,1.1452112,0.006433896356048,0.005738428356554,0.0228891585173621,8.460431390631639,0.02445890757897,3.309850793761437
-0.0015188704,0.05204,0.0056685233,98370.0,0.0,295.4,1.9473435e-13,1.0738675e-13,-5.6318725e-13,1.15506,7.359310747269526e-16,2.252994306229212e-15,2.399003325826476e-15,6.055024853029486e-13,3.3723574614765424e-15,3.9123237593043534
0.0012458276,0.053163078,-0.0021578514,98370.0,0.0,295.4,-5.1684514e-13,-6.1492735e-14,4.0907162e-13,1.15506,2.17017800875012e-15,7.884413940726835e-16,3.013765556104964e-15,6.620044150070485e-13,3.796589950036029e-15,1.6611119533351038
-0.0031915514,0.013181538,-0.0018426349,100054.75,0.0052073225,301.33087,9.08237,39.943974,7.5756063,1.0774913,0.0252440196959232,0.1105581685240305,0.0210480550196066,41.65813623462019,0.115340321561475,2.4568546932603774
0.0002846142,0.022166153,0.0010622129,89210.27,0.99758923,220.53262,7.1194987,862.7865,9.419006,0.09830722,0.0063070090742636,0.7639477473025027,0.0083497954190282,862.8672838380288,0.7640194094756827,0.7331216324027761
-0.002264169,0.023513846,0.00392167,88392.7,0.019271426,279.83774,-3.5903974,-18.341738,12.30716,0.88231677,0.009714219961885,0.0492465927091174,0.0324906911832308,22.37803596422552,0.0597932937417705,3.0189002301766195
-0.00059997645,0.033846155,-0.0010392044,94178.04,0.9981041,231.8425,6.860705,661.57587,-3.2222512,0.09866804,0.0059228266075882,0.5711716235907756,0.0027821683139264,661.6192892760533,0.5712091070097475,0.799977090098061
0.0018289352,0.030027693,0.0010559278,92792.96,0.2478375,280.63364,36.625576,428.65564,30.3264,0.267085,0.0521600978703522,0.6135712340193749,0.043385039230558,431.2850345862946,0.617310778016179,1.407912163392128
-0.00016102531,0.06439385,-0.0005830067,98370.0,0.0,295.4,7.2066254e-14,2.0979517e-13,7.2408057e-13,1.15506,1.4042965720534734e-15,6.525597072863044e-16,2.7016023939045202e-15,7.572979797757592e-13,3.113926545152496e-15,0.4032236559999844
0.0008019567,0.04283077,-0.00021488206,133812.38,8.217734e-13,316.49524,6.5558815,89.67818,-1.409824,1.4664975,0.0183392635380085,0.2508694033512367,0.0039438188848116,89.92854471226262,0.2515697514255604,0.5534975051172251
-0.001007429,0.028904615,-0.0037597984,91307.64,0.08264269,264.74152,-15.278003,-13.44948,-62.454323,0.60634786,0.0320672773810134,0.0285417164893081,0.1322977704406466,65.68750527556011,0.1390886045740373,2.5949521253287604
-0.0031915514,0.04283077,0.0018426349,127052.75,1.2272247e-22,312.83188,-15.124487,69.58451,8.830405,1.4087262,0.0425569876577504,0.1957965903351659,0.0248471639510705,71.7546527510049,0.2019029062242296,2.4568546932603774
0.0009705788,0.028904615,-0.00026006208,89366.95,0.9995698,221.534,12.867965,935.92926,-2.166522,0.097859964,0.011328140610396,0.8262368276121369,0.0030104727943713,936.020223106833,0.826319965279009,0.6698774323920479
1.0156928e-19,0.055184614,0.0010996894,98370.0,0.0,295.4,-7.527566e-14,-1.5596987e-13,-2.7373625e-13,1.15506,1.0725580129347085e-15,9.687129964277473e-16,2.271492424537556e-15,3.2392060740297925e-13,2.6922970481152296e-15,0.7331262666666666
-0.0045836214,0.04754769,-0.0012281717,98370.0,0.0,295.4,-8.539919e-07,4.2559336e-06,-2.2859058e-07,1.15506,2.4728533967775062e-09,1.2323653924319706e-08,6.619161222031374e-10,4.34678348047603e-06,1.2586722485269428e-08,3.163541676540452
0.0007244437,0.037215386,-0.00019411351,93239.914,0.9998902,211.867,2.974885,1269.0062,-7.391214,0.10672375,0.0026848575014618,1.1451109471864165,0.0066661167290668,1269.0312114458009,1.1451334974308542,0.4999994352148855
0.0010559278,0.05204,0.0018289352,98370.0,0.0,295.4,-1.6398375e-13,4.3955876e-13,2.1726363e-13,1.15506,1.93063036012485e-15,3.920737033388801e-15,2.233421624452975e-15,5.170164974907251e-13,4.90792060092626e-15,1.407912163392128
0.00014174538,0.049344614,0.00029804165,98370.0,0.0,295.4,4.404517e-11,7.588189e-09,9.299642e-11,1.15506,1.275389804593393e-13,2.197266645395377e-11,2.692842131355731e-13,7.588886651601415e-09,2.1974686602445237e-11,0.2200207847616693
0.0006470514,0.049344614,-0.0006470514,98370.0,0.0,295.4,2.0323246e-10,6.9949677e-09,-2.0472632e-10,1.15506,5.884881131990785e-13,2.0254911239910388e-11,5.928137938613516e-13,7.000913470608081e-09,2.027212805282704e-11,0.6100459102883323
-0.001007429,0.06349538,-0.0037597984,98370.0,0.0,295.4,3.3402274e-13,5.4658903e-13,-4.8877426e-15,1.15506,1.2986882363204442e-15,1.873225368054548e-15,2.9777600937205146e-15,6.405892978977814e-13,3.750015945357381e-15,2.5949521253287604
-0.0009151009,0.015203077,-1.7975756e-20,97083.484,0.99937403,208.13213,-78.75329,1257.485,1.2464137,0.11318125,0.0717371283768912,1.1457326301619717,0.0090434116899695,1259.9492686048654,1.1480118721949817,0.6100672666666667
0.0024944716,0.039686155,0.0014401756,122434.125,2.5004697e-06,310.48325,66.72699,73.486824,39.253674,1.367695,0.1884687969534388,0.2075373267798453,0.110870871615848,106.74106716051396,0.3014706944378817,1.9202423830851167
0.0004982899,0.009587692,-0.0018596658,98818.33,0.0692529,344.5685,11.88482,293.8051,-31.640812,0.5522879,0.0229688310772973,0.5750704553632467,0.0612338051969042,295.74283882532427,0.5787773101389184,1.2835107603984124
0.0007924895,0.03362154,-0.00045754042,94143.61,0.9997414,222.00575,10.492435,1009.5576,9.249554,0.10285337,0.0092514818682102,0.8901872000216616,0.0081504499107782,1009.6544919719756,0.8902725823212302,0.610057499491838
0.0029004794,0.053163078,-0.0029004794,98370.0,0.0,295.4,2.1618238e-13,4.3007313e-13,2.6678126e-14,1.15506,1.1667516313603922e-15,1.582323800435607e-15,1.7587573458806972e-15,4.820886235717798e-13,2.6378562091964818e-15,2.7345982032425185
0.0019924412,0.0030738462,-0.0011503282,97638.484,3.908555e-05,298.0829,-19.079338,15.889925,11.01868,1.1355762,0.0549874674251501,0.0457776509242213,0.0317562368202913,27.164722784638705,0.0782794575540622,1.533779196505254
0.0011019303,0.06731384,0.0011019303,98370.0,0.0,295.4,6.6596e-13,2.2254674e-13,5.1767575e-13,1.15506,3.0842552654959977e-15,6.444153283386433e-16,2.8773284645630855e-15,8.723634307000094e-13,4.266956848987643e-15,1.0389098500332354
0.0009626141,0.04283077,-0.0016673111,131715.0,7.453926e-16,315.37512,6.710055,83.21871,-11.140379,1.44864,0.0188043580751705,0.2332133148167845,0.0312196201660765,84.22877522812954,0.2360438916256168,1.2834938790837072
0.0006890677,0.059676923,0.0011935149,98370.0,0.0,295.4,2.9844936e-13,1.632405e-13,-1.0435422e-13,1.15506,1.8676761167600306e-15,8.249542176686931e-16,1.6825474501999476e-15,3.5582198436362533e-13,2.6457001834182837e-15,0.9187653821431114
-0.0008839167,0.038787693,0.00023684214,104108.25,0.99894714,228.843,-62.530563,939.18066,16.147663,0.110411376,0.0542460689064469,0.8159143785655036,0.014005309263281,941.3984971559568,0.8178355933983891,0.6100648168910395
0.0024067922,0.03362154,0.000644892,95408.83,0.889134,240.58563,6.7161536,184.52287,-0.9384635,0.107398875,0.0166229481063924,0.1658206631110369,0.0039561073770961,184.64743969510252,0.166698726761517,1.6611287174214255
-0.001007429,0.03564308,-0.0037597984,96546.2,0.0006789775,292.7995,-12.782283,-6.487481,-49.1422,1.13352,0.037008801435415,0.0187777629221624,0.1422815700616011,51.190135663596855,0.1482103267091777,2.5949521253287604
-0.0003036618,0.03699077,2.8622937e-20,92714.64,0.99998134,203.6525,8.233549,1431.4587,-3.2424486,0.11038625,0.0075797228834921,1.3172021127773623,0.0029836668087612,1431.4860511397758,1.31722730019225,0.2024412
-0.0005969555,0.0013238153,-0.0022585439,97796.65,4.886846e-08,295.75323,2.9778326,7.7397513,12.051826,1.1469587,0.0086177206941855,0.0223981794934555,0.0348769541566006,14.629345409612505,0.0423361014481218,1.5574018845082929
0.0004526625,0.05540923,0.0004526625,98370.0,0.0,295.4,-5.2339453e-13,1.6717803e-13,-9.0607003e-13,1.15506,1.898494110721835e-15,4.949808534805207e-16,2.651464690554303e-15,1.059647690042687e-12,3.2984164289874046e-15,0.4267742977851408
0.002372638,0.056981537,-0.0041095437,98370.0,0.0,295.4,-1.47852e-13,3.019477e-13,1.204591e-13,1.15506,1.93160717602502e-15,9.322059796057969e-16,2.6321851852582608e-15,3.5713165949282625e-13,3.3953664191626238e-15,3.1635254947783733
0.0007775554,0.014304616,0.0007775554,103081.0,0.99122286,225.86375,2.8666475,813.8403,1.0541451,0.111579,0.0068227692949859,0.71419292805058,0.0064708850189921,813.8460313805499,0.7142548291830042,0.7330862614509579
0.00026006208,0.063944615,0.0009705788,98370.0,0.0,295.4,-1.0741137e-13,-3.139005e-13,6.5442145e-14,1.15506,1.347569184527719e-15,1.2537152973355233e-15,2.291762978768558e-15,3.381617965526679e-13,2.939374475073895e-15,0.6698774323920479
0.0020366963,0.046873845,0.0020366963,98370.2,0.0,295.4,4.6825964e-05,0.00048333063,4.671961e-05,1.1550651,1.3559115308324352e-07,1.3995516933869612e-06,1.352832005654061e-07,0.0004878359260645,1.4125974117249309e-06,1.9202156865967344
0.0006470514,0.0044215387,-0.0006470514,62144.9,1.0000175,153.85612,140.1879,2092.7124,-142.5214,0.09770972,0.1490315325278084,2.21743335888457,0.1515266622571439,2102.2393264988,2.2275954363744965,0.6100459102883323
-1.6148376e-19,0.0073415386,-0.0023007027,97824.414,0.0075008087,354.65274,0.20126924,137.24675,-4.4373984,0.87080836,0.0027436300234558,0.3454951949631839,0.0114650381463661,137.3186127203075,0.3456962602459733,1.5338018
-1.5418135999999998e-19,0.03744,-0.0038924366,101092.875,1.3455295e-05,297.5829,0.6414925,11.567938,-58.704426,1.1781125,0.0226213861073181,0.0333677313777279,0.1693482159603239,59.83676406849619,0.1740803000217344,2.5949577333333336
0.0012849732,0.01655077,0.004795607,95620.21,0.00049595424,294.80402,-4.97322,-5.1548123,-18.634874,1.117695,0.0143802830217111,0.014904121634815,0.0538379045876002,19.964056101216187,0.0576840129661019,3.309850793761437
-0.0007244437,0.051815383,-0.00019411351,98370.0,0.0,295.4,-5.363802e-13,-2.030455e-13,-5.97457e-13,1.15506,1.603626185497085e-15,9.691802583999852e-16,1.7300206499698161e-15,8.28182383820913e-13,2.5502742529787218e-15,0.4999994352148855
0.0037359586,0.03923692,-0.0021569484,113990.625,5.6501015e-12,305.49963,44.251125,44.3315,-24.493513,1.2942213,0.126000574202105,0.1262234120800512,0.0697424892465085,67.25604905952173,0.1915006769248869,2.875939503395293
1.4617036e-19,0.030476922,0.0056386283,94036.33,1.4367448e-07,292.941,-0.030143708,-9.701883,28.604713,1.1134425,0.0108873428367126,0.0282118016332839,0.0831749218310333,30.20524868629937,0.0885014553950293,3.759085533333333
-0.000530325,0.045975383,0.000530325,98396.25,2.76869e-40,295.41724,-0.0017656109,0.06935685,0.0017720242,1.1553025,5.112391980259395e-06,0.0002008253378021,5.130961791477047e-06,0.069401945891582,0.000200955914628,0.4999952049770078
-0.0005329707,0.046649233,0.00031432978,98371.29,0.0,295.4005,-8.4046565e-05,0.0033441386,4.75842e-05,1.155075,2.433683226058954e-07,9.683411176046338e-06,1.377865607640274e-07,0.0033455330004631,9.687448853085847e-06,0.4125050721052952
-0.0012308755,0.020593846,-0.0012308755,82374.1,0.33330992,265.94202,-128.08038,529.9491,-130.87251,0.249185,0.1700464707231112,0.7795046092472036,0.174281923613894,560.6944321156172,0.8166501251708596,1.160480550461843
-0.0031915514,0.03496923,0.0018426349,95415.11,0.004141234,286.70474,-43.49534,-9.349402,26.815475,1.0950363,0.1244219381534632,0.0267469773450798,0.0767191148688364,51.94540998922647,0.148600276168048,2.4568546932603774
1.5183822e-19,0.0062184613,0.0013781823,101611.61,0.69125575,260.4295,-1.2095498,762.71185,37.727837,0.14022112,0.0156401787090087,0.7413431973347387,0.1042345023525577,763.6453488536677,0.7487984928572096,0.9187882
0.0024944716,0.04036,-0.0014401756,129221.5,1.3218975e-08,314.13925,51.578598,88.79835,-28.250937,1.4267938,0.1448314755747696,0.2493338434817827,0.0793281646056232,106.5064043884032,0.2990593244195205,1.9202423830851167
-0.00071048376,0.010486154,0.00071048376,100538.39,0.9946121,217.439,53.106712,1008.23627,-58.218212,0.11269425,0.0475350072028243,0.9009183189149036,0.0521034987122339,1011.3110595714064,0.9036748136604696,0.6698505128252208
0.0003036618,0.017,-1.7564074999999998e-20,94531.19,0.99999076,190.45775,-51.06714,1772.915,4.167965,0.12032025,0.0485797801438661,1.6870811241905626,0.0115290169447957,1773.6552150700036,1.68781978684652,0.2024412
-0.0004982899,0.067763075,0.0018596658,98370.0,0.0,295.4,-2.7721662e-13,-1.7783866e-13,-4.5375975e-13,1.15506,1.0770960945462204e-15,5.149568215403498e-16,2.2900614602968603e-15,5.606902479220434e-13,2.582575849200687e-15,1.2835107603984124
0.00025366183,0.047996923,0.00041642482,98370.0,0.0,295.4,7.194375e-08,5.8665664e-06,1.0872165e-07,1.15506,2.0832323316748992e-10,1.6987466466533444e-08,3.1481880746251757e-10,5.868014794285351e-06,1.6991660495743425e-08,0.3250667997750489
-0.0013496222,0.06619077,-0.0007791963,98370.0,0.0,295.4,-2.8793575e-13,-4.0572638e-14,-5.327504e-13,1.15506,2.0033227806514085e-15,4.751747780171676e-16,1.9695549338171146e-15,6.069399671981583e-13,2.8492525108287428e-15,1.0389368404857235
0.00508224,0.017224615,0.0029342247,95002.914,7.9006725e-07,293.3015,-12.307187,-12.87135,-7.4337726,1.123495,0.0357648779759587,0.0374040082443293,0.0216013390797433,19.297654721338027,0.0560785536494577,3.912307532088964
-0.0039870623,0.03204923,0.0039870623,95877.71,1.653791e-08,294.17514,-20.24675,-4.6663413,20.066175,1.1304862,0.0587496990415553,0.0135402450956721,0.058224787283075,28.88523854534026,0.0838152207470906,3.759038385790977
-0.0008839167,0.012058461,-0.00023684214,94128.625,0.9992011,202.61375,-92.52205,1355.6338,-25.306276,0.112738,0.085491729394661,1.2521002254549736,0.0233556884683483,1359.023081865658,1.2552327666863687,0.6100648168910395
0.00095382205,0.03788923,-0.0035597347,102981.625,1.8036495e-05,298.8075,17.717875,17.779263,-62.435364,1.195125,0.0510043963835898,0.0511767480508878,0.1797365544780037,67.291901185442,0.1937156085790269,2.4568713291004243
-0.0011019303,0.061698463,0.0011019303,98370.0,0.0,295.4,-9.432485e-13,-1.18550875e-14,4.4269048e-13,1.15506,3.127440907631533e-15,3.209733068024567e-16,2.2091752658394176e-15,1.0420331745844338e-12,3.842442693079952e-15,1.0389098500332354
0.004795607,0.03923692,0.0012849732,113149.25,8.998077e-16,304.957,40.218613,40.338226,11.163124,1.2869575,0.1146195588619889,0.114957027584047,0.0318149182170855,58.04588397044377,0.1654235487644855,3.309850793761437
0.0007244437,0.036092307,0.00019411351,93266.06,0.999912,211.77975,18.225426,1279.8037,-0.35537902,0.1067935,0.016447465778098,1.1550316881902227,0.0009906964258308,1279.9335150627237,1.1551492117183328,0.4999994352148855
1.5224762e-19,0.061024614,0.004313942,98370.0,0.0,295.4,-4.9072468e-14,-7.1463067e-13,-2.5255774e-12,1.15506,2.967797049080032e-16,2.205168554947921e-15,7.313164398438096e-15,2.625194527080045e-12,7.644162483068948e-15,2.8759613333333336
0.0054114084,0.023513846,-2.5823509e-19,90117.086,9.98519e-05,289.6645,4.493675,-25.291012,1.0022713,1.0776737,0.0131311407008498,0.0739051143201458,0.0029274862083804,25.706671327664587,0.0751196575756279,3.6076056
-0.0010616601,0.05069231,-0.0039621918,98370.0,0.0,295.4,3.2666952e-13,1.6299031e-12,7.985364e-13,1.15506,1.3937029362771749e-15,4.719613431000211e-15,2.5522194166091615e-15,1.8441685044516948e-12,5.5435532615085436e-15,2.734640827760201
0.0024067922,0.06619077,0.000644892,98370.0,0.0,295.4,-3.3960576e-13,-1.8787025e-13,-2.065131e-13,1.15506,1.3499685803595866e-15,7.375627182997041e-16,7.324526913643776e-16,4.396304852166762e-13,1.7037901503620236e-15,1.6611287174214255
0.0012458276,0.033396922,0.0021578514,95234.36,0.84304297,241.74275,-0.34376752,204.38,-7.6804233,0.11244488,0.0081664190970788,0.1887933691915115,0.0168905175550404,204.524549817803,0.1897232622395804,1.6611119533351038
-0.002264169,0.048895385,0.00392167,98370.0,0.0,295.4,-7.0115597e-10,7.367274e-09,1.2103238e-09,1.15506,2.030295658652672e-12,2.1332975935901656e-11,3.5046628092009405e-12,7.498881889067803e-09,2.1714065122622688e-11,3.0189002301766195
0.0014401756,0.03249846,-0.0024944716,96805.95,0.829604,241.96075,47.769512,53.206963,-83.69108,0.11631312,0.0451468121805852,0.0481230371273941,0.0789437920863274,110.07771827199144,0.1028891814594852,1.9202423830851167
0.0005329707,0.045526154,0.00031432978,98562.27,1.3654528e-32,295.52826,0.013506504,0.508241,0.0076065552,1.1568176,3.9099736082795336e-05,0.0014712980764574,2.202007945099936e-05,0.5084773342178712,0.0014719822359824,0.4125050721052952
-0.00016102531,0.04283077,-0.0005830067,134265.25,2.4512124e-12,316.73425,-1.0678316,90.94353,-4.422261,1.4703512,0.0029860305840715,0.254312720706693,0.0123661134645785,91.05724740809475,0.2546307072096928,0.4032236559999844
0.002039934,0.04867077,-0.00054659264,98370.0,0.0,295.4,1.2543269e-08,1.3303139e-07,-3.3796288e-09,1.15506,3.632079688161829e-11,3.8521106912196517e-10,9.786189802406527e-12,1.336641545567257e-07,3.8704332776971095e-10,1.4079290131187046
-0.0018596658,0.023513846,-0.0004982899,88512.29,0.29272914,269.02313,-74.48249,506.90762,-43.611023,0.24679676,0.1010694719598003,0.7084286706890329,0.0594164362258738,514.2031678799451,0.7180644347899752,1.2835107603984124
-0.002838977,0.014978462,0.0016390758,98677.516,0.047080062,289.25613,20.4386,103.86778,-14.857791,0.7314792,0.0469284191062546,0.2381302930485948,0.0338443185170617,106.8971751052762,0.2450586682472306,2.185442735178454
-0.0004982899,0.024861539,-0.0018596658,81069.55,0.24217963,270.10425,-36.47888,527.5365,-76.69245,0.25616974,0.0506702775788343,0.7840665591735789,0.1093815495188113,534.3287372070745,0.7932793767767744,1.2835107603984124
0.000375,0.01610154,0.000375,82753.87,0.99996704,185.87283,3.970224,1768.225,9.76627,0.107944995,0.0080714768936246,1.7032763510745508,0.0104256301484111,1768.2564274825422,1.7033273821062915,0.3535533905932737
-0.0004505431,0.021941539,-0.0016814725,95576.11,0.63550764,249.84137,-55.905098,569.8815,-128.28767,0.15124238,0.0619176722661908,0.5929890851501818,0.1397203149555686,586.8117503072586,0.6123655931364826,1.1605245659162278
-1.5699931e-19,0.023064615,-0.0032781975,88390.125,0.484083,256.7055,-1.0476626,183.97325,-12.221141,0.16103375,0.0060253983850338,0.2084940231753148,0.0182403143320853,184.3816981151541,0.2093771052251423,2.185465
-0.0020366963,0.063944615,0.0020366963,98370.0,0.0,295.4,3.9820174e-13,3.7581448e-13,-2.43697e-13,1.15506,1.7319201751447076e-15,1.522549412768667e-15,2.751440418659217e-15,5.993241000708198e-13,3.5900039811714825e-15,1.9202156865967344
1.7975756e-20,0.010710769,-0.0009151009,107451.375,0.997947,214.05862,-7.35477,1124.5,49.512287,0.121985,0.0087010505030057,1.0109736422408722,0.044599038805758,1125.613525685314,1.0119943121618955,0.6100672666666667
-0.0033553978,0.06349538,0.0033553978,98370.0,0.0,295.4,3.9860826e-13,-2.698338e-13,-5.499457e-13,1.15506,1.8028489428776067e-15,8.036414462153275e-16,1.5924450922393085e-15,7.308482041512845e-13,2.5361358908203303e-15,3.1634993839445635
-0.00014174538,0.02373846,-0.00029804165,87511.836,0.99999154,191.53313,3.336165,1704.765,0.7321987,0.1107795,0.003539222562195,1.6175670184450497,0.0039404770594024,1704.768421615336,1.6175756899190246,0.2200207847616693
0.0038924366,0.04507692,-1.5418135999999998e-19,98640.3,1.09185e-40,295.58,0.13450938,0.70083386,-9.091513e-05,1.1575313,0.0003893475982068,0.0020286162569402,5.154391736732946e-05,0.7136251683454311,0.00206628464776,2.5949577333333336
0.0012,0.021492308,-1.6653346e-19,90469.164,0.99370915,225.58063,11.472418,763.7526,-9.146123,0.09781801,0.0100678175438887,0.6698003518248282,0.0080207409939249,763.8935147960466,0.6699240289322755,0.7999999999999999
-0.0013496222,0.02531077,-0.0007791963,93218.08,0.8183766,243.08826,-93.91588,673.31836,-86.6617,0.11682251,0.0933961361450362,0.6267345820736647,0.0862455767080788,685.3379142263719,0.6394977514546728,1.0389368404857235
0.0026657272,0.021716923,0.00153905,90812.92,0.5728679,253.12012,7.5491357,228.04375,-1.5948906,0.14475162,0.0084985195042269,0.2423567371101093,0.0067210456171767,228.1742427179402,0.2425988155589604,2.0520749831783918
0.0039621918,0.053163078,0.0010616601,98370.0,0.0,295.4,1.5526686e-13,1.6166816e-14,-3.8125815e-13,1.15506,2.989492853009814e-15,7.125999188909647e-16,1.1039865502521953e-15,4.1197929644007594e-13,3.2655248377156637e-15,2.734640827760201
-0.0010616601,0.047323078,0.0039621918,98370.0,0.0,295.4,-1.094728e-06,2.2943525e-05,4.100989e-06,1.15506,3.1699386595791203e-09,6.643619964790398e-08,1.1874988997707633e-08,2.3332849795893555e-05,6.75635441525778e-08,2.734640827760201
0.00025366183,0.012956923,-0.00041642482,79088.92,0.9999731,180.98724,-29.108162,1840.5475,50.233223,0.10591525,0.0283958962386546,1.7969980152693543,0.0489669745105914,1841.46294058399,1.7978893064918973,0.3250667997750489
-0.0007791963,0.046873845,-0.0013496222,98370.35,0.0,295.4,-3.516515e-05,0.000939596,-6.09348e-05,1.15507,1.0182563305043826e-07,2.720732177635526e-06,1.7644527282873626e-07,0.0009422262365491,2.72834839715735e-06,1.0389368404857235
-0.0016814725,0.0032984614,0.0004505431,95896.305,0.005915256,312.91037,-13.872708,93.457954,3.8581626,0.99226725,0.0466540828513497,0.2506616582547711,0.0125478002705807,94.5607033167976,0.2552749843940112,1.1605245659162278
0.0031915514,0.027107691,-0.0018426349,91415.42,0.35068148,252.9265,81.06506,-9.013621,-32.18432,0.22738962,0.1099723579673785,0.0144768297863819,0.044662096446939,87.68477501937062,0.1195750850997179,2.4568546932603774
-0.0039621918,0.03991077,-0.0010616601,120110.25,6.448691e-13,309.04724,-47.65901,60.035213,-12.193233,1.3480463,0.1349239826710646,0.1699534009294587,0.034519229045252,77.61625451622719,0.2197275967219175,2.734640827760201
0.002039934,0.010935385,0.00054659264,95960.44,0.030173576,361.69537,28.375713,221.54037,7.928913,0.66272175,0.0617333995893261,0.489538126802952,0.0172138774267586,223.49090426537907,0.4937154117451287,1.4079290131187046
-0.000375,0.034744617,-0.000375,93210.914,0.9999793,206.44067,2.5942495,1410.9183,-2.9043267,0.10948,0.0023711830432809,1.2895611935708706,0.0026540656251063,1410.9236742357607,1.2895661047566718,0.3535533905932737
-0.00087018503,0.025086153,-0.00050239643,88209.336,0.9995079,217.1415,-20.022362,1045.4749,-6.1912475,0.098558,0.0178713067443898,0.9323041895536311,0.0055356044597968,1045.6849396714458,0.932491891857908,0.6698670379885004
-0.0039870623,0.03586769,0.0039870623,99814.2,6.873434e-12,296.6671,-23.007662,5.0803037,23.496862,1.1670125,0.0664801038552108,0.0146787815621476,0.0678925035905398,33.275584446220044,0.096148129885819,3.759038385790977
-0.0032019995,0.0077907695,0.0032019995,97971.65,2.6706028e-05,296.98087,6.402221,-3.5153399,-5.6466336,1.1438563,0.0184855724735862,0.010150122954489,0.0163040390455223,9.232037660128016,0.0266563890064908,3.018874079741246
0.0018426349,0.054735385,-0.0031915514,98370.0,0.0,295.4,-8.626968e-13,1.614017e-13,1.7972876e-13,1.15506,2.498059731226165e-15,1.0375891872604037e-15,2.523408099665976e-15,8.958787332358479e-13,3.699254273465572e-15,2.4568546932603774
0.0010616601,0.004196923,0.0039621918,97956.266,3.9398174e-06,296.23175,-3.129385,0.45205885,-11.797688,1.1469163,0.0090489002917211,0.0013583826977429,0.0341128138470238,12.214043140067597,0.0353187183884797,2.734640827760201
-1.5513156999999998e-19,0.030027693,-0.0036853154,93729.23,0.12105389,261.39676,2.0283751,-5.471846,-79.685165,0.519607,0.0196768526536885,0.0111597342413857,0.1497914234197673,79.89856647819934,0.1514898964578606,2.456876933333333
0.0004151182,0.023963077,-0.00071900955,88569.8,0.9997896,205.41225,-10.297948,1350.49,4.1009626,0.10458087,0.009439092711029,1.2378917817762651,0.0037663806307185,1350.5354885108563,1.237933498005236,0.5534930905771464
-0.0014401756,0.00868923,0.0024944716,97328.2,0.012289316,322.49112,0.08530751,58.982037,2.0862024,0.9012035,0.0097287938869516,0.1510051802236962,0.0159091578009534,59.01898174735309,0.1521522763116654,1.9202423830851167
0.002838977,0.06731384,0.0016390758,98370.0,0.0,295.4,4.5411426e-13,-1.02766286e-13,-3.06936e-13,1.15506,2.190479624010347e-15,4.263160525243025e-16,1.320363539333235e-15,5.576651134593068e-13,2.592933905028241e-15,2.185442735178454
-0.00071900955,0.039686155,0.0004151182,159968.12,0.95017314,236.90775,-257.43512,486.11737,149.15538,0.17237476,0.2252455281255073,0.4244662405667712,0.1305112620231778,569.9388263735641,0.4979360670169508,0.5534930905771464
-1.5126382999999998e-19,0.034744617,-0.0045283833,96857.21,1.2329535e-05,294.6974,0.07185763,-2.7623863,-38.262863,1.1398225,0.014611021624444,0.0080084922445663,0.1109189192268679,38.362515904802,0.1121633832558455,3.0189222
-0.0011165227,0.06731384,-0.0041669416,98370.0,0.0,295.4,5.961236e-14,-2.6975819e-14,1.2090185e-12,1.15506,9.142718063643677e-16,5.331925437931837e-16,4.345895844283956e-15,1.2107877855420165e-12,4.472918277146807e-15,2.8759558980875943
-0.00083024846,0.030476922,-7.63982e-20,92806.35,0.9998965,212.38237,0.19017164,1242.9125,7.119861,0.10597338,0.0018381921334601,1.1203432632295205,0.0064148973822773,1242.932906975337,1.1203631363636146,0.5534989733333333
-0.0022223014,0.069335386,-0.0005954578,98370.0,0.0,295.4,-4.3395886e-13,3.9071472e-13,-2.1689413e-13,1.15506,2.084328729898044e-15,1.7239991393209513e-15,1.0551739098200222e-15,6.229135961155727e-13,2.903444724223736e-15,1.533796090173774
0.0018984762,0.057655383,0.0018984762,98370.0,0.0,295.4,-4.917566e-13,-1.434138e-13,-7.16417e-13,1.15506,1.4239503647138264e-15,1.8899679366863592e-15,2.589666798487487e-15,8.807073234412213e-13,3.5079891063199672e-15,1.7899005265883576
0.0024917016,0.010261538,-1.3285194e-19,99087.58,0.025870012,346.44214,-0.05167502,150.81512,0.046631634,0.7393295,0.0194701964971589,0.3483916117342229,0.0016657437692369,150.81513606210547,0.3489392187483549,1.6611344
-0.00045754042,0.031375386,0.0007924895,93770.336,0.999786,219.16963,2.8466716,1061.0471,17.482725,0.103771746,0.0025956124954207,0.941714446910169,0.0154970145579131,1061.1949385626724,0.94184552564832,0.610057499491838
-0.0012849732,0.04417846,0.004795607,102431.75,6.408697499999999e-37,298.079,-0.6613066,10.230423,2.4563737,1.1918875,0.001904812066095,0.0294672341237306,0.0070752207720172,10.541947302665871,0.0303645343267878,3.309850793761437
0.0029342247,0.0055446154,-0.00508224,98064.586,2.0155404e-09,295.81323,-3.5595975,-0.66316676,6.08806,1.1498675,0.0103002347667658,0.0019189560705552,0.0176164306993768,7.08343130673088,0.0204967280129575,3.912307532088964
-0.00019411351,0.013181538,0.0007244437,91579.65,0.9998534,193.4895,17.683798,1619.29,-84.116234,0.11474725,0.0166870262984788,1.5293764318391636,0.0793672183953184,1621.569721484108,1.531525345029454,0.4999994352148855
0.0024944716,0.024187692,0.0014401756,86514.65,0.5735689,254.33438,0.4375775,309.32614,8.017953,0.13688475,0.0057511858392268,0.3273913039296905,0.0085670788686045,309.43034746397825,0.3275538686501522,1.9202423830851167
-0.0019252748,0.013630769,1.6320611e-19,104510.0,0.18650036,302.88388,-83.041435,321.55624,-0.20392866,0.38184863,0.1270547881236374,0.503867759505716,0.0189882584656815,332.1059123181868,0.5199867231132079,1.2835165333333334
-0.000644892,0.036092307,0.0024067922,98175.23,0.728069,238.69576,-55.997036,-3.8386276,173.36537,0.14281337,0.0571354070060146,0.0080316031585978,0.1791284280020865,182.2250109558885,0.1881912726497667,1.6611287174214255
-0.00016102531,0.022615384,-0.0005830067,86140.484,0.999955,194.579,-2.979031,1620.9788,-27.693287,0.10734825,0.0035115115182739,1.5262662517826109,0.0260576007360804,1621.2180799695036,1.5264927122655398,0.4032236559999844
0.002050962,0.011609231,-0.0035523847,99093.86,0.0008669685,298.45737,-3.0014088,9.194205,7.5119324,1.1385462,0.0085970344042623,0.0263144764820383,0.0215204625285525,12.246264277277058,0.0350640981705597,2.7346242628142687
0.0004151182,0.040584616,0.00071900955,155532.62,0.006822019,319.79413,30.52635,204.40138,53.804726,1.5505313,0.0812039915105361,0.5444231192861784,0.1431244924327062,213.5573242250473,0.568748838578731,0.5534930905771464
-0.003667574,0.011609231,0.003667574,98410.836,1.2199215e-06,296.322,6.7156925,1.6338,-6.9586825,1.1519288,0.0194159579307036,0.0047235348783484,0.020118074082689,9.807807620990662,0.0283553894156012,3.457821927871294
0.0025934312,0.0608,0.00069490174,98370.0,0.0,295.4,7.367121e-13,7.483234e-14,1.4681899e-13,1.15506,4.4013580099364404e-15,1.898502275156534e-15,1.3483687828342732e-15,7.549174876904798e-13,4.979393697522639e-15,1.7899439863847344
0.001159104,0.03317231,-0.00031057486,94296.664,0.99799603,231.55862,5.6866565,658.95026,9.484595,0.09892396,0.0049126447917656,0.5692707764202777,0.0081938367019042,659.0430492452906,0.5693509374058264,0.7999941184450516
0.000644892,0.06349538,0.0024067922,98370.0,0.0,295.4,-5.304562e-14,5.168655e-13,-4.175464e-13,1.15506,1.8314227253580466e-15,1.817947511986046e-15,2.0311618020258253e-15,6.66564909850792e-13,3.284000703608778e-15,1.6611287174214255
0.00084845215,0.05406154,-0.0031664888,98370.0,0.0,295.4,-2.9480877e-14,-4.9865243e-14,-1.0434534e-12,1.15506,7.863015959922848e-16,3.644137646853222e-16,3.2946253914697497e-15,1.0450601238874718e-12,3.4067028138464536e-15,2.185459257238885
0.0048831706,0.015203077,-0.0028192918,97187.984,1.0602193e-06,294.979,-15.7317505,-4.310794,8.941363,1.1427963,0.0455862062105865,0.012491847617101,0.025908274967922,18.60158302409919,0.0539016434385487,3.7590637937450806
-0.0015075472,0.03788923,-0.0008703744,94664.79,0.9944644,231.78688,-106.36465,108.29883,-53.365135,0.09953675,0.0920099585218692,0.093519959733902,0.0461605892537648,160.90342750407655,0.139077731273132,1.160507581746156
-0.0011720242,0.05743077,-0.0043740757,98370.0,0.0,295.4,-5.546313e-13,9.4955016e-14,4.633905e-13,1.15506,1.7629812362537708e-15,1.2355122882372414e-15,4.353129929538855e-15,7.289465614799895e-13,4.856370418040108e-15,3.018916579372005
0.00031057486,0.047996923,0.001159104,98370.0,0.0,295.4,7.4823674e-08,5.0943972e-06,2.8031076e-07,1.15506,2.1666245850025023e-10,1.4751543028357709e-08,8.116791570305304e-10,5.102651814079663e-06,1.4775445421115742e-08,0.7999941184450516
-0.0011935149,0.053612307,0.0006890677,98370.0,0.0,295.4,-1.2298779e-13,1.1651029e-13,-5.9218364e-14,1.15506,2.2651493992626977e-15,3.37371890370876e-16,3.0643031702064385e-15,1.7946436637896869e-13,3.825529442094232e-15,0.9187653821431114
-0.00026006208,0.047772307,0.0009705788,98370.0,0.0,295.4,-1.9754575e-07,1.5905007e-05,7.2716665e-07,1.15506,5.720214606504984e-10,4.605518346111197e-08,2.105613104901581e-09,1.5922846583769634e-05,4.6106840476611065e-08,0.6698774323920479
-0.0025934312,0.056981537,-0.00069490174,98370.0,0.0,295.4,-2.3492834e-13,-2.3324498e-13,4.1603304e-14,1.15506,2.7394838526851687e-15,9.055297417426764e-16,1.071677405531208e-15,3.3365458266607466e-13,3.077864252014607e-15,1.7899439863847344
-0.002176526,0.043504614,0.002176526,125737.875,2.8216172e-23,312.1065,-8.494216,65.60556,8.5908575,1.3973763,0.0239279151205742,0.1848109478329597,0.0241999936399917,66.70865042071802,0.1879182568382061,2.052048392038442
-0.0016390758,0.034295384,-0.002838977,98822.086,0.10086345,258.73886,-35.722736,-0.5580155,-62.18379,0.6079071,0.0735442990633255,0.003895115130465,0.127993117215181,71.71644851348982,0.1476691365893851,2.185442735178454
-0.0033619737,0.01610154,-0.0009008322,96085.336,0.09235359,278.84875,24.142775,90.08592,5.9729586,0.5423475,0.0484369917799525,0.1791390691503011,0.0119869395024654,93.45599392967976,0.1859586916155394,2.32037983596063
0.00025366183,0.018347692,-0.00041642482,95647.55,0.99995935,194.37163,25.693624,1670.7662,-47.12876,0.11931375,0.0242106828461271,1.5737907845123469,0.044391554686403,1671.628241384977,1.574602870792296,0.3250667997750489
-0.0028192918,0.010710769,0.0048831706,98153.14,2.1568619e-08,295.99326,3.9468925,0.93345284,-7.003935,1.1502062,0.0114170054335301,0.0027003479281516,0.0202608721525489,8.093478862348707,0.0234124503712076,3.7590637937450806
-0.002264169,0.009587692,-0.00392167,98225.7,4.4242617e-05,297.34213,2.9105012,-0.82154965,4.9862,1.1451625,0.0083976074715976,0.0023704728883054,0.0143880368413662,5.831650838537623,0.0168271969474934,3.0189002301766195
-9.37506e-20,0.02239077,-0.0049647847,90426.836,0.0025126713,288.76974,0.24366538,-20.260912,-4.0786176,1.0513988,0.0007163109776239,0.0584148969736725,0.0117236216740074,20.66879409680653,0.0595840296977025,3.3098564666666666
0.0030503666,0.028904615,0.0030503666,88929.86,0.0099991085,279.90112,29.474976,-17.500313,28.304075,0.97608215,0.0820776060376362,0.0491503488844394,0.0790765893210984,44.453974253200016,0.1241192861202044,2.875913210619937
0.002705682,0.045301538,-0.0046863924,98393.71,0.0,295.4159,0.0076671,0.0606098,-0.013271237,1.1552825,2.220043492891317e-05,0.0001754984165416,3.8427466092659405e-05,0.0625176615842288,0.0001810227158948,3.607583913671109
-0.0012849732,0.037664615,-0.004795607,104230.25,8.568257e-11,299.522,-11.11804,17.654112,-42.6871,1.2070237,0.0319720553967832,0.0507644756737481,0.1227530445615792,47.512808697867406,0.1366292584546318,3.309850793761437
0.0022223014,0.032947693,-0.0005954578,92060.65,0.6834775,243.79926,-2.0991626,292.5805,5.650159,0.13025013,0.0311989193242584,0.2940705726001381,0.0085094665400798,292.6425802247453,0.295843345805126,1.533796090173774
-0.0030142437,0.01789846,-0.0017402662,91938.27,0.433746,249.56712,-5.202256,95.00765,-6.190525,0.1913395,0.0105406166221102,0.1148075392260289,0.0110609724378217,95.3511385657647,0.1158197771245512,2.3203631449363105
0.00084845215,0.016775385,-0.0031664888,93840.164,0.24200438,261.39725,-7.213002,116.9425,14.916809,0.29875737,0.0107394048126828,0.1747543600319297,0.0221369463685598,118.11048596481383,0.1764779463854463,2.185459257238885
0.00410197,0.06327077,-1.5322009e-19,98370.0,0.0,295.4,-4.599997e-13,5.1481524e-13,-9.343039e-14,1.15506,3.811249483165184e-15,1.490719853625519e-15,8.695055689143366e-16,6.96680481362798e-13,4.183767230534368e-15,2.7346466666666664
-0.00084845215,0.04485231,0.0031664888,99479.92,1.1512443e-33,296.1386,-0.124312535,2.8816462,0.46069124,1.1651763,0.0003594266673172,0.0083317711072288,0.0013320086539773,2.920885969521115,0.008445226128808,2.185459257238885
-0.0004505431,0.009363077,0.0016814725,102077.516,0.21247783,312.06238,-37.29761,444.9304,104.304054,0.361566,0.0535258069302599,0.668842338155752,0.1454112998829712,458.5122770839479,0.6865562842555912,1.1605245659162278
-0.0015053301,0.009138461,-0.00040334585,101931.81,0.58330864,265.36652,-130.26883,633.70624,-46.248177,0.16680788,0.1450163086589847,0.66356915014782,0.0517864303544022,648.6080947385176,0.6812015716172632,1.038953872289757
-0.0005870607,0.053612307,-0.0005870607,98370.0,0.0,295.4,-6.377656e-13,-1.5746508e-13,-1.4479562e-13,1.15506,2.042560512994201e-15,4.559622400941049e-16,1.3745116743252116e-15,6.726856498647424e-13,2.503844515238729e-15,0.5534861359174952
0.0026657272,0.045526154,0.00153905,98441.234,1.656e-42,295.4475,0.024515312,0.18612662,0.01409093,1.1557138,7.098061832898331e-05,0.0005389032905611,4.079830149518563e-05,0.1882622466224884,0.0005450866960042,2.0520749831783918
0.0029004794,0.028006153,-0.0029004794,90360.875,0.04399601,272.10587,35.557438,-14.8034,-31.598988,0.74916923,0.0855764491565207,0.0361362885845702,0.0752932917247866,49.81935458542179,0.1195752473619006,2.7345982032425185
-0.0015188704,0.047772307,-0.0056685233,98370.0,0.0,295.4,-2.6353977e-08,4.1726875e-07,-9.8388924e-08,1.15506,7.6311640254393e-11,1.2082602748108863e-09,2.84898951147548e-10,4.295208053123351e-07,1.243737822247666e-09,3.9123237593043534
-0.0045836214,0.051141538,0.0012281717,98370.0,0.0,295.4,-5.964773e-14,2.2749784e-13,1.4286418e-13,1.15506,2.9985870117138408e-15,7.52745923899349e-16,1.590556278017878e-15,2.7517865619609904e-13,3.4767829622091907e-15,3.163541676540452
-0.0019252748,0.012732307,1.6320611e-19,103726.05,0.17846303,302.37112,-50.815525,290.21426,3.2736611,0.385229,0.0856837321437131,0.4593714043646675,0.0095011421223772,294.64767289997536,0.4673906939634892,1.2835165333333334
1.2490008e-19,0.024187692,-0.00075,89212.95,0.999907,201.18738,-4.632471,1476.0262,2.7885895,0.10753625,0.004284799397678,1.366835783157322,0.0034949562934459,1476.0361035914418,1.3668469674197845,0.5
0.0019924412,0.023963077,-0.0011503282,81803.1,0.21381563,275.25626,-22.221369,473.17987,35.539375,0.27786225,0.0571428251887362,0.7358373889746622,0.0685269103511333,475.0326576024449,0.7412272950491442,1.533779196505254
0.00392167,0.04822154,-0.002264169,98370.0,0.0,295.4,3.429871e-08,2.031375e-07,-1.9812886e-08,1.15506,9.931673955376959e-11,5.882131612892407e-10,5.737099472194067e-11,2.069632717792292e-07,5.992912221156408e-10,3.0189002301766195
0.0018984762,0.055858463,-0.0018984762,98370.0,0.0,295.4,-8.582657e-13,-2.2515259e-13,1.0425278e-12,1.15506,2.495545515788203e-15,8.957241471369796e-16,3.0187859151357214e-15,1.369006177616828e-12,4.0178523579838884e-15,1.7899005265883576
0.0019461956,0.06372,0.0033709237,98370.0,0.0,295.4,-8.9219187e-13,9.0340374e-14,-3.6097208e-13,1.15506,2.583466895400329e-15,1.3333942689846082e-15,1.1332478670447762e-15,9.66679139429461e-13,3.1203352711450653e-15,2.594935572283576
0.00035669186,0.034744617,0.001331215,93828.17,0.9941791,233.381,8.232976,581.55115,2.716337,0.09801248,0.0070984863505624,0.5013058546225011,0.0027792721650485,581.6157670204932,0.5013638127557999,0.9187823969714264
-0.0016267902,0.048895385,0.0016267902,98370.0,0.0,295.4,-2.9472e-09,3.9668926e-08,2.9254237e-09,1.15506,8.534031448167179e-12,1.1486694512308119e-10,8.470975305024502e-12,3.988568391864426e-08,1.1549459813032638e-10,1.533752509317093
-0.0010559278,0.033396922,0.0018289352,92316.05,0.710302,243.51,-10.945819,361.04288,31.973927,0.12616612,0.0165210939403097,0.3552763150497743,0.0349646122237069,362.621157904605,0.3573747762339771,1.407912163392128
0.00029804165,0.06753846,-0.00014174538,98370.0,0.0,295.4,6.055195e-13,2.6350543e-14,-1.1596254e-13,1.15506,1.7540610894223769e-15,1.4629660914605743e-16,1.664202857601787e-15,6.170863202825812e-13,2.4223344431608127e-15,0.2200207847616693
-0.0012458276,0.01789846,0.0021578514,89599.89,0.1799975,278.482,25.708292,327.6516,-21.867428,0.3411216,0.0395215209717326,0.5397099435378302,0.0441042272985701,329.38529364173564,0.5429493131399384,1.6611119533351038
0.0008703744,0.069335386,0.0015075472,98370.0,0.0,295.4,2.0617183e-13,3.8500744e-14,8.2728834e-14,1.15506,1.4158308856057641e-15,1.4261029450552641e-15,2.0638493767262808e-15,2.2546217143703285e-13,2.8805938548056304e-15,1.160507581746156
-0.00037499773,0.024412308,0.0006495165,89193.4,0.9998691,202.53987,-2.9976058,1437.1075,-6.423615,0.10680025,0.002766483057909,1.3264259453634235,0.0059284377914691,1437.124982395912,1.3264420787717828,0.4999977694516481
0.0014401756,0.047772307,0.0024944716,98370.0,0.0,295.4,4.5925526e-07,6.8937325e-06,7.939255e-07,1.15506,1.329838092300364e-09,1.9961770661104143e-08,2.2989227965800195e-09,6.954479195090325e-06,2.0137671248257243e-08,1.9202423830851167
-0.000375,0.0032984614,0.000375,107959.72,1.0,171.134,-372.2657,1937.9767,357.47665,0.152099,0.3747342482606505,1.947742095213309,0.3595338120685674,2005.523621510004,2.015785104693941,0.3535533905932737
0.0026058601,0.008464616,0.0026058601,97959.71,0.0017637576,301.05273,-5.010584,3.0722332,-5.3935127,1.10285,0.0142088539953335,0.008679014885344,0.0152951395435722,7.977126556680639,0.0226088063572156,2.45682846337794
0.0035523847,0.06349538,0.002050962,98370.0,0.0,295.4,-1.127693e-13,8.614415e-13,-6.4657264e-13,1.15506,2.199478673028593e-15,2.4944248825890106e-15,1.8722418844816094e-15,1.082984095793336e-12,3.81643178924949e-15,2.7346242628142687
0.00025366183,0.020593846,-0.00041642482,93108.664,0.999965,194.682,-22.886713,1658.7576,21.676413,0.115967624,0.0215476907052844,1.561228870741996,0.0204027752807101,1659.0570948795737,1.561510859088791,0.3250667997750489
-0.0050100614,0.0032984614,0.0013424361,98052.086,3.4511125e-09,295.55112,8.87603,0.44174775,-2.3653538,1.1507425,0.0256951581947372,0.0012788330127819,0.0068476047353311,9.196409529523166,0.0266226643884206,3.4578638180467665
-0.0028192918,0.051366154,-0.0048831706,98370.0,0.0,295.4,6.3034105e-13,-3.2537384e-13,2.6430106e-13,1.15506,2.357844620648492e-15,1.0738695430646332e-15,1.7503417274273657e-15,7.570026587724588e-13,3.126711245608761e-15,3.7590637937450806
-0.002039934,0.05496,-0.00054659264,98370.0,0.0,295.4,-7.3751573e-13,1.6798256e-14,-7.9251135e-13,1.15506,2.2999087655676704e-15,1.7846221302979116e-15,2.294827984201557e-15,1.0827215123386516e-12,3.706843934529567e-15,1.4079290131187046
-1.5791709e-19,0.04867077,-0.0030781461,98370.0,0.0,295.4,1.7720513e-11,7.48369e-08,-1.0271338e-08,1.15506,3.873392599950905e-12,2.1670075263486444e-10,2.974210048956085e-11,7.553848224538818e-08,2.18766569439394e-10,2.0520974
0.0004526625,0.061923075,-0.0004526625,98370.0,0.0,295.4,-3.6718325e-13,1.0413437e-13,7.38776e-13,1.15506,1.6154191651953102e-15,3.3245657822824883e-16,2.313376392729674e-15,8.315392259369725e-13,2.8410942944799468e-15,0.4267742977851408
0.0028192918,0.017,0.0048831706,95259.61,4.8320067e-06,293.59686,-7.547921,-12.160538,-13.417675,1.1253363,0.0219212120010415,0.0353196216873185,0.0389713544175792,19.61845555280308,0.056980537702539,3.7590637937450806
-7.63982e-20,0.06035077,0.00083024846,98370.0,0.0,295.4,-8.8135384e-14,-7.065655e-14,4.33535e-13,1.15506,1.145342718859686e-15,3.552824857029099e-16,2.175031377958257e-15,4.4800981037889113e-13,2.4837063198766337e-15,0.5534989733333333
0.004149602,0.024861539,0.004149602,89949.35,2.1676692e-06,289.94525,6.3556337,-25.361,6.332681,1.0760225,0.0185739094132786,0.0741229840165827,0.0185089520140598,26.901249959366883,0.0786243484874375,3.912282284567013
0.00031432978,0.01655077,-0.0005329707,88630.46,0.9999133,192.00412,-21.996574,1664.9675,40.847977,0.1119285,0.0208344088510595,1.5782718521927777,0.0386988547287445,1665.6137555114572,1.5788836921614935,0.4125050721052952
-0.0025933797,0.057206154,0.004491879,98370.0,0.0,295.4,1.6264483e-13,9.852925e-14,-4.9295664e-13,1.15506,8.69341719164572e-16,3.809287471705469e-16,2.0497459096443048e-15,5.28363135306941e-13,2.2588315628228e-15,3.4578474498201968
0.0035105823,0.004870769,-0.0035105823,98100.77,1.1275491e-07,296.14426,-6.351605,-0.24131037,6.415084,1.149005,0.0183686554494925,0.00069785149887,0.0185525171958001,9.030748556888875,0.0261168603403453,3.309808733657956
0.0006949476,0.0021016174,0.0026023579,97754.6,4.3017792e-07,295.70938,-4.352896,7.7624087,-16.325975,1.14663,0.0125978490589765,0.0224651989672618,0.047248999172409,18.594089171381228,0.0538131850789908,1.7957008915045671
-0.00508224,0.050243076,-0.0029342247,98370.0,0.0,295.4,-7.1196553e-13,2.162815e-12,-7.548442e-14,1.15506,2.590696997465757e-15,6.262734555575236e-15,1.5613855493533249e-15,2.278236497336463e-12,6.9549608108172405e-15,3.912307532088964
0.0010392044,0.03362154,0.00059997645,94235.08,0.99759823,230.62975,5.4438024,664.46924,1.0804647,0.09929404,0.0047092964350838,0.5753084188365214,0.0009355078492955,664.492417785723,0.5753284535220102,0.799977090098061
-0.0012308755,0.029353846,0.0012308755,91813.02,0.66465026,252.46663,-66.74269,555.72675,128.74318,0.13926013,0.0684569621296678,0.5701420060569664,0.1358270214773951,574.3358022363842,0.5900824031422267,1.160480550461843
-0.00025366183,0.03991077,0.00041642482,162092.62,0.735004,235.97987,-97.11724,531.33936,135.9685,0.236562,0.0975807791917124,0.543637387270555,0.1372644966473514,556.9925554104626,0.5691266637101691,0.3250667997750489
0.00087018503,0.013855385,-0.00050239643,102467.375,0.99680537,220.22963,-43.3666,961.7599,30.95575,0.11316525,0.038461772261604,0.8527424452477111,0.0274646985047103,963.2346680335132,0.8540511082578746,0.6698670379885004
0.0013613222,0.034295384,-0.0013613222,93004.85,0.87583303,238.4915,2.00209,376.43774,-10.262008,0.10700262,0.0092260790489628,0.3400553789302768,0.0113883768944575,376.5829115465381,0.3403710863195081,1.283466878666386
0.0005954578,0.0055446154,0.0022223014,98201.73,0.001657775,336.69263,-1.5951651,87.64577,-8.031614,0.99085927,0.0043097102805941,0.2340331492321161,0.021630660158387,88.02745238863928,0.2350701469797733,1.533796090173774
0.0009523381,0.045526154,-0.0005498259,98545.7,6.9498105e-34,295.51724,0.0225436,0.4639455,-0.012913173,1.1566675,6.526252836825788e-05,0.0013430978796076,3.738294878559364e-05,0.4646723479056376,0.0013452020653698,0.7331079584049207
0.0004151182,0.035418462,0.00071900955,93800.9,0.9998166,215.88188,15.556687,1185.68,5.5712914,0.105377376,0.013903847168284,1.0600220589510312,0.0049787848653619,1185.7951392202112,1.0601249316602257,0.5534930905771464
0.0018990553,0.0021016174,0.0019001279,97755.984,3.7208943e-07,295.70987,-12.13818,7.9133687,-11.979994,1.146645,0.0351291095488391,0.0229020727086886,0.0346713280854081,18.800985988361774,0.0544119496365863,1.790952207168826
1.5224762e-19,0.025086153,0.004313942,87944.73,0.053341936,272.59186,1.50074,-24.515875,29.541563,0.6798615,0.0108879446614097,0.0571079651154221,0.0687204548945577,38.41854099320007,0.0900131542580812,2.8759613333333336
0.0043740757,0.039686155,-0.0011720242,116786.75,5.9665204e-15,307.11063,43.16125,50.333862,-10.888122,1.3190112,0.1225746202105607,0.1429390252250895,0.0309208322081266,67.19332084429544,0.1908198111216576,3.018916579372005
0.001159104,0.06506769,0.00031057486,98370.0,0.0,295.4,-9.996592e-13,-2.63894e-14,-1.818137e-13,1.15506,4.003028869411879e-15,3.0656840345676183e-16,1.3921951175624209e-15,1.0164010714696685e-12,4.249286005990608e-15,0.7999941184450516
0.00084845215,0.06484307,-0.0031664888,98370.0,0.0,295.4,-1.960925e-14,-7.805823e-14,-1.0178546e-12,1.15506,8.785901780197148e-16,4.816327802543374e-16,3.377541970158636e-15,1.0210316335439638e-12,3.523021515136023e-15,2.185459257238885
-1.4721278e-19,0.029578462,-0.0054114084,93090.64,2.8657557e-06,292.1745,0.31190374,-12.300913,-28.289913,1.1050962,0.0109565257758855,0.0358154683523164,0.0823662806729931,30.85010408611556,0.0904820281728681,3.6076056
1.4721278e-19,0.05990154,0.0054114084,98370.0,0.0,295.4,-4.6621405e-14,2.4060776e-14,-1.047419e-12,1.15506,1.0155283492477936e-15,7.441927051356091e-16,3.0329488418671733e-15,1.0487321096957488e-12,3.283884786024996e-15,3.6076056
0.0033619737,0.030926153,0.0009008322,97401.9,0.17412247,259.8834,99.83449,23.577675,21.763792,0.44042,0.1651582639261435,0.0398312064870592,0.0358636068262819,104.86417307252744,0.1736374828425664,2.32037983596063
0.00087018503,0.039686155,-0.00050239643,155127.62,0.90387475,237.48163,298.9019,433.49286,-170.12524,0.17627563,0.2690176621608847,0.3886618536561254,0.1529826216769802,553.354319382841,0.4968221226727785,0.6698670379885004
-0.0006470514,0.014978462,-0.0006470514,100100.11,0.9989949,211.11551,-54.208565,1196.8962,-53.4152,0.11509387,0.049049082993273,1.0830072109401565,0.0483271483423724,1199.3132475232812,1.0851939664215626,0.6100459102883323
0.0035523847,0.0044215387,-0.002050962,98019.17,5.196224e-06,296.37613,-10.391582,0.054543134,6.1521063,1.147075,0.0300397575181155,0.0007108245755071,0.0177839155743818,12.076272742145658,0.0349164711344239,2.7346242628142687
-0.00410197,0.019021539,1.5322009e-19,92825.15,0.08404341,277.96988,-2.5447688,26.51265,-0.651064,0.57114863,0.013178118370297,0.0533736882561917,0.0033916329344028,26.64245376462253,0.0550810001344603,2.7346466666666664
0.0011503282,0.015427692,-0.0019924412,96635.9,0.069891274,306.954,-10.721475,258.8196,19.92395,0.56647736,0.0217844932370369,0.5290723458764562,0.0406417021820926,259.8066572548481,0.5310780161831865,1.533779196505254
0.0013424361,0.047323078,0.0050100614,98370.0,0.0,295.4,4.5906611e-07,7.820689e-06,1.7026645e-06,1.15506,1.3292904204004355e-09,2.2645902554200732e-08,4.930304135076121e-09,8.017043378180748e-06,2.321447424303364e-08,3.4578638180467665
0.0008019567,0.061024614,-0.00021488206,98370.0,0.0,295.4,1.4146683e-13,9.661852e-14,-9.255081e-14,1.15506,1.2342662710274909e-15,5.438983466540627e-16,8.733734936135846e-16,1.9471429025342598e-13,1.6068664843837922e-15,0.5534975051172251
0.002838977,0.053612307,0.0016390758,98370.0,0.0,295.4,5.0064315e-13,-8.975296e-14,-1.8894452e-13,1.15506,2.395707107772394e-15,4.854764403640314e-16,1.1613574951275218e-15,5.425856514032735e-13,2.7062614714525592e-15,2.185442735178454
-0.0056386283,0.043504614,1.4617036e-19,114718.5,7.315111e-36,305.7466,-11.188031,38.94315,-0.0033499897,1.3012987,0.0318281110574068,0.1107889295530917,0.0041955678332403,40.51840298928244,0.1153465142708953,3.759085533333333
-0.0011720242,0.0068923077,0.0043740757,97851.086,3.8384187e-06,296.6386,2.6524174,-1.8781737,-9.4311,1.1441138,0.0076645216395559,0.0054268945751125,0.0272510183862827,9.975394815304028,0.0288238456799595,3.018916579372005
0.0010048215,0.06237231,-4.0129963e-20,98370.0,0.0,295.4,7.0503407e-13,6.847145e-14,1.1122765e-13,1.15506,2.210609069339477e-15,2.4164863544194433e-16,1.2689960384973876e-15,7.170306614437e-13,2.560378383399408e-15,0.6698810000000001
-0.0030503666,0.031824615,-0.0030503666,94886.77,0.0012724682,289.77374,-26.323338,-7.5348663,-26.435051,1.1169875,0.0763078539630735,0.0218459723208126,0.0766342046812861,38.05922036765494,0.1103310310394347,2.875913210619937
0.00071900955,0.059676923,0.0004151182,98370.0,0.0,295.4,-2.4994245e-13,7.671854e-14,-2.3788688e-14,1.15506,1.7262605436363025e-15,2.397642109454861e-16,8.647111761732093e-16,2.6253164450880097e-13,1.9455558998817458e-15,0.5534930905771464
0.002039934,0.053387694,0.00054659264,98370.0,0.0,295.4,2.18074e-13,2.0098766e-13,1.5520929e-13,1.15506,2.3065897246280414e-15,7.431427208164129e-16,6.476786507417505e-16,3.347271017569084e-13,2.5084068441719613e-15,1.4079290131187046
0.0011720242,0.003972308,-0.0043740757,98065.04,3.5349174e-07,296.02512,-2.7133462,0.46385238,10.211303,1.149045,0.0078483224218263,0.0013417722625439,0.0295369688909784,10.575826945884424,0.0305913230983574,3.018916579372005
0.0024944716,0.0062184613,0.0014401756,97749.44,0.0014448939,307.102,-9.854548,18.259037,-5.7954497,1.0834037,0.0277375550627697,0.0512521151768347,0.0163118823157324,21.54278964472575,0.0605163513080722,1.9202423830851167
-1.5183822e-19,0.038563076,-0.0013781823,99205.05,0.99796814,232.53238,-4.214715,282.8069,-120.45473,0.10363775,0.0142703399448092,0.2436544040819256,0.1038629692891813,307.41966184600835,0.265252007759082,0.9187882
0.0004505431,0.04036,-0.0016814725,142675.5,0.0005256451,320.59012,22.331137,143.511,-77.8757,1.5329462,0.0618472210512742,0.3974543180545428,0.2156655038226021,164.7990031863141,0.4564062041986542,1.1605245659162278
-0.00025366183,0.03923692,-0.00041642482,137240.12,0.9999419,225.32237,-64.90139,937.6366,-92.007385,0.14763488,0.0567136784947159,0.8206437022564419,0.0804030384912218,944.37277755028,0.826521128574571,0.3250667997750489
0.0009523381,0.059003077,0.0005498259,98370.0,0.0,295.4,-2.7777186e-13,-2.9716713e-13,1.2015874e-13,1.15506,3.005461528274389e-15,1.0885369073858168e-15,2.369851495237585e-15,4.241504829169526e-13,3.979184301607343e-15,0.7331079584049207
-0.0050100614,0.02373846,0.0013424361,89521.234,0.0005791674,288.8515,-6.1807785,-26.193314,3.366335,1.0667688,0.0180163780471944,0.076404772694854,0.0098082836773623,27.12238803094011,0.079110565648258,3.4578638180467665
0.004893632,0.001752484,0.0028211633,97959.25,8.3576836e-14,295.2755,-7.141826,0.30975375,-4.109604,1.1507262,0.0206845320918012,0.0008971263634831,0.0119024118126038,8.245633452727029,0.0238814176824915,3.7657282911773824
0.0006470514,0.01655077,-0.0006470514,91752.86,0.9992419,207.16376,-18.832676,1271.63,18.765663,0.1074815,0.0172033181792971,1.1613591406643582,0.0171415632947467,1271.9078884467815,1.1616130340837358,0.6100459102883323
-0.004745321,0.059676923,1.5026859e-19,98370.0,0.0,295.4,4.4394525e-13,1.1919136e-13,-3.15963e-14,1.15506,2.1546445803271404e-15,7.303265174352804e-16,1.2664458590771529e-15,4.607518762521778e-13,2.6037963060838555e-15,3.1635473333333333
0.0011935149,0.05091692,0.0006890677,98370.0,0.0,295.4,-3.92745e-14,2.1421831e-12,1.025802e-13,1.15506,2.368675183843576e-15,6.2029924135930096e-15,2.0346457364681845e-15,2.144997346783417e-12,6.94460368074212e-15,0.9187653821431114
0.00021488206,0.03204923,0.0008019567,93345.31,0.9998152,215.06476,9.137397,1166.3113,12.020013,0.1052675,0.0081808308858577,1.0447989164083875,0.010770144994219,1166.4090282761642,1.0448864520823875,0.5534975051172251
-2.7755577e-20,0.00532,-0.0003036618,14407.862,1.0,108.60563,-1.0433502,2515.7563,-160.06541,0.031997465,0.0625984457199692,3.174250644912232,0.2033890744313784,2520.8434669863573,3.1813759346751724,0.2024412
-0.0052270126,0.069335386,0.001400568,98370.0,0.0,295.4,3.1279937e-13,4.179113e-13,-1.420889e-13,1.15506,1.5877444577446773e-15,1.719567866634646e-15,9.077617038127019e-16,5.410014381157383e-13,2.5103540431521418e-15,3.607600091361616
0.0004151182,0.041033845,0.00071900955,152613.75,0.0003261865,325.68774,17.917488,163.71413,31.206888,1.618275,0.0492902340066534,0.4504502861361398,0.085850898144147,167.6222616376822,0.4611999177804757,0.5534930905771464
0.002705682,0.05091692,0.0046863924,98370.0,0.0,295.4,-5.166536e-13,1.9463231e-13,-4.641811e-13,1.15506,2.271090985752405e-15,7.00918910406001e-16,2.3527261939722844e-15,7.213021364768761e-13,3.34431788685434e-15,3.607583913671109
-0.002176526,0.032723077,0.002176526,98614.5,0.48374313,248.89925,-107.311775,17.695383,104.292465,0.21434875,0.1289528535258344,0.020837814395992,0.1259113719029492,150.68464383919,0.1814296737464406,2.052048392038442
-0.000530325,0.065292306,-0.000530325,98370.0,0.0,295.4,-2.3001729e-13,1.3981325e-14,1.9153846e-13,1.15506,1.4026054530419713e-15,1.308657941275586e-16,1.7716326526562129e-15,2.996504844095389e-13,2.2634288521916035e-15,0.4999952049770078
-0.00248237,0.028455384,-0.004299605,91076.375,0.00023620352,289.50638,-14.390713,-18.140274,-26.429,1.0877663,0.0420350929187403,0.052978884411174,0.0771726262662569,35.137646512585974,0.1026125015530321,3.3098347708290348
-0.0009151009,0.052264616,-1.7975756e-20,98370.0,0.0,295.4,2.2098804e-13,1.3375912e-13,-1.6200232e-13,1.15506,1.4554452905664142e-15,1.1324629138270953e-15,7.045641603428781e-16,3.049130493953947e-13,1.974133709014e-15,0.6100672666666667
0.00083024846,0.045301538,7.986765e-20,98859.8,7.294649e-30,295.7265,0.055084113,1.2937989,0.00019144124,1.1595325,0.0001593979857792,0.0037438945175765,2.106948620864354e-05,1.2949709995964989,0.0037473454337515,0.5534989733333333
0.0019461956,0.017,-0.0033709237,95478.55,0.08402641,279.93912,-8.467627,38.01555,9.621826,0.5805361,0.0182795945023611,0.0774716246066112,0.0234499928458393,40.11810419733097,0.0829813133110602,2.594935572283576
-0.0037597984,0.009138461,0.001007429,97702.984,0.0011586351,299.58762,5.807846,1.5119478,-1.1117902,1.1141038,0.0165773329927763,0.0047258681643875,0.003181347336017,6.103534939562226,0.0175289124001731,2.5949521253287604
0.0037359586,0.022615384,0.0021569484,90175.92,0.044210363,276.31314,11.000133,-2.6800416,6.439641,0.7343915,0.0262856823832799,0.012558889127132,0.0153626260305636,13.025149719074273,0.0329343752486245,2.875939503395293
-0.00037499773,0.04867077,-0.0006495165,98370.0,0.0,295.4,-3.4880914e-09,2.097635e-07,-6.0759198e-09,1.15506,1.010025827478573e-11,6.073996832761861e-10,1.7593679695172696e-11,2.0988046482529243e-07,6.077383713625832e-10,0.4999977694516481
0.00041642482,0.04036,-0.00025366183,166725.62,0.068926565,293.5291,58.326237,279.5145,-36.056976,1.1142104,0.1215032313719885,0.5979548155738648,0.074661723646932,287.80272957547635,0.6147254425186421,0.3250667997750489
0.00050239643,0.040135384,-0.00087018503,151908.25,0.114169754,275.80576,85.66015,274.23212,-143.37881,0.8947673,0.1632986946919726,0.5362140806363709,0.2724867840608848,321.0893957992587,0.6232503922571199,0.6698670379885004
0.0008839167,0.034070767,0.00023684214,93705.21,0.9997121,220.94725,7.552775,1033.1755,7.49997,0.102867,0.0066665383979629,0.913194455258164,0.0066273546219657,1033.230326577986,0.9132428360944048,0.6100648168910395
-0.0049647847,0.02823077,9.37506e-20,90653.95,0.0002982994,289.11652,-29.480724,-19.803638,0.22118002,1.0832838,0.0861083452792158,0.0578539360083823,0.011354184783055,35.51543447855407,0.1043582414113729,3.3098564666666666
-1.7793022999999998e-19,0.036316924,-0.0017407954,92761.08,0.96285623,233.75862,-12.059482,361.66638,-16.95172,0.09965849,0.0105433936008866,0.3161676703460752,0.0148207980024146,362.2642162005117,0.3166904087182244,1.1605302666666666
0.0005954578,0.040584616,-0.0022223014,136007.88,1.2393538e-06,317.74475,16.598286,111.108376,-57.473186,1.4846625,0.0463447368908846,0.3101999341284897,0.1604610737469818,126.18930788496216,0.3523061026420618,1.533796090173774
0.0005329707,0.00824,-0.00031432978,74389.69,0.999941,174.54387,232.74513,1892.1125,-137.42159,0.10327714,0.2312463335366509,1.881130373022025,0.1365618968785247,1911.3201462845243,1.900204067661994,0.4125050721052952
-0.0031664888,0.05069231,0.00084845215,98370.0,0.0,295.4,-1.1746938e-12,2.59997e-12,-7.982836e-14,1.15506,3.4014909872192777e-15,7.528578267511825e-15,8.514641352970772e-16,2.854141217900532e-12,8.305096196907205e-15,2.185459257238885
-0.00097446906,0.065292306,-0.00097446906,98370.0,0.0,295.4,-1.6357876e-13,2.0921478e-13,-4.04261e-13,1.15506,3.351692973789835e-15,1.198117477592364e-15,3.1332763862858217e-15,4.836897673246624e-13,4.742019843223009e-15,0.918738240509974
-0.0039621918,0.04956923,-0.0010616601,98370.0,0.0,295.4,-6.253108e-11,3.7269338e-10,-1.6251625e-11,1.15506,1.8106751019733015e-13,1.0791860155499293e-12,4.705886261272554e-14,3.7825204133875e-10,1.0952818979413454e-12,2.734640827760201
-0.0017618468,0.038787693,0.0017618468,106273.125,0.009790316,290.70175,-85.36214,30.23445,89.00703,1.1299939,0.2342161843643491,0.0838613775692748,0.2443283936582115,126.97664470918656,0.3486922935965365,1.6610850929224252
-0.00043177773,0.0008336973,0.0016371112,97885.0,2.040765e-06,295.96762,1.6050608,6.8891163,-7.390604,1.1471325,0.0046433408197353,0.0199272472290117,0.0213802468934555,10.23020874916237,0.0295934241567191,1.128728899502916
0.0024917016,0.031375386,-1.6060752e-19,89714.73,0.3468969,259.48636,-21.544624,282.142,-3.1555407,0.21495612,0.0428816432540778,0.3687232851075415,0.0087287788343998,282.98098244300934,0.3713110392765171,1.6611344
0.0029004794,0.026433846,0.0029004794,87561.5,0.10221504,265.456,50.0825,-27.339989,47.23229,0.52675176,0.0970091168162039,0.0546647544208714,0.0920012076671672,74.07172890795935,0.1444410825685383,2.7345982032425185
0.00044156975,0.020369232,-0.0001279371,90936.4,0.9999691,193.30013,-41.592323,1681.6975,3.3432438,0.11406825,0.0392814252337058,1.5885219922508285,0.0057626383810096,1682.2150814084068,1.5890180484292942,0.3064867194305833
-0.0016814725,0.052264616,-0.0004505431,98370.0,0.0,295.4,7.055224e-14,1.697426e-13,-5.017469e-13,1.15506,1.0135045698386077e-15,9.08694308517177e-16,1.4600806181679125e-15,5.343595423339865e-13,1.9961844280939685e-15,1.1605245659162278
-0.0005870607,0.059003077,-0.0005870607,98370.0,0.0,295.4,-3.5922025e-13,5.7221046e-14,-4.2971613e-13,1.15506,1.5648149970012902e-15,2.2869028505244705e-16,1.815212243022314e-15,5.630003450243823e-13,2.4074760037299684e-15,0.5534861359174952
-0.000530325,0.040135384,0.000530325,152453.75,0.20124991,263.338,-108.36104,355.89124,108.64798,0.70771414,0.1796659666036188,0.5914635978540549,0.1809056379815921,387.5629926304879,0.6440775551093227,0.4999952049770078
-0.0001279371,0.037215386,0.00044156975,92521.73,0.99996036,204.959,7.4492435,1388.8674,-7.079874,0.10945875,0.0068339825449753,1.274003297361542,0.0064942208905027,1388.9054217718851,1.274038178356709,0.3064867194305833
-0.0024944716,0.003972308,0.0014401756,97868.67,9.7019176e-05,298.17438,16.603462,6.937066,-9.246325,1.137025,0.0478221942176684,0.0199747520519536,0.0266306546990534,20.23097528740088,0.0582678706409427,1.9202423830851167
-0.0010616601,0.05159077,0.0039621918,98370.0,0.0,295.4,5.5153825e-13,2.5995932e-13,-1.1026588e-12,1.15506,1.5970564679708697e-15,1.2940800441972166e-15,3.8499892211687e-15,1.2600117929945596e-12,4.364361296431843e-15,2.734640827760201
0.0014401756,0.03317231,-0.0024944716,98551.17,0.75725996,241.82237,66.418564,32.12046,-113.0584,0.13268712,0.0665564311272054,0.0302117115863566,0.113195186553666,135.001301493703,0.1347429267170892,1.9202423830851167
-0.0043740757,0.052489232,0.0011720242,98370.0,0.0,295.4,-1.6958826e-13,1.9844174e-13,2.1784526e-13,1.15506,3.384553345086972e-15,1.5955470697154632e-15,1.3689777720452937e-15,3.3999391084036023e-13,3.984353390171498e-15,3.018916579372005
-0.0056386283,0.049793847,1.4617036e-19,98370.0,0.0,295.4,-5.3838973e-12,2.5270014e-11,8.637873e-15,1.15506,1.5589831563185428e-14,7.317287238924293e-14,2.8983041071007143e-15,2.5837183134196213e-11,7.487130470719847e-14,3.759085533333333
0.0052270126,0.011609231,0.001400568,98386.375,1.8938748e-07,296.16312,-8.8847685,1.4189875,-2.6444376,1.152275,0.0256938737941489,0.0041037399939507,0.0076480984854547,9.377936182553295,0.0271202736514736,3.607600091361616
-0.0038924366,0.057206154,1.5418135999999998e-19,98370.0,0.0,295.4,-7.050946e-13,4.148871e-14,-4.1068887e-14,1.15506,2.268749091086767e-15,2.846856275340266e-16,5.521642787969762e-16,7.075071458904447e-13,2.352265660084094e-15,2.5949577333333336
0.0024944716,0.025086153,-0.0014401756,88519.94,0.5851505,255.41412,1.8083982,284.70175,6.1219378,0.1370075,0.0410569579893619,0.2982965918226719,0.0204932038091804,284.7733043660156,0.301805404018428,1.9202423830851167
0.0012321778,0.0017449552,0.0012345894,97634.984,1.1537426e-06,295.95386,-9.202115,20.194937,-9.179763,1.14427,0.0266207340226275,0.0584217140280239,0.0265560956028855,24.01629550208281,0.0694765166336459,1.1628457655262416
-0.0005830067,0.061473846,0.00016102531,98370.0,0.0,295.4,3.0968812e-13,8.6448494e-14,-7.51551e-15,1.15506,1.7398314369475022e-15,6.55419746471699e-16,1.1094890327950937e-15,3.21615541718e-13,2.165076069552391e-15,0.4032236559999844
-1.588243e-19,0.034295384,-0.0028803973,98778.21,0.6232948,243.513,4.3033624,10.78301,-155.21925,0.16849263,0.0228209733929493,0.0113015102277162,0.1712904882587012,155.6528438646989,0.1731731859380462,1.9202648666666664
-0.0025933797,0.0064430768,0.004491879,97879.484,9.531151e-08,296.12137,4.06196,-0.746494,-6.92336,1.1465025,0.0117474260766845,0.0021588589825543,0.0200231859604681,8.0616180772371,0.0233150309358835,3.4578474498201968
-0.0030503666,0.05743077,0.0030503666,98370.0,0.0,295.4,-8.9236496e-13,-2.0047221e-13,5.5852865e-13,1.15506,2.8428227012205187e-15,7.66793694697825e-16,2.0908837116620265e-15,1.071661598495023e-12,3.61128899099707e-15,2.875913210619937
0.00097446906,0.01947077,-0.00097446906,92632.58,0.91794884,236.45638,49.137424,724.1445,-46.06402,0.10320939,0.0441826312194126,0.6436395785386047,0.0414216768697617,727.2699892448238,0.6464826117364072,0.918738240509974
0.00016102531,0.059003077,-0.0005830067,98370.0,0.0,295.4,-2.7442062e-13,-1.1317899e-13,4.0965663e-13,1.15506,1.5522200488807393e-15,3.8171402506477076e-16,1.7579060274285932e-15,5.058999060699275e-13,2.375989536666408e-15,0.4032236559999844
0.00040334585,0.039686155,0.0015053301,126937.75,0.08819956,275.331,58.119972,142.727,220.78125,0.8783996,0.120168058906308,0.3032021294212807,0.45524124020774,269.24577624513125,0.560014714496673,1.038953872289757
-0.004149602,0.053163078,-0.004149602,98370.0,0.0,295.4,-3.2885237e-13,-9.099151e-14,-2.6257794e-13,1.15506,1.980206546584e-15,3.351339362710771e-16,1.3313313471968088e-15,4.3054675788041965e-13,2.4095592705728465e-15,3.912282284567013
0.0012849732,0.0026246153,-0.004795607,97979.46,7.649306e-10,295.41687,-2.5203075,0.6848395,9.251003,1.1504112,0.0072975876107189,0.0019830014380366,0.0267868248956506,9.61259650361574,0.0278338115900359,3.309850793761437
-0.0004982899,0.005769231,-0.0018596658,95875.61,0.014245917,370.58762,-3.9145977,228.2285,-7.9030986,0.7679585,0.0090545223140909,0.5383236998435016,0.0256310397842134,228.3988424990025,0.5390095921112654,1.2835107603984124
0.0030503666,0.06372,-0.0030503666,98370.0,0.0,295.4,1.4456616e-13,3.146315e-13,-2.4397539e-13,1.15506,2.5709467645283127e-15,3.0770451039049537e-15,2.3730580608697857e-15,4.2357566777973413e-13,4.659332398290888e-15,2.875913210619937
0.00016102531,0.03362154,0.0005830067,94510.73,0.9999492,208.07225,10.162557,1364.655,14.741637,0.11014512,0.0092495897815622,1.2425498436042388,0.0134164227979565,1364.7724581230448,1.2426566980275522,0.4032236559999844
1.7975756e-20,0.014304616,-0.0009151009,105090.625,0.998769,215.6545,1.8601323,1094.7913,1.0951499,0.11832163,0.0026473584645877,0.9800712918822452,0.0185143188137821,1094.793428004191,0.980249726181911,0.6100672666666667
-0.0006470514,0.053163078,0.0006470514,98370.0,0.0,295.4,-5.275574e-13,2.0474498e-13,9.554416e-14,1.15506,2.4524818680278505e-15,5.92867833449525e-16,1.6121859730206859e-15,5.739041763570518e-13,2.9942116145237906e-15,0.6100459102883323
-0.00059997645,0.023513846,0.0010392044,87849.69,0.9919709,226.52063,-8.065533,810.7724,-4.7810416,0.094753414,0.0070658398098708,0.7101838586826347,0.0042944817612468,810.8266126510124,0.710231991534578,0.799977090098061
-0.00074549386,0.00868923,0.0027822433,97197.086,0.010942406,323.9125,-1.0722079,60.075123,2.4554136,0.9100126,0.005351911027366,0.154672350503229,0.0191666460127847,60.13484089272222,0.1559472323615201,1.920259111647012
0.0038263933,0.035418462,0.0038263933,99168.21,1.4819942e-10,296.27612,23.409338,3.6966062,23.480312,1.1609913,0.0676841271243878,0.0106879335880086,0.0678906320214939,33.36146061870593,0.0964598927287909,3.607558199889029
-0.00031057486,0.060575385,-0.001159104,98370.0,0.0,295.4,-6.1352106e-13,3.2340862e-13,1.6207864e-14,1.15506,1.8644313355643163e-15,1.5248055413201313e-15,2.802915931624325e-15,6.937318800583339e-13,3.695601962282759e-15,0.7999941184450516
-0.0009008322,0.0462,-0.0033619737,98372.65,0.0,295.40176,-0.0002984202,0.006959875,-0.001118451,1.15509,8.641145227578774e-07,2.0153222305687664e-05,3.2386202931609206e-06,0.0070554834895132,2.0430069128962377e-05,2.32037983596063
-0.00248237,0.004196923,0.004299605,98080.56,6.278055e-08,295.93088,4.696691,0.21695529,-8.036914,1.1496,0.013587572072208,0.0007236234615983,0.0232511512494322,9.311174071551664,0.0269399662240989,3.3098347708290348
-0.004149602,0.038787693,0.004149602,110767.25,1.6015130000000001e-18,303.49487,-25.381174,32.524876,25.8841,1.2659326,0.0725073801279486,0.0929136485504928,0.0739456349378968,48.70377998927447,0.139133831925783,3.912282284567013
-0.0017618468,0.035418462,0.0017618468,95490.7,0.9068813,237.65237,-78.94288,17.505592,70.316765,0.10711854,0.0712008574400501,0.0206711951108166,0.0637210107630489,107.15816111724804,0.0977610741561915,1.6610850929224252
0.0012,0.021716923,-1.6653346e-19,90061.5,0.993796,225.19475,11.830016,769.08527,-8.965687,0.097536564,0.0103900090085607,0.6750279298409645,0.0078693735048871,769.2285000914326,0.6751537494466986,0.7999999999999999
0.0009705788,0.028904615,0.00026006208,89215.766,0.999399,221.687,6.093006,928.0849,9.871818,0.0976408,0.005358950632352,0.8190531549840869,0.0087004062881319,928.1573999709052,0.8191168940455601,0.6698774323920479
0.0006470514,0.06574154,-0.0006470514,98370.0,0.0,295.4,5.5890774e-13,-1.1130289e-14,-5.359585e-13,1.15506,2.017523037520636e-15,2.1041963991306395e-16,2.040351535202828e-15,7.744373821603533e-13,2.8771009747647325e-15,0.6100459102883323
0.00153905,0.045301538,0.0026657272,98559.234,1.1646552e-38,295.52625,0.03803446,0.49395475,0.065340236,1.1567912,0.0001101057207531,0.001429946366599,0.0001891530775865,0.4997071758896302,0.0014465990349273,2.0520749831783918
-4.1633363999999997e-20,0.06416923,-0.00045,98370.0,0.0,295.4,-5.0461757e-14,1.6152861e-13,4.792335e-13,1.15506,2.3818148184080565e-15,5.651607723952522e-16,3.827999052424181e-15,5.082348160942039e-13,4.54378974790901e-15,0.3
-0.0050100614,0.06484307,-0.0013424361,98370.0,0.0,295.4,6.480106e-13,1.6456544e-13,3.406078e-13,1.15506,3.755444804914152e-15,6.011246516551387e-16,1.1745624046999982e-15,7.503420521172952e-13,3.980491599302635e-15,3.4578638180467665
0.0035105823,0.05451077,-0.0035105823,98370.0,0.0,295.4,2.4922975e-13,2.5349514e-13,2.8243473e-14,1.15506,1.819831840213916e-15,7.518110185595763e-16,1.586037154573247e-15,3.5661316304335133e-13,2.5283436455455885e-15,3.309808733657956
0.0009626141,0.052713845,0.0016673111,98370.0,0.0,295.4,-6.99163e-15,8.790389e-15,1.3584836e-13,1.15506,1.6385774361373137e-15,4.419053927620477e-16,1.6435875919241065e-15,1.3631188775568262e-13,2.362540277476216e-15,1.2834938790837072
0.0024067922,0.0055446154,-0.000644892,98030.734,0.0013941386,319.6835,-10.636321,47.57215,3.289825,1.0447187,0.0293631899665793,0.1308027788641028,0.0090962076537195,48.85758619260848,0.1343663085645519,1.6611287174214255
0.00041642482,0.05293846,0.00025366183,98370.0,0.0,295.4,1.633306e-13,1.0868569e-13,2.8049164e-13,1.15506,2.650521952507895e-15,3.147146924467877e-16,1.5332557441103688e-15,3.4229376888431043e-13,3.0781788666702884e-15,0.3250667997750489
0.00153905,0.012956923,-0.0026657272,100714.625,0.020858675,311.37738,-3.8713038,94.52069,5.3160186,0.8792615,0.0096406791612333,0.2355641876019054,0.0132377426438488,94.74918408589882,0.2361327317538597,2.0520749831783918
0.0007244437,0.025535384,0.00019411351,87824.69,0.99987936,202.95563,20.109787,1424.175,4.5418687,0.104945876,0.0185315497860594,1.313152794171599,0.0041818268816507,1424.3242126459386,1.3132902066391188,0.4999994352148855
0.00019411351,0.022166153,-0.0007244437,88551.55,0.999877,200.0545,13.53168,1494.7288,-41.491337,0.10734412,0.0125644315966184,1.388141081027201,0.038540577183698,1495.3657823285612,1.388732840349923,0.4999994352148855
-0.0029004794,0.053163078,-0.0029004794,98370.0,0.0,295.4,-1.12324416e-13,3.1631378e-14,-4.288819e-14,1.15506,1.689676687312296e-15,6.918162860447033e-16,1.3486624461759893e-15,1.243250390926785e-13,2.2699135391042417e-15,2.7345982032425185
0.0004982899,0.050467692,-0.0018596658,98370.0,0.0,295.4,7.8521087e-13,1.5944522e-11,-1.1944769e-12,1.15506,2.3299028616823494e-15,4.6169600925613196e-14,4.026520165897706e-15,1.6008470038810197e-11,4.640337661875092e-14,1.2835107603984124
-0.0022223014,0.012732307,0.0005954578,97080.71,0.04068054,337.6235,-13.133928,182.51663,5.464954,0.64738035,0.0288870233370262,0.397761947166331,0.0118513036664381,183.07016691282115,0.3989855638107965,1.533796090173774
-0.0007924895,0.04417846,0.00045754042,120307.5,1.02090715e-19,309.05386,-2.3146062,53.515152,1.3757725,1.350095,0.0065498228193597,0.1514459737178479,0.0038930878384643,53.58284842574104,0.1516375259203014,0.610057499491838
0.002264169,0.069110766,-0.00392167,98370.0,0.0,295.4,5.35317e-13,-8.6271126e-14,-6.1251324e-13,1.15506,3.036570601042253e-15,6.707501376978857e-16,3.305581315987889e-15,8.180339032372713e-13,4.538450682660776e-15,3.0189002301766195
-0.00075,0.024187692,-1.2490008e-19,88783.664,0.9999134,201.24901,8.523712,1474.2,-5.4613614,0.106986,0.007897967160366,1.3649481125926797,0.0050557236231433,1474.2347574706685,1.3649803252417003,0.5
-0.0031915514,0.007566154,-0.0018426349,97647.984,0.00045445337,299.89514,10.576579,1.3664192,5.9469185,1.12263,0.0303017214357585,0.0045799973700512,0.0170433644217237,12.210526787121507,0.0350663224289582,2.4568546932603774
0.001007429,0.030027693,0.0037597984,92532.984,0.041748974,270.51025,15.463516,-3.5529838,53.5029,0.7841009,0.0373803589793548,0.0122672786748771,0.1302053606058112,55.80595245469177,0.136019165171684,2.5949521253287604
-0.0011019303,0.017673846,-0.0011019303,97327.336,0.81257474,243.6625,-68.97265,609.502,-79.30882,0.1195345,0.0665046538477952,0.5663634505863206,0.0769115542397825,618.4980221325003,0.5754179475120998,1.0389098500332354
-1.3877788e-20,0.0608,-0.00015293711,98370.0,0.0,295.4,3.596531e-14,-5.3124876e-14,5.583311e-13,1.15506,9.088009305770832e-16,1.1977443969578684e-15,1.6167261982945118e-15,5.62004780407268e-13,2.207784946980472e-15,0.1019580733333333
0.0030503666,0.06664,-0.0030503666,98370.0,0.0,295.4,5.0400027e-13,2.9826052e-13,-5.8202363e-13,1.15506,2.80448644633e-15,2.2680618241192385e-15,2.530538940846005e-15,8.256676788085629e-13,4.406004538900724e-15,2.875913210619937
0.00029804165,0.0059938463,-0.00014174538,70849.766,0.99999934,170.023,-491.42688,2024.0312,252.91162,0.10006804,0.4941063397325045,2.0434633326163603,0.2541170786099052,2098.134162652855,2.1176541163166016,0.2200207847616693
-0.004313942,0.021941539,1.5224762e-19,91186.664,0.059306864,274.81488,-12.363571,6.2089634,2.8413048,0.6675414,0.0278169826109056,0.0130677543370959,0.0063178774435497,14.123814192387394,0.0313762059590038,2.8759613333333336
-0.0028192918,0.029353846,-0.0048831706,93128.484,5.3525997e-07,292.3035,-13.2284,-12.564875,-23.338362,1.1050925,0.0385092781646986,0.036576008660654,0.0679347363314501,29.623399385767144,0.0862316491477115,3.7590637937450806
1.0156928e-19,0.008913846,0.0010996894,91327.29,0.99536115,208.74013,1.5787313,1188.9612,19.248901,0.106575,0.0038505344718346,1.08446525388506,0.0187827556863779,1189.1180545629882,1.0846347336365734,0.7331262666666666
0.0022223014,0.06282154,-0.0005954578,98370.0,0.0,295.4,3.8384275e-13,-9.819556e-14,-1.4860937e-13,1.15506,2.192694100761568e-15,8.709864038543249e-16,9.86961309400855e-16,4.2315761789559344e-13,2.5574630713791203e-15,1.533796090173774
0.00028127836,0.038787693,-0.00028127836,111862.25,0.9999684,213.24437,22.119213,1232.8163,-22.398113,0.12712762,0.0198507927481947,1.108996941817449,0.0201062917621756,1233.2181334197896,1.1093568109051353,0.2651917810093745
-0.0027523169,0.024636922,-0.0027523169,91126.21,0.32934248,255.17062,-40.71919,6.012158,-41.122013,0.23628762,0.0565617289100341,0.0087041030630199,0.0571369932420347,58.18262997875941,0.0808679577098629,2.594909258619116
-0.00035669186,0.056083076,0.001331215,98370.0,0.0,295.4,6.1248166e-14,-1.5946916e-13,-4.267741e-13,1.15506,1.2407765980014698e-15,5.338007792321066e-16,1.6403851486722646e-15,4.596932490914775e-13,2.1249313574893265e-15,0.9187823969714264
0.00023684214,0.01408,-0.0008839167,104258.25,0.99849665,215.33826,-10.554771,1099.0334,39.89251,0.11758338,0.0094689990007797,0.9847540356629868,0.0357830544596689,1099.807814966107,0.9854494404499295,0.6100648168910395
0.0018984762,0.046873845,-0.0018984762,98370.2,0.0,295.4,4.9468137e-05,0.0005450804,-4.94966e-05,1.1550651,1.4324193893607357e-07,1.578356794086134e-06,1.4332435584019078e-07,0.0005495540487103,1.5913108726722851e-06,1.7899005265883576
0.0012849732,0.048446152,0.004795607,98370.0,0.0,295.4,2.370157e-09,4.3692424e-08,8.795554e-09,1.15506,6.863122176540272e-12,1.2651755446412023e-10,2.546876160233684e-11,4.4631909317968254e-08,1.2923796598193739e-10,3.309850793761437
1.5513156999999998e-19,0.069110766,0.0036853154,98370.0,0.0,295.4,-4.8649625e-14,1.1510927e-13,6.1545e-13,1.15506,8.172594056683698e-16,3.5354010826717423e-16,2.1694268537780734e-15,6.280092615181511e-13,2.345062135253651e-15,2.456876933333333
0.0012458276,0.014978462,0.0021578514,98249.85,0.06688159,303.01913,-7.7308664,213.42062,-15.042612,0.5953849,0.0160776989814222,0.4429534925442185,0.0312261307192705,214.0897183712044,0.4443437410399242,1.6611119533351038
0.00035669186,0.03362154,0.001331215,94591.39,0.9892266,233.70387,11.419216,575.6212,5.20489,0.09913335,0.0098597235431501,0.4969723366015357,0.0044927747463499,575.7579832389706,0.4970904369633949,0.9187823969714264
0.0016673111,0.06731384,-0.0009626141,98370.0,0.0,295.4,-1.5713087e-13,1.7386353e-13,-3.0439873e-13,1.15506,1.2823752727004373e-15,7.523945987393651e-16,1.396927864069458e-15,3.841578115783026e-13,2.0400959363861664e-15,1.2834938790837072
0.00041642482,0.012732307,-0.00025366183,76049.1,0.9999725,179.19913,-5.3571625,1866.7426,1.6192373,0.10286141,0.0229918648203391,1.8316413185196807,0.0166781492554716,1866.7509892254632,1.8318615412249424,0.3250667997750489
-0.0026849245,0.030476922,1.8747665e-19,93078.914,0.43016824,260.1671,55.113262,226.64838,3.1164513,0.19381237,0.0626455536342404,0.2794986060242801,0.0069764679293497,233.2738135188138,0.2865180749349428,1.7899496666666668
-0.0006890677,0.058104616,0.0011935149,98370.0,0.0,295.4,4.8552874e-14,-2.504305e-13,-3.6690437e-13,1.15506,1.5525385225383992e-15,2.3270634117112493e-15,2.1037700335261592e-15,4.468686984215909e-13,3.5002068996065894e-15,0.9187653821431114
-0.0007244437,0.067987695,-0.00019411351,98370.0,0.0,295.4,-2.0093099e-13,-1.0936276e-14,-2.3000807e-13,1.15506,1.7707919740291857e-15,5.040637570376367e-16,1.406882191803918e-15,3.056085357778038e-13,2.3171322767723202e-15,0.4999994352148855
0.0013424391,0.019695384,-0.0023251872,92845.9,0.48700163,253.9525,-45.84095,308.30774,51.895775,0.17373912,0.0541924217494665,0.3572742143378843,0.061925633847625,315.98770024110235,0.3666285135300508,1.7899271558427734
-0.00044156975,0.014753846,0.0001279371,112838.0,0.9999656,199.03337,-69.38424,1658.1375,24.746624,0.13743062,0.0646199734165738,1.543535340954463,0.0230545274598583,1659.773037817528,1.5450594166491354,0.3064867194305833
0.0014401756,0.015427692,0.0024944716,97216.02,0.097895175,281.89914,-12.69859,156.77762,-25.295113,0.52128977,0.0248142485843005,0.3061871619614331,0.0492742611140933,159.3120179475964,0.3111177878089585,1.9202423830851167
1.5183822e-19,0.008015385,0.0013781823,99028.32,0.738001,250.89337,-1.4818125,766.74286,178.5435,0.13152362,0.0256797156870947,0.734964343055387,0.1763067244353056,787.2576392271558,0.7562513434313446,0.9187882
0.004795607,0.041033845,0.0012849732,122185.625,2.9589047000000003e-22,310.14337,29.078075,60.19765,7.9115114,1.3665012,0.0821741701794028,0.1701162957764412,0.0223582246927458,67.3192656218148,0.1902420525141126,3.309850793761437
0.0010559278,0.0073415386,-0.0018289352,97428.31,0.005357896,375.114,5.418194,182.73413,-8.583975,0.8414994,0.0133885450664231,0.4530941386635282,0.0212052112169844,183.0158564711789,0.4537876294182082,1.407912163392128
0.0017402662,0.015876923,0.0030142437,96709.125,0.090491585,278.82288,-11.482192,87.95776,-21.2493,0.551431,0.0232131979586451,0.1760897294959297,0.0427102548663661,91.21371074478036,0.1826762471263488,2.3203631449363105
0.0017618468,0.023963077,-0.0017618468,89664.7,0.457001,261.78925,-44.37225,456.95724,63.392113,0.1734685,0.0527396551359393,0.5369499742220382,0.0757307956352953,463.4623779219677,0.5448228147282932,1.6610850929224252
-0.0009523381,0.060126156,0.0005498259,98370.0,0.0,295.4,-2.51828e-13,-8.887034e-15,1.8184254e-13,1.15506,3.1049858584892682e-15,9.966831809938737e-16,2.714359482854106e-15,3.107459256546557e-13,4.2428836829277336e-15,0.7331079584049207
-0.0015386239,0.0013214605,-0.00040611275,97859.71,3.3926362e-06,295.99298,7.0976553,14.533675,1.805709,1.1467162,0.0205314497779711,0.0420431452340234,0.0052233267116426,16.274673721949824,0.0470791847114103,1.0608782674670545
0.002372638,0.01655077,-0.0041095437,95850.83,0.001619282,294.71524,-11.006073,-1.5336059,20.235449,1.1044238,0.0315594511103187,0.0070469135819457,0.0580311510229208,23.08590449104052,0.0664324652143893,3.1635254947783733
-1.3285194e-19,0.06686462,-0.0024917016,98370.0,0.0,295.4,-1.20624e-13,-5.87221e-13,5.1072097e-13,1.15506,1.4712380199638153e-15,2.2167944794053403e-15,2.469940776127557e-15,7.875370222502183e-13,3.630334215039525e-15,1.6611344
0.00074549386,0.058104616,-0.0027822433,98370.0,0.0,295.4,1.790105e-13,-6.0322065e-13,1.520577e-14,1.15506,1.361280392065059e-15,1.7467101810480456e-15,2.584529249313305e-15,6.294053758413296e-13,3.403508807532852e-15,1.920259111647012
0.0024067922,0.048895385,0.000644892,98370.0,0.0,295.4,3.897824e-09,3.55714e-08,1.0354653e-09,1.15506,1.1286696154540662e-11,1.0300198532958852e-10,2.998335071663752e-12,3.5799297734487475e-08,1.0366189514534095e-10,1.6611287174214255
-0.0012849732,0.021492308,-0.004795607,91146.516,0.0022964547,289.77325,-0.014688128,-17.657024,-0.8544959,1.0590012,0.0010912200162985,0.0508996148039868,0.0033212873095241,17.677694293114047,0.0510195305516486,3.309850793761437
0.004299605,0.059676923,-0.00248237,98370.0,0.0,295.4,-2.863955e-13,1.4839424e-13,3.7916512e-13,1.15506,2.986185716748878e-15,6.48536040859825e-16,2.0299261156005903e-15,4.978046013347426e-13,3.668583400443071e-15,3.3098347708290348
0.0008703744,0.05204,0.0015075472,98370.0,0.0,295.4,4.937841e-13,1.01073955e-13,7.305881e-13,1.15506,1.4761944210880226e-15,1.7128942903632248e-15,2.1155205405734707e-15,8.875796604551965e-13,3.096543876065477e-15,1.160507581746156
0.0039870623,0.015427692,-0.0039870623,97119.35,1.521866e-06,294.9285,-12.711025,-5.026366,12.64735,1.1421775,0.036835675934006,0.0145664427456751,0.0366506938735191,18.62229775669697,0.0539659303374689,3.759038385790977
-0.0009705788,0.04507692,0.00026006208,99594.85,2.5814922e-27,296.215,-0.16054374,3.2224874,0.0440665,1.1662213,0.0004641135825329,0.0093158598968554,0.0001273911882411,3.226784962161904,0.0093282836336687,0.6698774323920479
0.002838977,0.028006153,-0.0016390758,88417.234,0.41195762,252.61388,14.098225,53.607494,11.940493,0.18828425,0.0363391410635692,0.0674531584940297,0.0143935645082733,56.7018406596621,0.0779591974260413,2.185442735178454
-0.004491879,0.030252308,0.0025933797,93882.3,9.160266e-06,292.58237,-27.39645,-9.838914,15.55035,1.1128476,0.0797043781142821,0.0286263653751656,0.0452458968064516,33.00277392014792,0.096017955940527,3.4578474498201968
0.0018426349,0.026658462,-0.0031915514,91300.96,0.38423926,252.81638,36.02395,-2.1394637,-63.0933,0.20837125,0.0463566360236634,0.0216869151987048,0.08289170561128,72.68470804382527,0.0974181443747176,2.4568546932603774
0.0011165227,0.0050953845,0.0041669416,98016.375,3.0203612e-06,296.48813,-2.7335613,-0.50883156,-10.335313,1.14664,0.0079011026238989,0.001487129560221,0.0298716226379358,10.702801583944211,0.0309346539664742,2.8759558980875943
-0.0024723287,0.00045,-0.0006716765,97744.48,1.094877e-08,295.74075,11.096,3.115715,2.926965,1.146395,0.032111518506927,0.0090168009318677,0.0084704881920486,11.891005847801525,0.0344122287868321,1.7079628569336225
-0.0013496222,0.0030738462,0.0007791963,96248.69,0.021117913,302.94376,-32.901615,96.26498,19.67939,0.9067102,0.0853614762168029,0.2420462431708459,0.0510645866375401,103.61824663050773,0.2616879008733397,1.0389368404857235
0.0012281717,0.06237231,-0.0045836214,98370.0,0.0,295.4,4.4380976e-13,4.83151e-14,-1.2776036e-13,1.15506,1.9268749899605897e-15,5.085773294024827e-16,2.9685820206929858e-15,4.643534877080145e-13,3.5754688280698845e-15,3.163541676540452
-0.0013781823,0.047323078,1.5183822e-19,98370.05,0.0,295.4,-7.960799e-06,0.00012183909,-2.6835139e-09,1.15506,2.3051611038041893e-08,3.52802193345734e-07,3.047306848419662e-09,0.0001220988868906,3.535676038327583e-07,0.9187882
-2.0375435e-19,0.046424616,-0.005186804,98370.2,0.0,295.4,2.0738366e-07,0.00051326386,-0.000119820914,1.1550651,4.54819521298154e-08,1.4862276379611705e-06,3.469582798848563e-07,0.0005270644025371,1.5268664800138345e-06,3.457869333333333
-0.0029342247,0.050243076,0.00508224,98370.0,0.0,295.4,-9.445213e-14,2.3218168e-12,4.844861e-13,1.15506,9.660395968940672e-16,6.7231465113016294e-15,1.7326716072721796e-15,2.373706224181288e-12,7.009713433075683e-15,3.912307532088964
-0.0023251872,0.009138461,0.0013424391,98547.734,0.022164412,330.45486,-4.945607,96.86333,3.0563567,0.7995829,0.0120279211554151,0.2321420664198961,0.0074220372888979,97.03764755786788,0.2325719168913954,1.7899271558427734
-0.004745321,0.053612307,1.5026859e-19,98370.0,0.0,295.4,4.4121082e-13,-2.0145853e-13,1.3858453e-14,1.15506,2.169446726803128e-15,9.207464342479837e-16,1.060084988674132e-15,4.852263221573893e-13,2.584192964898213e-15,3.1635473333333333
0.00014174538,0.05788,0.00029804165,98370.0,0.0,295.4,-3.1164665e-13,-1.4440051e-13,-4.385487e-14,1.15506,1.0985390760096405e-15,1.87906797487657e-15,1.7470184352125842e-15,3.4626347102632634e-13,2.7910137886974826e-15,0.2200207847616693
0.00015012702,0.057655383,0.00015012702,98370.0,0.0,295.4,-2.4853148e-14,-1.2779884e-13,-7.010794e-14,1.15506,1.2885125190399204e-15,5.05698388768961e-16,1.6673754765998301e-15,1.478693535588058e-13,2.1670570717202247e-15,0.1415411118417712
-1.4617036e-19,0.014753846,-0.0056386283,97693.89,7.791295e-07,295.3615,0.044451267,-2.2116249,17.379837,1.14726,0.0065211619623688,0.0064045581988944,0.0503292053949625,17.520045512498157,0.0511524470064804,3.759085533333333
-0.0009151009,0.018796923,-1.7975756e-20,89682.96,0.99958277,207.67274,-47.662064,1278.3638,-4.32255,0.10476588,0.0434466545518148,1.1658507119712722,0.0057733012268773,1279.259302070414,1.166674258481228,0.6100672666666667
-0.00544649,0.00824,0.0014593768,97841.266,3.8805396e-08,295.974,6.635099,-0.922694,-1.6615294,1.1466262,0.019194184713632,0.002669103554783,0.0048067995793963,6.901926028617038,0.0199661253828494,3.7590799089658
-0.0015075472,0.054735385,-0.0008703744,98370.0,0.0,295.4,3.0093503e-13,1.6879249e-14,-1.6307954e-13,1.15506,1.1249875095889122e-15,7.914067385231273e-16,1.4479064557527989e-15,3.4269773517564495e-13,1.9970865347103785e-15,1.160507581746156
-0.002372638,0.042606153,0.0041095437,124841.25,5.5249772e-27,311.5985,-9.726659,63.485313,16.976988,1.3896862,0.0274227157873059,0.1789881931715292,0.047864497456263,66.43200270624388,0.1872959923562183,3.1635254947783733
0.0010616601,0.05451077,-0.0039621918,98370.0,0.0,295.4,-6.347742e-13,1.7203787e-13,1.0750529e-12,1.15506,1.838077899153081e-15,9.73556670101414e-16,3.156262770660558e-15,1.260267452368023e-12,3.7799917500851526e-15,2.734640827760201
-0.0024944716,0.023289232,0.0014401756,90497.3,0.5672694,255.56812,12.276234,310.59613,-9.370862,0.14388426,0.0247902752866869,0.3303472019506721,0.0171166801477507,310.9798626066047,0.3317179710608218,1.9202423830851167
1.5126382999999998e-19,0.03699077,0.0045283833,101239.0,2.5802104e-08,297.66364,0.47113383,9.761326,45.471474,1.1797075,0.0170098082910494,0.0281563854089292,0.1311676442080053,46.50978821814525,0.1352296805604164,3.0189222
-0.0008703744,0.06461846,0.0015075472,98370.0,0.0,295.4,-1.4670799e-13,4.2904292e-14,-2.4264661e-13,1.15506,1.3203483227645912e-15,2.1965491832618503e-16,1.343817157397479e-15,2.86777596660467e-13,1.8966846150817992e-15,1.160507581746156
0.00021488206,0.06551693,0.0008019567,98370.0,0.0,295.4,-7.417846e-14,1.7697737e-13,-1.6789188e-13,1.15506,6.722527174392961e-16,5.124628200531419e-16,1.9752839375736695e-15,2.549727765664854e-13,2.148554977671709e-15,0.5534975051172251
-0.0021119022,0.06753846,1.6234991999999998e-19,98370.0,0.0,295.4,-3.7778938e-13,-8.9155835e-14,1.0089049e-13,1.15506,2.318190788489108e-15,4.19277556527325e-16,8.731905599959163e-16,4.010641713339297e-13,2.512421930191913e-15,1.4079348
-0.0023728441,0.0021034353,0.004115465,97947.89,9.99213e-11,295.3685,4.9188414,0.8215186,-8.516382,1.1502312,0.0142439009731527,0.0023789476109626,0.0246617022704424,9.869075736786291,0.0285787974824804,3.167013404815318
0.00045754042,0.0030738462,-0.0007924895,82060.46,1.0003186,177.57112,404.69025,1777.1613,-693.7061,0.11155255,0.4014488635989877,1.7587358632097785,0.6889805973563864,1950.206306481436,1.9310637716447188,0.610057499491838
0.0026058601,0.011384616,0.0026058601,99415.586,0.0030983437,302.26086,-4.2988772,22.281338,-4.9652777,1.0958087,0.0120599130217811,0.0624179841746111,0.0139278819791706,23.229127208938376,0.0650801978096304,2.45682846337794
-0.0018984762,0.018347692,-0.0018984762,93426.83,0.33519888,262.6365,49.678764,314.829,37.1635,0.23630662,0.0664004752374814,0.4239845139230414,0.049099221262252,320.8837866982651,0.4319521092515704,1.7899005265883576
0.000796675,0.013855385,-0.002973254,100267.14,0.025212426,304.65424,-1.94381,108.87026,9.40405,0.85709125,0.0089973599710069,0.2679317168697704,0.0231618609068912,109.29294609528192,0.2690814545670156,2.0520916596531995
0.0033619737,0.01116,0.0009008322,98662.9,0.0031487825,308.2296,-3.5184186,31.928537,-0.323115,1.0661688,0.0099345353910857,0.08848507956744,0.0021660312909015,32.123436113037776,0.0890673677114468,2.32037983596063
0.0024944716,0.053163078,-0.0014401756,98370.0,0.0,295.4,3.5119688e-13,3.0699014e-13,5.952144e-13,1.15506,2.3735025445904127e-15,1.045691447781099e-15,2.4167621013798245e-15,7.562158266965284e-13,3.545098586471965e-15,1.9202423830851167
0.002050962,0.007566154,-0.0035523847,97875.64,0.00011979741,297.79,-4.83363,-2.8729951,9.101397,1.138225,0.013929110454058,0.0082803320803528,0.0262268031696961,10.698294591809155,0.03082903212727,2.7346242628142687
0.00014174538,0.028006153,0.00029804165,90206.95,0.999986,196.97037,-5.657609,1598.3025,4.2497845,0.11104375,0.005294448670456,1.4954767899936603,0.0041782771313425,1598.3181631684424,1.4954919988406,0.2200207847616693
-0.0022223014,0.047772307,-0.0005954578,98370.0,0.0,295.4,-1.0143017e-06,9.694906e-06,-2.735662e-07,1.15506,2.937052845524339e-09,2.80729624290344e-08,7.921493965603592e-10,9.751658769319264e-06,2.823729802275441e-08,1.533796090173774
-0.001331215,0.04170769,-0.00035669186,140505.88,4.7719027e-08,319.9835,-22.26565,115.25112,-5.2463274,1.5230575,0.0619444297499442,0.320641848803302,0.0145959204249309,117.49937779565,0.3268965409332076,0.9187823969714264
-0.0011503282,0.047772307,0.0019924412,98370.0,0.0,295.4,-5.255695e-07,9.7132925e-06,9.0997327e-07,1.15506,1.5218602924675792e-09,2.8126202179486607e-08,2.634955390858781e-09,9.769970616230172e-06,2.8290321626007763e-08,1.533779196505254
0.0010559278,0.036766153,0.0018289352,93407.766,0.9579724,233.29562,40.999725,54.56913,82.18031,0.10104616,0.0360384668388824,0.0510665981630814,0.0722377146330591,106.82869816078744,0.0955241119061262,1.407912163392128
-0.0025934312,0.051141538,-0.00069490174,98370.0,0.0,295.4,-2.0792406e-14,2.1889732e-13,-1.9107068e-13,1.15506,1.3546693865434189e-15,1.0831152555057302e-15,6.835772831997247e-16,2.913011596374337e-13,1.8642815521411678e-15,1.7899439863847344
0.00074549386,0.034070767,0.0027822433,98495.0,0.51746637,246.32738,40.195637,19.27209,151.71762,0.20437075,0.0477236443751913,0.0216279234561297,0.1797308159485024,158.13076520800206,0.1872123914354719,1.920259111647012
-0.00050239643,0.020369232,0.00087018503,90212.46,0.9990366,216.20613,1.7495744,1044.9882,-18.386524,0.10127333,0.0020227855794682,0.9341165393567166,0.0164262032432178,1045.1514069332843,0.9342631432922184,0.6698670379885004
-0.0036853154,0.065292306,1.5513156999999998e-19,98370.0,0.0,295.4,-5.973985e-13,3.2787754e-14,4.2350926e-14,1.15506,1.7461008441155897e-15,6.187211943264465e-16,4.1307381649310477e-16,5.997946361444657e-13,1.897976304383724e-15,2.456876933333333
0.0009626141,0.014304616,-0.0016673111,99846.836,0.120324515,312.04724,31.677683,308.81262,-35.522797,0.46278536,0.0541247540710659,0.5513241242325264,0.0611095686268813,312.4589236655213,0.5573348709185341,1.2834938790837072
-0.00071900955,0.010486154,-0.0004151182,105034.75,0.9992134,204.325,108.349335,1358.1987,70.2856,0.12473588,0.0997790814267678,1.249111065641615,0.0647027018480778,1364.3252371205306,1.254759243450767,0.5534930905771464
0.0012308755,0.06619077,-0.0012308755,98370.0,0.0,295.4,-3.6908624e-13,-1.466076e-13,3.2259725e-13,1.15506,2.511466428956495e-15,5.761114113386934e-16,1.764187742872889e-15,5.116516653375224e-13,3.1227754280692498e-15,1.160480550461843
-1.6320611e-19,0.034070767,-0.0019252748,93127.4,0.87556773,239.05812,-0.28408948,376.8435,-2.3457015,0.10689013,0.001610551674569,0.3400898955599104,0.0157515047817162,376.8509075411784,0.3404582806182509,1.2835165333333334
-0.004491879,0.065292306,0.0025933797,98370.0,0.0,295.4,1.1506338e-13,-1.944654e-13,-4.6021097e-13,1.15506,2.9116979054534427e-15,6.686983695764159e-16,2.295033957283693e-15,5.126894870411576e-13,3.767269975351033e-15,3.4578474498201968
0.0015075472,0.008015385,-0.0008703744,97873.65,0.11408255,330.873,71.3677,364.90326,-46.376026,0.46295175,0.1217577882748644,0.6418552118741211,0.0797237489133338,374.69784300082415,0.6581481202254975,1.160507581746156
-0.0011503282,0.011833847,0.0019924412,98952.984,0.029886,349.4855,-2.121287,192.01974,4.2624393,0.70357835,0.0061611553295778,0.4326099076818755,0.0095802551556788,192.078756756155,0.4327598333352622,1.533779196505254
-0.004795607,0.02239077,-0.0012849732,90436.25,0.002304165,288.995,-3.8021562,-19.767162,-0.07897836,1.0534525,0.0109356934990365,0.0570386094275486,0.0006356007706022,20.12966276132789,0.0580809464977362,3.309850793761437
-1.8747665e-19,0.032273848,-0.0026849245,95568.17,0.8888757,241.59312,0.4632359,147.96725,-10.324644,0.107105374,0.0018862539885371,0.1325919399372552,0.0183799997558075,148.32774498989826,0.1338730924475021,1.7899496666666668
0.004491879,0.05653231,0.0025933797,98370.0,0.0,295.4,-1.2188463e-13,-8.925222e-14,-4.2914088e-13,1.15506,2.5590320195910065e-15,7.229895878960805e-16,2.15057880344498e-15,4.549546314659734e-13,3.419992399308076e-15,3.4578474498201968
0.004491879,0.05990154,-0.0025933797,98370.0,0.0,295.4,-4.115685e-13,1.4460061e-13,4.0383338e-13,1.15506,3.146102503491981e-15,6.303291945078935e-16,2.141769478812197e-15,5.944572023340676e-13,3.857778163178768e-15,3.4578474498201968
-0.00031432978,0.056083076,0.0005329707,98370.0,0.0,295.4,-8.1568954e-14,1.6780312e-14,-7.0894896e-13,1.15506,1.044743349352555e-15,2.721189410656011e-16,2.772200063783923e-15,7.138232981715804e-13,2.975000937436264e-15,0.4125050721052952
0.0035105823,0.042156924,0.0035105823,124291.625,1.1297714e-26,311.2964,15.633775,62.91499,15.602075,1.3849075,0.044098604937027,0.1774663794831396,0.0440096835172817,66.67934936512466,0.1880847017902758,3.309808733657956
-0.00392167,0.039686155,-0.002264169,117645.75,2.4544863e-14,307.61676,-40.342438,52.330524,-22.937162,1.3265288,0.1144746399503215,0.1484866522243157,0.0650871859363944,69.94361619556615,0.1984668003814728,3.0189002301766195
-0.0003036618,0.038113847,2.8622937e-20,97745.1,0.99996376,205.99413,0.99341,1367.2225,-7.6689916,0.115052626,0.0036694943035885,1.2509475868808082,0.0070170923652887,1367.2443690876328,1.2509726495397988,0.2024412
-0.0014593768,0.018796923,-0.00544649,93434.664,1.4834355e-05,292.04102,2.68361,-18.715538,9.959099,1.1095138,0.007815520631747,0.0544992806804959,0.0290003427187115,21.36952919821457,0.0622275970550001,3.7590799089658
0.0013496222,0.06214769,-0.0007791963,98370.0,0.0,295.4,3.602924e-13,5.107414e-14,-7.3662734e-13,1.15506,1.8856030594333813e-15,5.744462314996337e-16,2.2607209530865165e-15,8.216075823104209e-13,2.9993910379197085e-15,1.0389368404857235
0.0037359586,0.011384616,-0.0021569484,98876.65,0.00017322312,297.94525,-7.5542665,5.4448376,4.063974,1.1484525,0.0217583249408503,0.0156768853998545,0.0117024378497523,10.160171431431262,0.0292598101787949,2.875939503395293
0.0014593768,0.021941539,0.00544649,91780.23,9.99452e-06,290.8806,-0.5017027,-21.183187,-1.3315138,1.0942862,0.0014638876251714,0.0618095416463567,0.0038851234469018,21.23092193183675,0.0619488223432011,3.7590799089658
0.00083024846,0.029353846,7.986765e-20,89614.4,0.9998291,211.8385,6.444974,1212.2999,4.8994823,0.102597624,0.0058156019397293,1.09427907012729,0.0044211448859824,1212.3269320429529,1.0943034547449215,0.5534989733333333
0.004491879,0.01116,-0.0025933797,98334.21,4.6245572e-07,296.28238,-7.901179,1.2021376,4.1578674,1.1511987,0.0228451938083968,0.0034758218894104,0.0120212968343325,9.008974731641638,0.0260479518490273,3.4578474498201968
0.0006890677,0.018796923,-0.0011935149,96338.33,0.9113889,238.31763,40.296032,714.8614,-67.794304,0.10736821,0.0363814533034183,0.6351578716316759,0.0609117766260042,719.1986228155262,0.6391082667059514,0.9187653821431114
-0.0014593768,0.04170769,0.00544649,122392.125,1.5066427e-28,310.22775,-6.1250725,58.324615,23.132826,1.3684375,0.0173071751410633,0.1648009455826402,0.065364258888837,63.042881174441554,0.1781330298299074,3.7590799089658
0.000644892,0.024412308,0.0024067922,86286.89,0.46492064,258.5281,-11.047233,461.18314,-75.55706,0.16776663,0.0275954287396717,0.5423718907947691,0.0910932445335215,467.4620832677871,0.550660289844168,1.6611287174214255
-0.00035669186,0.026658462,-0.001331215,88496.98,0.967866,232.54488,-14.630182,765.2854,-15.375921,0.09517015,0.0127672115616749,0.6691082670747585,0.0134648988900725,765.5796526979483,0.6693655042358896,0.9187823969714264
-0.0038263933,0.052264616,-0.0038263933,98370.0,0.0,295.4,9.584983e-13,2.5943773e-13,8.8174146e-13,1.15506,2.775466254757176e-15,2.1861542334341484e-15,2.577076727566605e-15,1.3279664638586979e-12,4.373077603178713e-15,3.607558199889029
-1.8747665e-19,0.009138461,-0.0026849245,98300.31,0.022454787,331.28973,0.21632653,95.53856,-5.51277,0.79394025,0.0028212291961152,0.2281538736020838,0.0134353850611808,95.69772137890266,0.2285665306766387,1.7899496666666668
-0.0001279371,0.030926153,-0.00044156975,94011.46,0.99998176,202.45825,0.49784487,1494.8638,0.7033843,0.1125935,0.0010178208533879,1.379660689570881,0.0019190053867679,1494.8640483834738,1.3796623996065716,0.3064867194305833
0.0035523847,0.004196923,-0.002050962,98018.336,3.833365e-06,296.27725,-10.499469,0.3809072,6.180816,1.1474675,0.0303569557095586,0.0011363003891883,0.0178701027724961,12.189603193001355,0.0352445245623507,2.7346242628142687
-0.0035105823,0.0024,-0.0035105823,97943.98,1.7273216e-10,295.36212,6.832934,0.7956556,6.8242326,1.15021,0.0197870251662478,0.0023040801915523,0.0197617274925766,9.689799041315052,0.0280599540974265,3.309808733657956
0.0027993415,0.0017471564,-0.000746372,97800.164,3.3375404e-08,295.61313,-13.625237,5.812985,3.5424013,1.1475413,0.0394394659201614,0.0168261597377167,0.010253855593277,15.231102549934976,0.0440877837741307,1.9314225035226984
0.0026849245,0.04956923,-1.8747665e-19,98370.0,0.0,295.4,1.2646625e-10,1.0741302e-09,4.6206745e-13,1.15506,3.662007952361722e-13,3.110294995185532e-12,4.925537286408135e-14,1.0815496347590483e-09,3.132166035072814e-12,1.7899496666666668
-1.0156928e-19,0.027781539,-0.0010996894,88735.05,0.9988756,224.37538,-4.831779,872.95703,-1.2386624,0.09599578,0.0042391376252079,0.7658330092600016,0.0045864296868732,872.9712805122898,0.7658584749790968,0.7331262666666666
0.0013613222,0.014304616,-0.0013613222,97683.414,0.10467681,316.0735,38.533768,303.40274,-31.77111,0.4788839,0.0667642869316855,0.5580538271161688,0.0551673857452566,307.4857351917606,0.5647344370750426,1.283466878666386
-0.0009523381,0.005769231,-0.0005498259,91847.984,0.99250823,208.44862,165.49637,1249.7063,90.85474,0.10768238,0.1510985611519875,1.142411499717236,0.0829372220824398,1263.886651770377,1.1553412451198726,0.7331079584049207
-0.00031432978,0.060575385,-0.0005329707,98370.0,0.0,295.4,5.416559e-14,-3.0740737e-14,4.77084e-13,1.15506,1.3361761328646421e-15,6.681474250610973e-16,2.5606887354590283e-15,4.811320474748604e-13,2.964610335197468e-15,0.4125050721052952
-0.0009008322,0.008464616,-0.0033619737,97282.29,0.0025222974,304.18625,1.6224165,9.865302,5.773031,1.0735412,0.0045723303742424,0.0276097049602438,0.0162212764808267,11.544882233164495,0.032347052782446,2.32037983596063
-0.0005498259,0.031375386,0.0009523381,93572.96,0.9994675,228.1515,9.679354,792.4209,21.2176,0.099497646,0.0084175373700797,0.6892612368217852,0.018438764247906,792.76399968744,0.6895592038015761,0.7331079584049207
-0.00016102531,0.031824615,0.0005830067,93288.14,0.9999535,205.90962,0.8754151,1405.9375,13.909675,0.1098615,0.0016175545761538,1.286858235869356,0.0127292983797768,1406.0065786888954,1.2869222085055645,0.4032236559999844
-4.0129963e-20,0.054735385,-0.0010048215,98370.0,0.0,295.4,-7.966105e-14,2.5880621e-13,-5.975704e-13,1.15506,1.0305028344314935e-15,1.002881065506565e-15,2.8745707239356018e-15,6.560616740656526e-13,3.2141660458399746e-15,0.6698810000000001
-0.0016673111,0.004196923,-0.0009626141,95391.734,0.0075466824,335.67926,-8.656887,141.55219,-5.673391,0.90377474,0.0296429161825884,0.3629176126923924,0.0183847426536189,141.9300938904986,0.3645900366776265,1.2834938790837072
-0.00410197,0.06753846,1.5322009e-19,98370.0,0.0,295.4,1.3820508e-14,-1.9653452e-13,1.5663821e-14,1.15506,4.128404452482205e-15,6.347743775452675e-16,6.941800675577513e-16,1.9764154239766626e-13,4.23421159129505e-15,2.7346466666666664
-0.0041669416,0.026883077,0.0011165227,87358.08,0.029314464,274.97287,-36.829025,-23.997425,12.19597,0.80795574,0.0935482472097868,0.0616898836422372,0.0305719537984454,45.61792600855666,0.1161531775668252,2.8759558980875943
-0.0016814725,0.038787693,-0.0004505431,104977.92,0.88234276,232.76938,-277.57062,-7.0738244,-65.70442,0.12594113,0.2585394944343348,0.0473526599420795,0.0610482423788074,285.3288609418312,0.2698366774244993,1.1605245659162278
0.0004982899,0.050467692,0.0018596658,98370.0,0.0,295.4,5.9053234e-13,1.6068574e-11,1.0206161e-12,1.15506,1.8513468941726574e-15,4.6528812565289966e-14,3.526260582599572e-15,1.6111780040133398e-11,4.669895499638984e-14,1.2835107603984124
-0.0046863924,0.06956,0.002705682,98370.0,0.0,295.4,3.5976511e-13,5.3620638e-14,-7.6871376e-13,1.15506,1.306362152518614e-15,1.764623212910446e-15,2.22591864938176e-15,8.50427511317794e-13,3.1265301838845202e-15,3.607583913671109
-0.00023684214,0.045975383,-0.0008839167,98395.375,1.09392e-40,295.417,-0.0007860489,0.06711264,-0.0029626775,1.1552975,2.2760350964324363e-06,0.0001943272570885,8.57854804423123e-06,0.0671826002668235,0.0001945298297687,0.6100648168910395
0.0008703744,0.035193846,0.0015075472,93506.766,0.9006365,237.8035,12.205945,438.2206,16.406303,0.10518462,0.0108958784497103,0.3913014338786015,0.0146666587596866,438.69744259093966,0.3917277666975032,1.160507581746156
-0.0030142437,0.04912,0.0017402662,98370.0,0.0,295.4,-7.788264e-10,5.96045e-09,4.4805826e-10,1.15506,2.2552011855272463e-12,1.725932026697997e-11,1.2974155994554597e-12,6.027793208811263e-09,1.7454321977753797e-11,2.3203631449363105
1.5126382999999998e-19,0.052489232,0.0045283833,98370.0,0.0,295.4,1.0908147e-13,1.1444413e-13,-1.6198275e-12,1.15506,1.771026502704557e-15,1.0702030134776024e-15,5.456424712113745e-15,1.6275249170888498e-12,5.8356182193752224e-15,3.0189222
0.004149602,0.02823077,0.004149602,91346.8,2.833989e-07,291.09375,15.575687,-18.811163,15.622325,1.088455,0.0454301972833724,0.0548723968154282,0.0455717617198336,28.991704284849536,0.0845675364647998,3.912282284567013
-0.0043740757,0.058329232,-0.0011720242,98370.0,0.0,295.4,-4.1954514e-14,-3.1547304e-13,-1.683155e-13,1.15506,3.1844226821414967e-15,2.2537914886234334e-15,1.281455528743493e-15,3.6001878805427333e-13,4.106367271065259e-15,3.018916579372005
-0.001400568,0.04328,0.0052270126,120075.75,1.0903754e-33,308.88925,-3.8215861,51.086,14.21155,1.3483287,0.0108201674600614,0.1446482655550824,0.0402388185146373,53.16344674418893,0.1505302603047351,3.607600091361616
-0.00153905,0.025984615,0.0026657272,85949.4,0.46270686,254.15724,-18.965902,218.41826,41.535248,0.16572613,0.021731868714082,0.2533690327356214,0.0483888351023993,223.13990805439244,0.2588621645388867,2.0520749831783918
-0.005186804,0.069335386,2.0375435e-19,98370.0,0.0,295.4,5.7761977e-13,3.4687105e-13,4.9213224e-14,1.15506,2.5828215107871137e-15,1.870778636283521e-15,4.223180928766681e-16,6.755635169541275e-13,3.217006719627804e-15,3.457869333333333
-0.0018289352,0.021267692,0.0010559278,89598.44,0.16610412,282.20175,-2.7023973,441.03375,-17.245377,0.34769124,0.0480137638069414,0.7341006371476355,0.0386037635091806,441.3790600131611,0.7366812862646546,1.407912163392128
0.0019924412,0.042156924,-0.0011503282,132816.38,7.585267e-14,315.97336,18.586187,88.91351,-10.165148,1.4579887,0.0520367626333357,0.2489359753678539,0.028459137156656,91.40234593040252,0.2559040190880249,1.533779196505254
0.002050962,0.034295384,0.0035523847,96304.35,0.00032349807,293.07913,20.381226,-4.9943275,35.327515,1.1348875,0.0591258498548299,0.0144880634325619,0.1024768468634187,41.08979187724802,0.1191942710290658,2.7346242628142687
0.0015075472,0.03452,0.0008703744,94261.98,0.93428487,238.61038,27.1174,446.56076,7.452249,0.102186665,0.0240100064502513,0.3916805592765577,0.007367511601206,447.4454176429742,0.392484931114727,1.160507581746156
0.004795607,0.05743077,0.0012849732,98370.0,0.0,295.4,-1.1595236e-13,1.590046e-13,-2.2442191e-13,1.15506,2.7034622171779546e-15,7.70776279884068e-16,1.297899425920903e-15,2.9848384595950534e-13,3.0963441270547557e-15,3.309850793761437
-0.0032781975,0.04238154,1.5699931e-19,128970.875,1.8187125e-18,313.8935,-20.722837,76.284134,0.16912875,1.425155,0.0582110201318625,0.2142844668038368,0.0077490261379662,79.04893217490418,0.2221855147940198,2.185465
-0.0021119022,0.03452,1.7622771e-19,93852.766,0.926599,237.33301,4.7791348,297.912,-14.860975,0.102976754,0.0109435081909607,0.2636947681741859,0.0131247055909839,298.320714083664,0.2642478931435656,1.4079348
0.0007469668,0.0013256546,-0.002817889,97802.98,4.9324487e-09,295.58575,-3.4572186,4.3138175,12.3709,1.1476837,0.0100076212089495,0.0124872658800301,0.0358104142788502,13.549927995435704,0.0392233356848095,1.9434743021052947
0.00014174538,0.06731384,0.00029804165,98370.0,0.0,295.4,-3.871639e-13,-1.2130833e-13,6.064134e-13,1.15506,1.5373821469022229e-15,3.512653250708093e-16,1.996674798181207e-15,7.29622373622245e-13,2.5443351673674508e-15,0.2200207847616693
0.0005498259,0.011833847,-0.0009523381,99191.016,0.99105823,221.101,37.890926,892.7419,-69.02351,0.109703496,0.0336113003252308,0.7922252092480123,0.0612350488839436,896.2076027469682,0.7952988324456592,0.7331079584049207
0.0031915514,0.066415384,0.0018426349,98370.0,0.0,295.4,-5.6704495e-14,5.8194573e-15,-1.0669166e-12,1.15506,2.6695300821732568e-15,9.499530999150778e-16,3.2272821025309848e-15,1.0684382514642725e-12,4.294665472534856e-15,2.4568546932603774
-0.00074549386,0.027781539,0.0027822433,85626.33,0.29752362,263.81076,1.4778726,226.05624,6.378437,0.22736299,0.0170364626547751,0.3113182857762199,0.008674171096279,226.1510384873844,0.3119047248161515,1.920259111647012
0.0038263933,0.013855385,-0.0038263933,98670.04,1.4921271e-06,296.1355,-10.580003,1.7001561,10.387638,1.1556863,0.0305973563033553,0.00491657354606,0.0300410653465235,14.924142101421449,0.0431605898400657,3.607558199889029
-0.0049647847,0.00532,9.37506e-20,98013.586,1.2732536e-07,296.18875,8.877922,-0.14761256,0.03362751,1.1478113,0.0256729691769152,0.000538842421104,0.0033933094110874,8.879212764394293,0.0259018579695162,3.3098564666666666
0.0010616601,0.06282154,-0.0039621918,98370.0,0.0,295.4,-6.816561e-13,1.4306381e-13,1.279603e-12,1.15506,1.973831069214154e-15,5.954350051952861e-16,3.705270372338363e-15,1.4568823322451014e-12,4.240233539244681e-15,2.734640827760201
0.0011720242,0.018572308,-0.0043740757,91674.164,0.013808496,286.75375,-1.8975734,0.11085504,5.419975,0.9425665,0.0059274615096322,0.0134205093713496,0.0149477775650076,5.743622780868009,0.0209447111669652,3.018916579372005
-0.0008839167,0.02081846,-0.00023684214,91206.19,0.9996532,210.74388,6.7809253,1222.3712,-1.4939393,0.10498887,0.0061529642494037,1.1064798217535274,0.0022579754185705,1222.390920856334,1.106499233334467,0.6100648168910395
-0.0009523381,0.05451077,0.0005498259,98370.0,0.0,295.4,-5.7346787e-13,4.3221814e-14,3.8583074e-13,1.15506,2.516946049242709e-15,6.572544626521413e-16,2.2914100740679217e-15,6.92530781306315e-13,3.4666353963194045e-15,0.7331079584049207
0.002039934,0.059452306,-0.00054659264,98370.0,0.0,295.4,1.426548e-13,2.3350135e-14,-2.537706e-13,1.15506,1.6650546849897385e-15,3.990465810261066e-16,9.598479877749787e-16,2.9205331395469257e-13,1.962894148310239e-15,1.4079290131187046
0.0016673111,0.03788923,-0.0009626141,96200.7,0.9671495,232.25012,140.56805,-11.259385,-84.55663,0.10370226,0.1234420612301222,0.0337677322740749,0.0741966760184743,164.42619653916958,0.1479302165071939,1.2834938790837072
0.0023251872,0.03991077,-0.0013424391,126819.125,5.178109e-06,312.90912,68.4161,87.554825,-37.592274,1.4056537,0.1924860687833663,0.2463076423703309,0.1057641568330128,117.30212779179116,0.3300066639271149,1.7899271558427734
-0.001007429,0.015427692,-0.0037597984,96676.664,0.013802118,294.466,8.414819,40.500763,26.542713,0.96461827,0.02252250929242,0.107603357034707,0.0708311835784055,49.14912609381064,0.1307776832532353,2.5949521253287604
0.0026058601,0.015876923,-0.0026058601,97804.69,0.053496014,285.35275,-15.862375,60.942425,17.594776,0.7076189,0.0356835254075918,0.1363972719363038,0.0397043537300209,65.38478605923113,0.1464717224664845,2.45682846337794
0.0016267902,0.06304616,0.0016267902,98370.0,0.0,295.4,-3.8785777e-13,7.831407e-14,-7.8167984e-13,1.15506,3.037321216419668e-15,7.167905260860085e-16,2.4939584324614238e-15,8.761222035605328e-13,3.994863889151313e-15,1.533752509317093
-0.0013613222,0.023963077,0.0013613222,85205.96,0.17949826,277.852,23.966585,476.7655,-26.060583,0.31689125,0.0402217328730321,0.7804142752436921,0.0407969498834433,478.07833372064886,0.7825142937475577,1.283466878666386
0.00037499773,0.008464616,-0.0006495165,75231.1,0.9998839,176.23787,91.69765,1843.5575,-157.562,0.103456214,0.0907249404102237,1.8242671275561195,0.1558976418810271,1852.5491892702264,1.8331627429768365,0.4999977694516481
0.0021578514,0.03788923,-0.0012458276,98978.766,0.11588999,257.46262,130.81387,-19.169754,-68.21603,0.59041226,0.2593133077997378,0.0354787207834174,0.1342411218006515,148.7722245641246,0.2941475990260104,1.6611119533351038
1.7182793999999998e-19,0.021043077,0.0015584395,96097.96,0.8242561,242.44238,10.256335,619.31024,80.23205,0.116332,0.0121218170098342,0.5720300104514967,0.0762222017750697,624.5698901033353,0.5772132148073178,1.0389596666666667
0.0009151009,0.030926153,1.7975756e-20,92952.94,0.999689,220.09062,5.29245,1006.0655,10.768217,0.10244525,0.004798840131789,0.891070648844424,0.0095253878921655,1006.1370457420855,0.891134480936031,0.6100672666666667
-0.00045754042,0.045526154,-0.0007924895,98553.39,4.4962692e-33,295.52213,-0.011103371,0.48470575,-0.019470513,1.1567388,3.214334815820492e-05,0.0014031836138101,5.636553559286146e-05,0.4852237110932536,0.0014046830683462,0.610057499491838
-0.002050962,0.04709846,-0.0035523847,98370.0,0.0,295.4,-6.1344963e-06,6.5901324e-05,-1.0661891e-05,1.15506,1.7763295349007802e-08,1.908265455918873e-07,3.0873003812997336e-08,6.7039484406606e-05,1.9412224892738617e-07,2.7346242628142687
-0.0037597984,0.020144615,0.001007429,93387.69,0.23714563,261.488,-31.073,51.606037,6.7223935,0.31430975,0.0485885740955831,0.077238102833,0.0109071965760135,60.61274583958568,0.0918996245859081,2.5949521253287604
0.0026058601,0.027556922,-0.0026058601,91698.336,0.33684376,253.96025,82.61664,-12.601644,-65.38831,0.2439575,0.1158405870877967,0.0165678431628164,0.0906309613753277,106.11287255111152,0.1480118448088842,2.45682846337794
0.0010392044,0.010935385,0.00059997645,102568.125,0.95608175,234.79,8.589995,725.468,14.320952,0.1104815,0.0152073525060871,0.634949012219155,0.015905447555867,725.6601799081208,0.6353302251194078,0.799977090098061
0.001159104,0.008464616,0.00031057486,92510.14,0.96860975,222.15138,92.261215,997.1726,24.994425,0.10408138,0.0824280166956246,0.8928031553168493,0.0223229146050593,1001.7435037299302,0.8968780098745655,0.7999941184450516
-0.002372638,0.0064430768,-0.0041095437,97887.836,9.4559414e-07,296.4085,4.6483636,-1.3701222,8.052137,1.1454775,0.0134365400656804,0.003960432751587,0.0232764728375893,9.397948141350152,0.0271665202827949,3.1635254947783733
0.002317984,0.014529231,0.002317984,99264.1,0.03341609,294.0045,-15.785037,95.766365,-14.584288,0.8124633,0.0380869635692398,0.2307965387542557,0.0352312244795932,98.14818141398004,0.2365563321350767,2.185416273442557
0.0015075472,0.053836923,0.0008703744,98370.0,0.0,295.4,-3.5889464e-13,-9.171017e-14,8.858748e-14,1.15506,2.0438107243258697e-15,2.655596709039333e-16,1.1366825181018929e-15,3.808724977140105e-13,2.3536633919569938e-15,1.160507581746156
-0.000375,0.06237231,0.000375,98370.0,0.0,295.4,4.512867e-14,2.5448866e-14,-4.1831997e-13,1.15506,2.1354199240079505e-15,7.773222172423224e-17,2.8840135809548324e-15,4.215161194277815e-13,3.589372491853725e-15,0.3535533905932737
1.1544706e-19,0.044627693,0.0010996894,105513.5,4.9002506e-23,300.0745,0.007396834,18.325825,1.0725205,1.2194837,0.0004050483986756,0.0525871607221766,0.0030776306853556,18.357184339290665,0.0526786991834531,0.7331262666666666
-0.0014401756,0.03946154,-0.0024944716,118569.375,3.323589e-05,308.27988,-41.472637,68.09688,-71.99425,1.3334374,0.1175358970273025,0.1929577266462713,0.2040276104980792,107.4259592395184,0.304425092934314,1.9202423830851167
0.0020366963,0.03991077,0.0020366963,125348.5,3.8112492e-07,312.07437,50.431038,80.11781,50.698914,1.3931638,0.1420794982103586,0.2256957722639283,0.1428328800221018,107.3896315001264,0.3025332990679313,1.9202156865967344
0.0045283833,0.044627693,-1.5126382999999998e-19,99390.3,1.3358504e-38,296.07925,0.5874376,2.61974,-0.00056408765,1.1643612,0.0016986694082727,0.0075753919626118,0.0002246115331699,2.684794390579777,0.0077667555315355,3.0189222
-0.0027523169,0.03317231,-0.0027523169,94984.35,0.00670865,283.19824,-31.515238,-6.1287,-31.389874,1.0699087,0.0892558571059144,0.017444410362616,0.0889014249741579,44.90095076524016,0.1271785313763552,2.594909258619116
-0.0024067922,0.049344614,-0.000644892,98370.0,0.0,295.4,-3.9992062e-10,3.7512176e-09,-1.0766784e-10,1.15506,1.1580263523209965e-12,1.0862177391687423e-11,3.117673463837995e-13,3.774011439916579e-09,1.0928180159542872e-11,1.6611287174214255
0.0033709237,0.014978462,0.0019461956,97590.54,0.010944927,295.46738,-19.918463,46.281837,-11.1194515,1.0019168,0.0539801592255767,0.1248803550247683,0.0300180692330666,51.59840894870491,0.1393199380620446,2.594935572283576
-0.0009626141,0.057206154,0.0016673111,98370.0,0.0,295.4,-1.1727049e-13,-7.658724e-14,-6.1029054e-15,1.15506,1.3606708438935685e-15,2.463611414783776e-16,1.1974656055800416e-15,1.4019707061839433e-13,1.829219186975618e-15,1.2834938790837072
1.4721278e-19,0.03991077,0.0054114084,116539.875,2.9449494e-20,306.9225,0.169675,47.26015,35.082863,1.317035,0.0130418898597767,0.1342524246992088,0.0996628999580014,58.8587958074653,0.1677095645953738,3.6076056
-1.5183822e-19,0.032273848,-0.0013781823,93985.92,0.98753536,236.55263,9.725883,584.4785,-3.4038038,0.09747094,0.0083528412581401,0.5019749695376381,0.0039389525609801,584.5693249245026,0.5020599121087781,0.9187882
-0.004491879,0.010486154,-0.0025933797,98093.14,3.9930296e-07,296.20612,7.064385,0.2663827,4.15629,1.1486713,0.0204278615961707,0.0008247405736391,0.012019076001339,8.200685443009277,0.0237157313682727,3.4578474498201968
0.0037359586,0.06124923,-0.0021569484,98370.0,0.0,295.4,3.7706302e-13,3.4897253e-13,9.8483755e-14,1.15506,2.8287887976975167e-15,1.089178424086596e-15,2.381609255540477e-15,5.231227367884341e-13,3.8549213153514286e-15,2.875939503395293
-0.0019924412,0.01116,0.0011503282,99083.625,0.02220595,362.91736,-5.2190304,191.40274,1.7523413,0.7319311,0.0125647486070394,0.4394756729608398,0.0098748472684544,191.48189955673465,0.4397661340309374,1.533779196505254
-0.0015188704,0.0032984614,-0.0056685233,98021.08,1.2279086e-10,295.403,2.1042361,0.22321403,7.7836785,1.1509538,0.0060931821637188,0.0006463586180022,0.0225385869266208,8.066181566211753,0.0233566382211175,3.9123237593043534
0.0046863924,0.0064430768,0.002705682,97915.484,2.503103e-08,296.0235,-6.593195,-0.618897,-3.7602024,1.1473062,0.0190714596070505,0.0017901544524046,0.0108765348339283,7.615272542306005,0.0220278059393231,3.607583913671109
0.0012281717,0.06416923,-0.0045836214,98370.0,0.0,295.4,4.7645985e-13,3.293294e-13,-4.5980515e-13,1.15506,1.82194892503933e-15,1.1469375275873493e-15,2.5591860628214963e-15,7.395218849587245e-13,3.344308132002783e-15,3.163541676540452
0.00410197,0.01116,-1.5322009e-19,99053.96,0.00073557463,298.681,-7.3410835,7.710855,-0.18540962,1.139195,0.0210392690172262,0.0220822732219239,0.0018106995758059,10.648153291166771,0.0305541529809081,2.7346466666666664
-0.002838977,0.01408,-0.0016390758,99800.08,0.019864388,300.28925,10.2610855,89.30591,10.705924,0.9137395,0.0262801799724972,0.2274676642526841,0.0273716820855722,90.52873712396628,0.2306109171746912,2.185442735178454
-0.0054114084,0.067763075,2.5823509e-19,98370.0,0.0,295.4,1.1714115e-12,-7.094704e-14,8.283277e-14,1.15506,3.3919865603829825e-15,4.058596377196602e-16,8.887263332028459e-16,1.1764776464526999e-12,3.5298908434506706e-15,3.6076056
-0.0010048215,0.058553845,4.0129963e-20,98370.0,0.0,295.4,-9.121457e-13,-2.8564038e-13,-7.7171315e-14,1.15506,2.6412458081558614e-15,9.364070399139113e-16,1.3599450032679066e-15,9.589346258081745e-13,3.114881695251778e-15,0.6698810000000001
0.0001279371,0.005769231,-0.00044156975,57089.086,0.99999964,157.90074,-148.85081,2099.5312,441.7,0.08674749,0.154717943168329,2.199688652733509,0.4598515821191108,2150.6479752416703,2.252561050999561,0.3064867194305833
-0.0011019303,0.024636922,-0.0011019303,96165.016,0.791847,244.50575,-118.500725,645.0354,-112.384285,0.12446512,0.1189700314125319,0.6090953904844251,0.1131583673856279,665.3895975995167,0.6308374427640244,1.0389098500332354
-0.0037597984,0.00824,0.001007429,97636.5,0.00070849515,299.19626,8.90684,-0.82963777,-1.6578457,1.1213624,0.0255093209790272,0.0034142464044346,0.0047540602489098,9.097722241309585,0.0261721918106125,2.5949521253287604
0.004795607,0.01408,-0.0012849732,98509.92,3.239999e-05,296.42688,-18.542826,3.8482125,4.53,1.1522025,0.0535878198419041,0.0111200361611005,0.0130932614715437,19.47218620266949,0.0562738228272681,3.309850793761437
0.0015053301,0.025535384,0.00040334585,92901.42,0.6646671,250.43762,137.36545,646.46277,43.690624,0.14266682,0.1476698966139672,0.6579333454518456,0.0454699555682657,662.3384712330129,0.6758329692185913,1.038953872289757
-0.001007429,0.030701539,0.0037597984,94170.734,0.028261699,272.50702,-13.991593,2.608381,53.1251,0.88560784,0.0360184893990626,0.0099759588643646,0.1367016068331186,54.99858703756679,0.1417186672411592,2.5949521253287604
0.00028127836,0.004196923,0.00028127836,38087.137,1.0,133.75099,284.3935,2300.19,291.72763,0.06877134,0.3235277942571496,2.6135884531890228,0.3317872048388057,2335.99201819006,2.6543544574142,0.2651917810093745
-0.001331215,0.059452306,-0.00035669186,98370.0,0.0,295.4,9.899004e-14,-3.3683387e-14,-5.4661387e-15,1.15506,1.7611474376907922e-15,1.9984483598944864e-16,8.007086880687087e-16,1.0470662467714736e-13,1.944919705002036e-15,0.9187823969714264
-0.002838977,0.063944615,0.0016390758,98370.0,0.0,295.4,-5.245275e-13,1.0663587e-13,-2.1056995e-13,1.15506,2.402669321950631e-15,1.3772769987099881e-15,1.146419364825616e-15,5.751869355869527e-13,2.997330339129384e-15,2.185442735178454
0.0026849245,0.02823077,-1.3196548999999998e-19,88506.945,0.29945713,269.50714,10.719606,287.53262,4.269445,0.22870362,0.0148679325321473,0.3906761023394461,0.01642935397288,287.7640451437039,0.3913039688386613,1.7899496666666668
-0.00050239643,0.06708923,-0.00087018503,98370.0,0.0,295.4,-1.17505e-13,-2.0383414e-13,4.0195012e-13,1.15506,2.138780846407825e-15,7.102973202044568e-16,2.1619976811495786e-15,4.657463694142489e-13,3.123001723558084e-15,0.6698670379885004
0.0019252748,0.066415384,-1.6320611e-19,98370.0,0.0,295.4,-1.9815287e-13,-2.979387e-14,-1.7814489e-13,1.15506,1.5235271042837633e-15,1.8021528854229704e-15,1.0516398323200625e-15,2.681190713319847e-13,2.5835704358208964e-15,1.2835165333333334
-0.0035105823,0.054286152,0.0035105823,98370.0,0.0,295.4,-2.7019194e-13,6.9182446e-14,1.3188688e-13,1.15506,1.942833761210951e-15,6.417470316532972e-16,1.6886691390450877e-15,3.085191151154835e-13,2.652931536527128e-15,3.309808733657956
-0.0030952666,0.00084010884,-0.0008253035,97822.484,1.5603477e-10,295.53687,11.401037,1.6069776,3.0354562,1.1481025,0.0330056765914693,0.0046521544338415,0.0087874895123936,11.90714138760388,0.0344708166434652,2.135603083407881
4.1633363999999997e-20,0.02081846,0.00045,96260.11,0.99997115,196.10625,-7.1686115,1656.4525,-29.344301,0.11902413,0.0067225452999113,1.5533806197983846,0.0275181007873355,1656.727908181747,1.5536388861159034,0.3
-0.00045754042,0.06484307,0.0007924895,98370.0,0.0,295.4,-3.651796e-13,1.1535274e-13,-6.612286e-13,1.15506,1.485311827736261e-15,3.373266992437354e-16,2.7810147273185298e-15,7.64124110560338e-13,3.170801703228769e-15,0.610057499491838
-0.0014932879,0.02373846,-0.0014932879,88002.9,0.21383813,278.916,50.373688,474.93,29.63235,0.2922945,0.0784440425064941,0.7295333695774783,0.0507101696002214,478.5123713230869,0.7354889029976682,1.407885333805092
-0.0007791963,0.03452,-0.0013496222,93458.86,0.9724066,236.03587,6.799968,492.96588,1.3635614,0.09854671,0.0058804703583336,0.4267576184432231,0.0019051534841945,493.0146627724849,0.4268023833588153,1.0389368404857235
0.00153905,0.051815383,-0.0026657272,98370.0,0.0,295.4,-3.975157e-13,1.8754938e-13,6.4666744e-14,1.15506,1.3813422396765705e-15,1.7425512146398677e-15,1.78222760062855e-15,4.4426938839451443e-13,2.849723905784517e-15,2.0520749831783918
0.0010559278,0.02868,-0.0018289352,88975.5,0.25947323,274.33273,-5.7393045,443.977,-2.8945131,0.2539085,0.0153698577849213,0.6340434007263323,0.0242013135479711,444.0235290513666,0.6346912399823935,1.407912163392128
-0.0006890677,0.010710769,0.0011935149,104426.75,0.8307405,249.39024,-36.253605,645.2419,57.223675,0.121914625,0.0339441838027651,0.5856071423909159,0.0537123836417982,648.7880874149985,0.5890441010567664,0.9187653821431114
0.0004505431,0.03249846,-0.0016814725,94383.664,0.8745551,244.04062,13.150679,447.08502,-22.570187,0.10646562,0.0117399863975824,0.399439506844961,0.020067226300095,447.8474838689801,0.4001155339155683,1.1605245659162278
-0.0035523847,0.045301538,0.002050962,98456.56,3e-45,295.45776,-0.038736675,0.22440213,0.022392984,1.1558563,0.0001121541856198,0.0006497107725412,6.48343431741276e-05,0.2288193428690345,0.0006624999180097,2.7346242628142687
0.0027523169,0.054286152,-0.0027523169,98370.0,0.0,295.4,-8.410387e-14,-4.3598848e-13,2.9040998e-13,1.15506,1.999844058202661e-15,1.2624659280220093e-15,1.5783448590460745e-15,5.305632593058887e-13,2.843302476104527e-15,2.594909258619116
0.00074549386,0.0608,-0.0027822433,98370.0,0.0,295.4,3.0471724e-13,-1.06544e-13,-4.628126e-13,1.15506,1.3561869522994025e-15,1.6408807531591761e-15,3.461962247021445e-15,5.642691937435337e-13,4.064100797898244e-15,1.920259111647012
0.0033709237,0.036092307,0.0019461956,97776.89,0.00010549264,294.9901,43.319,-0.34116763,25.527725,1.1480825,0.1254363715042833,0.0041943525791562,0.0739183003843989,50.28237166271481,0.1456564142818196,2.594935572283576
-0.00087018503,0.00868923,0.00050239643,88382.44,0.998463,197.84688,-61.90451,1441.7125,36.088676,0.10849212,0.0578398004156007,1.348681045356973,0.033707398111958,1443.4921175919262,1.3503415098799163,0.6698670379885004
0.000530325,0.026883077,-0.000530325,87153.1,0.9998771,203.39137,-6.7730227,1421.3375,10.474138,0.10391837,0.0062461706700551,1.309130416082099,0.0096470971638393,1421.392229579713,1.3091808612422569,0.4999952049770078
-1.00559694e-19,0.06596615,-0.003480578,98370.0,0.0,295.4,-9.209246e-14,1.1086186e-13,-7.161531e-13,1.15506,4.587979579711911e-16,3.4275272858528047e-16,2.0737218372627e-15,7.30511215404063e-13,2.151347776983391e-15,2.3203853333333333
0.0027822433,0.006667692,-0.00074549386,97678.08,0.0020638013,309.56537,-9.330598,23.627226,2.6738892,1.0655713,0.0260854645487012,0.0657422629676109,0.007477504337862,25.543209487974615,0.0711224976498069,1.920259111647012
-1.5699931e-19,0.06484307,-0.0032781975,98370.0,0.0,295.4,-7.934568e-14,8.877607e-15,-1.3681882e-12,1.15506,7.301348374791555e-16,2.72440396826724e-16,3.961781220643144e-15,1.3705157786249485e-12,4.037701213681431e-15,2.185465
0.002176526,0.007566154,0.002176526,97835.21,0.00260001,309.667,-8.298005,21.619886,-8.304823,1.0594375,0.0230760068388399,0.0599838662113667,0.0230997244281103,24.60175690259437,0.0682946818276793,2.052048392038442
0.0024610888,0.056307692,0.0024610888,98370.0,0.0,295.4,-6.277399e-13,2.7578639e-14,-7.440833e-13,1.15506,2.6242418837977948e-15,2.7780192330179807e-16,2.3784179708603704e-15,9.738983112830581e-13,3.552561247519927e-15,2.32033677277635
0.002838977,0.046649233,-0.0016390758,98370.39,0.0,295.4,0.00013954706,0.0010389434,-8.062983e-05,1.15507,4.040781264556738e-07,3.008406514585006e-06,2.33474984819548e-07,0.0010513695543642,3.0443881910515158e-06,2.185442735178454
-0.0014593768,0.035418462,0.00544649,99248.81,1.6777411e-11,296.30814,-7.9977365,3.735375,30.709463,1.16181,0.0231239189866617,0.0107994227824378,0.0887870436809271,31.952901797214384,0.0923822617569757,3.7590799089658
0.0012281717,0.061698463,0.0045836214,98370.0,0.0,295.4,5.560269e-13,2.201455e-13,3.1896613e-13,1.15506,2.1587264126023288e-15,7.37383527353331e-16,2.912051107544303e-15,6.777679151310108e-13,3.6991723187530705e-15,3.163541676540452
-0.0039621918,0.01947077,0.0010616601,94318.79,0.09692763,276.104,-10.48609,27.857225,1.4264654,0.54270965,0.0192523434021904,0.0538236754519811,0.0047344623562877,29.799628717924023,0.0573590088777618,2.734640827760201
-0.0035846329,0.00045,0.00096941355,97848.23,5.04655e-12,295.50476,10.865425,0.38178176,-2.9732475,1.1485325,0.031456765024847,0.001105306824405,0.0086079787726835,11.271353886696572,0.0326319945384201,2.4756014450980515
-0.0010559278,0.043055385,0.0018289352,130178.875,1.7457169e-17,314.54626,-5.972944,78.28577,10.673445,1.4355162,0.0167604303998213,0.2196781182188264,0.0299506409590515,79.23547357521164,0.2223430424933731,1.407912163392128
0.0007924895,0.03901231,0.00045754042,114012.375,0.999524,230.36688,118.2256,881.9506,75.73729,0.120022,0.1021435364275946,0.7636458983617594,0.0654350066822573,893.0567117670995,0.7732206025567225,0.610057499491838
-0.0009151009,0.04709846,-1.7975756e-20,98370.16,0.0,295.4,-1.7453674e-05,0.00039618238,-2.3116272e-08,1.1550651,5.05395636600735e-08,1.1472017107125585e-06,6.701080348048868e-09,0.0003965666520182,1.1483339745189996e-06,0.6100672666666667
-0.001331215,0.029578462,-0.00035669186,90980.414,0.99224186,232.25674,-7.9336925,677.7438,4.6958413,0.09567444,0.0068643671912841,0.5861725714345931,0.0040607498364449,677.806501031555,0.586226827028936,0.9187823969714264
-0.0026657272,0.03317231,-0.00153905,99297.7,0.469801,247.94763,-128.09476,5.8916926,-74.00213,0.222569,0.1544545178254609,0.0066663721623367,0.089097028500866,148.0516626913977,0.1784346353211352,2.0520749831783918
-0.0018426349,0.060575385,0.0031915514,98370.0,0.0,295.4,9.522509e-13,3.1983156e-13,-3.7362637e-13,1.15506,2.8668848900541573e-15,1.5857889717009636e-15,2.7603433891740457e-15,1.071760545869375e-12,4.2840694744303686e-15,2.4568546932603774
-0.0016390758,0.021716923,-0.002838977,89682.52,0.51187,254.39087,-1.7662724,173.90237,-15.435877,0.157346,0.0038003425658767,0.1927281969917798,0.0173713000967371,174.5950179946926,0.19354679688998,2.185442735178454
-0.00037499773,0.06372,0.0006495165,98370.0,0.0,295.4,-2.3529187e-13,6.9189866e-14,1.4612638e-13,1.15506,1.2488242055571512e-15,4.17718980659488e-16,9.618908646952285e-16,2.854862878968082e-13,1.630731455136862e-15,0.4999977694516481
0.00071048376,0.045975383,0.00071048376,98394.875,1.3881000000000002e-41,295.41675,0.0023475138,0.0657237,0.0023333526,1.15529,6.797321419998498e-06,0.000190305648003,6.756317043248603e-06,0.065806991247793,0.0001905468211761,0.6698505128252208
0.0029004794,0.05540923,0.0029004794,98370.0,0.0,295.4,1.4367091e-13,-2.443769e-13,3.4547043e-15,1.15506,1.5796085823178882e-15,2.1459457507253987e-15,1.64848001552014e-15,2.835019128959072e-13,3.133326156013447e-15,2.7345982032425185
-0.0033709237,0.010261538,0.0019461956,98333.73,0.00053572876,300.64224,5.896521,6.8988576,-2.5468287,1.1265262,0.0168702347037706,0.0197111407294556,0.0072826707976661,9.426002997859827,0.0269475635589544,2.594935572283576
-0.0009626141,0.04372923,-0.0016673111,126518.875,1.00465784e-19,312.54865,-3.8830924,67.83361,-6.774,1.4040562,0.0109304635681876,0.1909483982753054,0.0190679939517221,68.28150648762106,0.1922091419029361,1.2834938790837072
0.0030781461,0.04170769,-1.5791709e-19,129917.875,6.5705235e-15,314.42938,28.1325,81.95677,0.383655,1.4331713,0.0789576896591648,0.2300223517596306,0.0103026644517161,86.651583345268,0.2434147570714414,2.0520974
0.00097446906,0.056756925,-0.00097446906,98370.0,0.0,295.4,4.9507143e-13,-3.2945223e-13,-5.2016437e-13,1.15506,2.6255276740373857e-15,1.1442809756697257e-15,3.336468031618404e-15,7.900667468459325e-13,4.397134685727447e-15,0.918738240509974
-0.0005870607,0.055633847,0.0005870607,98370.0,0.0,295.4,-3.9684982e-13,3.3464523e-14,2.2531824e-13,1.15506,1.664905847621103e-15,2.537856568265068e-16,1.138166491026109e-15,4.575783683811414e-13,2.032668591371572e-15,0.5534861359174952
-0.0038924366,0.009363077,1.5418135999999998e-19,97839.08,0.0011095172,299.85336,5.47149,2.2328742,0.44691056,1.1153874,0.0156137171059531,0.0063513129318433,0.0017317929538641,5.926437299235111,0.016944805831227,2.5949577333333336
-0.0018984762,0.047996923,0.0018984762,98370.0,0.0,295.4,-2.313406e-07,2.6372975e-06,2.3070601e-07,1.15506,6.698791765726945e-10,7.636665393004623e-09,6.68041636776421e-10,2.657457777607149e-06,7.695042304262342e-09,1.7899005265883576
0.0009151009,0.057206154,1.7975756e-20,98370.0,0.0,295.4,6.119081e-13,-2.2678067e-13,8.2090185e-14,1.15506,1.921565447449919e-15,7.518071984748463e-16,8.991181096929077e-16,6.57723189194811e-13,2.250786797475441e-15,0.6100672666666667
-0.0015189121,0.0021044263,-0.0056766337,97979.5,2.3097702e-13,295.28287,2.0407257,0.29016688,7.70701,1.1509337,0.005910434781449,0.0008403910008226,0.0223211383116056,7.977892036182831,0.0231056857042991,3.917553892786904
0.00045754042,0.05091692,0.0007924895,98370.0,0.0,295.4,1.8590401e-13,2.0908349e-12,-3.044796e-13,1.15506,1.6340959990855509e-15,6.054306406157757e-15,2.4079845890698155e-15,2.121051321116076e-12,6.717386811481678e-15,0.610057499491838
0.0009523381,0.014978462,0.0005498259,98748.33,0.99428475,222.51163,39.73995,868.68964,24.254612,0.108189374,0.0350853364788061,0.7671152947878611,0.0214180242932886,869.9363427703217,0.7682158473358423,0.7331079584049207
1.2490008e-19,0.041033845,-0.00075,153567.5,0.00047035038,325.9864,0.73793507,169.78775,-29.70165,1.6237987,0.0117006502821475,0.4664900595827184,0.0815914079596214,172.3676669533835,0.4737162006511353,0.5
-0.0036853154,0.04283077,1.5513156999999998e-19,127154.0,1.051124e-22,312.88824,-17.560413,69.81479,0.074852526,1.409595,0.049406847941839,0.1964268040892653,0.0065553436969897,71.98943401899558,0.2026511744827951,2.456876933333333
0.00544649,0.053836923,0.0014593768,98370.0,0.0,295.4,1.2745016e-13,-1.4353034e-13,5.4221652e-14,1.15506,1.6210369634034589e-15,5.692964206505982e-16,9.374428865471414e-16,1.994604956630518e-13,1.9572067894894826e-15,3.7590799089658
0.0011165227,0.023513846,-0.0041669416,89179.75,0.06838064,273.40912,7.842301,-2.6320605,-29.583563,0.6234486,0.0170384806404516,0.0122237662196868,0.0634116325284057,30.718343497415844,0.0667889618353673,2.8759558980875943
-0.0013496222,0.02823077,-0.0007791963,91337.39,0.92686653,239.35225,-48.714012,654.6751,-36.903324,0.09954015,0.0431921100083624,0.5757712875365883,0.0327257366240041,657.5214040982964,0.5783157509147566,1.0389368404857235
0.0005329707,0.034744617,0.00031432978,93260.33,0.9999454,208.293,11.876025,1357.7913,6.6052074,0.10857187,0.0108047213680499,1.2355959997417114,0.0060080544846386,1357.859301654736,1.2356578463718226,0.4125050721052952
-0.0035105823,0.0059938463,0.0035105823,97988.54,1.9529082e-07,296.26724,6.106779,-0.88483137,-6.033004,1.147215,0.0176570821414721,0.002558362063896,0.0174437227748152,8.629763239637173,0.0249519784875925,3.309808733657956
1.6234991999999998e-19,0.046873845,0.0021119022,98370.27,0.0,295.4,1.2343878e-07,0.00074706227,7.638132e-05,1.15507,2.9211680421649912e-08,2.163223683847424e-06,2.211728527556859e-07,0.0007509568273473,2.1746970960176417e-06,1.4079348
-0.0032781975,0.0055446154,1.5699931e-19,97853.0,0.000217768,299.439,13.4746,2.7998986,0.07076374,1.1302313,0.0386978839238127,0.0080342051561698,0.0048469318570228,13.762604580426654,0.0398191840837921,2.185465
0.0027523169,0.050467692,0.0027523169,98370.0,0.0,295.4,-4.1872762e-14,4.8593564e-12,-1.5294337e-13,1.15506,2.2158295247762795e-15,1.4070948489919318e-14,1.3259018160087328e-15,4.861942988646147e-12,1.4305925608450795e-14,2.594909258619116
0.00045754042,0.02081846,-0.0007924895,90810.836,0.9993964,211.84274,-1.1757715,1169.8175,3.7508967,0.104014754,0.0028409431591772,1.0562961206132904,0.0035211737982315,1169.8241042870184,1.0563058099081146,0.610057499491838
1.4721278e-19,0.0028492308,0.0054114084,98030.83,2.544357e-10,295.41223,0.00083750486,0.23275524,-8.731306,1.1510313,0.0033032685773749,0.0006739600804647,0.0252821835616167,8.734407831604718,0.0255059720678827,3.6076056
0.0012458276,0.038113847,-0.0021578514,100725.56,0.09118141,261.33337,77.98484,-10.548744,-121.2918,0.6673516,0.1650045621137674,0.020743081870592,0.2562579734201087,144.58427306260918,0.3054912926831587,1.6611119533351038
-0.003667574,0.047996923,0.003667574,98370.0,0.0,295.4,-4.7946237e-08,3.0871976e-07,4.7979036e-08,1.15506,1.388350670994531e-10,8.939414006545191e-10,1.3893003956235544e-10,3.160834063224564e-07,9.152638742753211e-10,3.457821927871294
-0.004795607,0.05451077,-0.0012849732,98370.0,0.0,295.4,3.9120738e-13,1.3611857e-13,3.2702178e-13,1.15506,2.9471028725927168e-15,8.633370855641978e-16,1.4783981231155084e-15,5.27744942050303e-13,3.4082880270578927e-15,3.309850793761437
-0.0008839167,0.031824615,0.00023684214,93885.36,0.9998219,218.80975,-2.7282546,1074.9728,6.1639414,0.10406637,0.0025762498990672,0.9548315660136484,0.0054701173608995,1074.9939340696696,0.9548507101655004,0.6100648168910395
0.00069490174,0.010710769,0.0025934312,98532.516,0.035502475,323.38788,1.3845198,110.641815,6.6706676,0.71810615,0.0042514803846385,0.2517653407251174,0.0153321015948004,110.85136863296052,0.2522675865330477,1.7899439863847344
-0.0010048215,0.05990154,4.0129963e-20,98370.0,0.0,295.4,-1.0455377e-12,1.0566125e-13,5.9822495e-14,1.15506,3.0275010748332125e-15,3.507930191151065e-16,1.617902911931793e-15,1.0525645409099044e-12,3.450569276628644e-15,0.6698810000000001
0.00248237,0.0028492308,0.004299605,98013.7,2.0654756e-09,295.47263,-4.825931,0.7118836,-8.283258,1.1505963,0.0139723685475947,0.0020611102483753,0.0239824023513197,9.61294707003393,0.0278321914485071,3.3098347708290348
-0.00074549386,0.029578462,-0.0027822433,90288.04,0.36656013,262.28912,25.84355,197.21887,39.82639,0.21354188,0.0321240396483868,0.2617459630556943,0.052641466141017,202.85293466231025,0.2689126755226682,1.920259111647012
0.004313942,0.029803077,-1.5224762e-19,91326.3,0.005055176,283.66437,41.148975,-11.710522,-0.7118112,1.0474,0.1176159464489092,0.0335925419246131,0.0150219011109035,42.78879694788759,0.1232380916965827,2.8759613333333336
0.0007775554,0.047996923,-0.0007775554,98370.0,0.0,295.4,1.9267135e-07,5.252885e-06,-1.9274121e-07,1.15506,5.579069546470897e-10,1.5210466161440263e-08,5.581092508602891e-10,5.259949833065719e-06,1.5230923378254475e-08,0.7330862614509579
0.0008703744,0.05990154,-0.0015075472,98370.0,0.0,295.4,5.519739e-13,-1.6226337e-14,4.158917e-14,1.15506,1.6278287159581541e-15,3.803778063342823e-16,1.0288244271658232e-15,5.537762538741948e-13,1.962904303827045e-15,1.160507581746156
-0.0033709237,0.04575077,0.0019461956,98384.44,0.0,295.40976,-0.0060710013,0.03751631,0.0035050125,1.155195,1.7579086308693108e-05,0.000108631582454,1.01490532869648e-05,0.0381656348751839,0.0001105117562276,2.594935572283576
-0.000796675,0.014753846,-0.002973254,98654.64,0.045744576,293.47537,5.2046523,122.254,18.52077,0.7268364,0.0119770846983542,0.2794000395513224,0.0427443928195428,123.75842534129464,0.2829044286975081,2.0520916596531995
0.001159104,0.0073415386,-0.00031057486,106135.875,0.8743794,243.88475,102.73406,735.73126,-32.252262,0.11992463,0.0920660219031103,0.6585990201284981,0.028909047450484,743.5690838310775,0.6656309448393879,0.7999941184450516
0.0006495165,0.02373846,0.00037499773,87895.79,0.9998545,201.49538,-11.800657,1452.555,-18.982038,0.1057925,0.0109238949719006,1.3441666620129564,0.0175629228079896,1452.7269534559016,1.344325780086795,0.4999977694516481
0.002973254,0.056083076,-0.000796675,98370.0,0.0,295.4,1.1813138e-13,4.2170748e-14,1.0003863e-13,1.15506,2.0008387273270665e-15,4.47666984815249e-16,1.078209449962804e-15,1.604404014575531e-13,2.3165269176192327e-15,2.0520916596531995
-0.0041095437,0.013181538,-0.002372638,99028.336,5.4202337e-05,297.13086,12.618475,6.8054876,7.823591,1.1551875,0.0364177594415684,0.0196394635517915,0.0225814877425669,16.332456916663205,0.0471368785561134,3.1635254947783733
0.000848475,0.030476922,-0.000848475,92559.73,0.9980863,232.1545,20.0417,710.3106,8.046232,0.09684759,0.0173024573031118,0.6128439035480114,0.0072027515168373,710.638839397797,0.6131304141649667,0.7999499015563412
-1.5026859e-19,0.04507692,-0.004745321,98495.625,0.0,295.4836,-9.735249e-05,0.3232746,-0.07393892,1.15621,2.823030908763628e-05,0.0009359259792455,0.0002140637242272,0.331622436474726,0.0009605090665932,3.1635473333333333
-0.0037597984,0.019246154,0.001007429,94176.64,0.173501,270.99887,-24.10376,49.995728,2.0739841,0.38491863,0.0379294844900724,0.0815799943295416,0.0054142884026727,55.54156528614077,0.0901291062165713,2.5949521253287604
2.7755577e-20,0.054735385,0.0003036618,98370.0,0.0,295.4,2.972879e-14,-5.847713e-13,3.70852e-13,1.15506,1.2108703111024604e-15,1.7213471672127737e-15,1.7643788918188414e-15,6.930890853004065e-13,2.7463204209044317e-15,0.2024412
0.004491879,0.04867077,0.0025933797,98370.0,0.0,295.4,2.1242776e-09,1.1478711e-08,1.2163025e-09,1.15506,6.151144519347292e-12,3.32382214367678e-11,3.521974774419336e-12,1.1736811888877193e-08,3.398558885011635e-11,3.4578474498201968
-0.00508224,0.06574154,0.0029342247,98370.0,0.0,295.4,-2.5104726e-13,3.615182e-13,-2.2401413e-13,1.15506,1.9689790686142223e-15,1.0665788954155308e-15,1.157803366781549e-15,4.938648257614673e-13,2.5209081198880363e-15,3.912307532088964
-0.001159104,0.0064430768,-0.00031057486,97812.86,0.896596,239.51337,88.778625,870.1256,17.41548,0.109907255,0.0790016965597389,0.7772715994194075,0.0158801928632703,874.8162681248451,0.7814375137198722,0.7999941184450516
-0.0018289352,0.061923075,-0.0010559278,98370.0,0.0,295.4,-2.5404359e-13,4.5618344e-15,7.565309e-15,1.15506,1.2413403296832336e-15,6.68905502787012e-16,7.509051023282722e-16,2.541971476107603e-13,1.5975665427328706e-15,1.407912163392128
-0.0009008322,0.067987695,-0.0033619737,98370.0,0.0,295.4,-2.9555742e-13,1.4450351e-13,-1.3222577e-12,1.15506,9.500557958108548e-16,4.837112472729658e-16,3.82878300739179e-15,1.362571421294556e-12,3.974438564575416e-15,2.32037983596063
0.0027523169,0.010935385,-0.0027523169,98884.766,0.0009159076,300.24326,-4.447055,10.032639,4.9023423,1.12867,0.0126954898810609,0.0286140340112352,0.0139975283743236,12.019280490267096,0.034290949335156,2.594909258619116
-0.00392167,0.018572308,-0.002264169,92080.625,0.016740285,286.19662,4.502356,0.25511,3.3535874,0.92045647,0.0123065805991346,0.0130701113813417,0.0090693874089186,5.619861129269545,0.0201130188071488,3.0189002301766195
-0.00074549386,0.040135384,-0.0027822433,127365.75,1.9643898e-07,313.16437,-16.41806,87.180725,-63.163464,1.4106725,0.0461725885260671,0.2451697296283871,0.1776401667176019,108.9020417171713,0.3062615436007455,1.920259111647012
0.004491879,0.023289232,0.0025933797,89957.64,0.00039621614,289.254,2.3550417,-24.803312,1.6674058,1.0730776,0.0068676532461527,0.0723892678214626,0.0048631343717616,24.970597703698576,0.0728767509755658,3.4578474498201968
0.0045836214,0.04328,-0.0012281717,122589.125,8.137834e-30,310.32736,14.68625,57.26715,-3.9310312,1.3701912,0.0414887269006236,0.1617820751558133,0.011104997501835,59.25086847026273,0.1673860067958833,3.163541676540452
0.0058684936,0.00532,-1.4511581e-19,98054.58,1.8687845e-09,295.77673,-7.153329,-0.49348375,0.04149951,1.1498924,0.0207002403334107,0.0014280464955428,0.0027073696417572,7.17045076707771,0.0209253223877555,3.9123290666666666
-0.0024944716,0.029578462,0.0014401756,88650.234,0.28842425,267.8485,16.590225,194.321,34.84005,0.24236438,0.0388508669196904,0.2735052312619104,0.0492606555107327,198.11541002797617,0.280608470238141,1.9202423830851167
-0.0024610888,0.06506769,-0.0024610888,98370.0,0.0,295.4,6.06894e-13,-1.5158016e-13,7.253081e-13,1.15506,2.497748344040289e-15,4.982067894869802e-16,2.434635190056123e-15,9.577936688385637e-13,3.523408194334932e-15,2.32033677277635
-0.0014593768,0.03699077,-0.00544649,102605.25,6.2230397e-13,298.45374,-9.289446,12.08135,-35.5253,1.1924613,0.0267609121040076,0.0348023040431745,0.1023408836063087,38.65617369708772,0.1113597918490871,3.7590799089658
-0.003667574,0.06461846,0.003667574,98370.0,0.0,295.4,-5.2926383e-14,2.7719632e-13,-2.0626875e-13,1.15506,2.7027440731339175e-15,8.619429888710007e-16,2.5630385097392442e-15,3.495508533326268e-13,3.823210384393038e-15,3.457821927871294
0.0056685233,0.02284,-0.0015188704,91231.414,2.5345391e-06,290.6595,2.0354362,-23.008375,-0.17545775,1.0886762,0.0059416461823077,0.0671639096157885,0.0011882621445681,23.098898373882044,0.0674366805318719,3.9123237593043534
-0.000644892,0.034744617,0.0024067922,94382.81,0.9305051,237.1935,-25.562538,86.45694,66.64458,0.10321345,0.0226068658962078,0.0757414975536909,0.0590936035762831,112.11487798923676,0.0986909257275246,1.6611287174214255
-0.005186804,0.029578462,9.2732045e-20,93082.35,1.8156588e-05,291.91174,-30.65275,-12.3691,-0.23052752,1.1057638,0.0892769014594536,0.0360274669976772,0.0117940764691884,33.05508826655856,0.0969919777725496,3.457869333333333
0.0030142437,0.054286152,0.0017402662,98370.0,0.0,295.4,8.63874e-13,-1.3935913e-13,-3.2557155e-13,1.15506,3.8904761347079534e-15,6.267291619880657e-16,1.9142043636927946e-15,9.336466618372066e-13,4.3809556426878985e-15,2.3203631449363105
0.0004982899,0.030252308,0.0018596658,90635.79,0.31232888,271.19638,21.52945,440.87537,61.316475,0.22673312,0.0284244386145723,0.5871355278718066,0.0811564536961595,445.63922537896616,0.5933990619948732,1.2835107603984124
0.00044156975,0.0059938463,-0.0001279371,78316.52,0.9999984,169.948,-518.1838,1955.5663,177.95834,0.11154759,0.5218873765076182,1.970758604913457,0.1792764404684856,2030.867591708944,2.04655709783663,0.3064867194305833
-0.0041669416,0.03249846,0.0011165227,95811.086,0.0006685766,291.66776,-36.39915,-5.5814447,9.677105,1.1293963,0.1055973730373165,0.0161931490990822,0.0280738627229007,38.07488682639363,0.1104588839266066,2.8759558980875943
-0.00045754042,0.025086153,-0.0007924895,89038.36,0.9997046,211.71037,-16.955338,1205.3912,-17.2323,0.102021,0.0152977015587132,1.0885996982028323,0.0155511512650009,1205.633601343055,1.0888182405277496,0.610057499491838
-9.37506e-20,0.013630769,-0.0049647847,98954.6,2.5427906e-05,296.73987,0.32020748,4.36941,16.299025,1.1562874,0.0057256157919421,0.0126207665575746,0.0470826332676187,16.87757365645231,0.0490799427476316,3.3098564666666666
-0.00153905,0.057206154,0.0026657272,98370.0,0.0,295.4,3.5973012e-13,-6.169525e-14,1.745749e-13,1.15506,1.3387461549577334e-15,3.240574240028551e-16,1.4958383771834902e-15,4.0458430372147037e-13,2.033417549870272e-15,2.0520749831783918
-0.0010392044,0.06327077,0.00059997645,98370.0,0.0,295.4,6.807527e-13,-1.136779e-13,-5.0460563e-13,1.15506,2.587332796619704e-15,1.3793134460229417e-15,1.9241896384057944e-15,8.54970025985354e-13,3.5070361200580533e-15,0.799977090098061
-0.0005830067,0.031824615,-0.00016102531,93518.484,0.9999685,205.36388,-2.8951094,1421.1525,-0.60452795,0.110423125,0.0028390286346079,1.3024575934102125,0.0013027063033877,1421.1555774681144,1.3024613390650883,0.4032236559999844
0.0010616601,0.019246154,-0.0039621918,92423.266,0.1010438,274.37375,2.4312704,24.57855,-12.706886,0.5223604,0.0060324274728016,0.0479336256946601,0.0241457379722516,27.77554945770492,0.0540096224359606,2.734640827760201
-1.3285194e-19,0.016326154,-0.0024917016,94570.05,0.11806966,287.18576,-2.4812012,259.0535,43.590286,0.4496695,0.0066297147958203,0.4781592384730757,0.0797107906257742,262.70703312855306,0.4848030740389458,1.6611344
-0.0031915514,0.030701539,-0.0018426349,96693.45,0.083494216,263.79724,-50.62909,5.2516203,-29.7164,0.6380034,0.1085337981921519,0.0107606518077079,0.0636232334240998,58.9402129192241,0.1262667525862567,2.4568546932603774
-0.0035105823,0.059003077,0.0035105823,98370.0,0.0,295.4,-4.8443514e-13,2.7779837e-13,4.3184269e-13,1.15506,1.8779194575115537e-15,9.602041605489034e-16,1.4768742204950565e-15,7.059302006203678e-13,2.5748263984196666e-15,3.309808733657956
-0.0003036618,0.051141538,2.7321895e-20,98370.0,0.0,295.4,-6.622296e-13,7.256035e-13,-7.005062e-14,1.15506,1.917578912492281e-15,2.101086864876924e-15,1.073247784111873e-15,9.84863224864648e-13,3.0403183559447303e-15,0.2024412
0.0011935149,0.03362154,0.0006890677,94445.5,0.9928966,233.53963,7.324251,567.8395,0.35118663,0.098708674,0.0063142118433734,0.4896188765253024,0.0008380628664118,567.8868423770797,0.4896603066110938,0.9187653821431114
0.0018426349,0.045301538,-0.0031915514,98491.766,3.744000000000001e-42,295.48138,0.028641839,0.31658837,-0.049683675,1.1561762,8.292267431874394e-05,0.0009165731928671,0.0001438420565672,0.3217406075118036,0.0009314897342624,2.4568546932603774
0.0005870607,0.046424616,-0.0005870607,98373.42,0.0,295.402,0.00025995774,0.009024331,-0.000259261,1.155095,7.527409945824248e-07,2.613110857650832e-05,7.507234676370909e-07,0.0090317962936653,2.6152725291392723e-05,0.5534861359174952
0.0009705788,0.035193846,-0.00026006208,93023.86,0.9996418,224.79062,9.242375,910.53687,-1.6262656,0.10037636,0.0080961580789093,0.7978493951151012,0.001720512989511,910.5852282267924,0.7978923268374741,0.6698774323920479
0.002973254,0.054735385,0.000796675,98370.0,0.0,295.4,6.271013e-14,6.020799e-13,-1.552605e-13,1.15506,2.13153631754408e-15,1.9525163920106533e-15,1.3588582155288773e-15,6.249308675756679e-13,3.194098148772201e-15,2.0520916596531995
0.0012849732,0.05069231,-0.004795607,98370.0,0.0,295.4,1.3229837e-13,7.2792055e-13,2.625782e-13,1.15506,1.2089541467912569e-15,2.107796146140523e-15,2.3533283607344688e-15,7.850595499273921e-13,3.3826807558748135e-15,3.309850793761437
0.0008703744,0.012507692,0.0015075472,97694.36,0.26057088,282.94888,27.4094,420.70987,40.896774,0.2768449,0.038011169545547,0.5851054530530639,0.0565497940983961,423.5807078319124,0.5890595211141422,1.160507581746156
-0.0015075472,0.06551693,-0.0008703744,98370.0,0.0,295.4,3.304097e-13,1.4417975e-13,-2.7424498e-14,1.15506,1.5382972006780919e-15,4.871330838773181e-16,1.1750262856213212e-15,3.6153903420613453e-13,1.996082085216668e-15,1.160507581746156
0.0037597984,0.038113847,-0.001007429,105531.5,4.8852394e-07,300.435,58.439964,22.9292,-14.544569,1.2183675,0.1677970859990309,0.0658307341674536,0.0417617487868303,64.44006589348787,0.1850232182525383,2.5949521253287604
0.002838977,0.05204,-0.0016390758,98370.0,0.0,295.4,7.471294e-13,6.9083e-14,2.433365e-13,1.15506,3.244905047399052e-15,1.779775719407835e-15,8.367293437211243e-16,7.887885987167982e-13,3.794354539664619e-15,2.185442735178454
0.003667574,0.01789846,0.003667574,94440.586,0.0003036673,293.18924,-9.150055,-12.871725,-9.52473,1.1128012,0.0265406903554799,0.0373400932710495,0.0276268428900212,18.44248607296614,0.0534970397134837,3.457821927871294
-0.0052270126,0.0062184613,0.001400568,97881.31,2.0129955e-08,295.99762,7.5816536,-0.482716,-2.0419078,1.1470063,0.0219314828705027,0.0013963142170132,0.0059069340664415,7.866630378424412,0.0227559114156535,3.607600091361616
0.0039621918,0.059452306,0.0010616601,98370.0,0.0,295.4,-2.5676035e-13,1.3515457e-13,-4.829332e-13,1.15506,2.3895349901297683e-15,7.271789025167085e-16,1.4519899583186457e-15,5.633978263946778e-13,2.8891073819396293e-15,2.734640827760201
0.0032019995,0.022166153,0.0032019995,90846.36,0.016290924,282.60974,4.4512563,-7.516416,5.6361723,0.9228318,0.0118369389228585,0.0206081729529158,0.0150492890486405,10.395991070053542,0.0281298954208917,3.018874079741246
0.0007244437,0.012507692,0.00019411351,86314.45,0.9998625,189.48276,47.370888,1675.2688,16.140388,0.1104455,0.0452250107801697,1.5987464161221625,0.0154026234260461,1676.01612922076,1.5994601106223092,0.4999994352148855
0.0030781461,0.0064430768,-1.8567266e-19,97910.81,0.0007724912,304.30075,-12.118712,11.3833885,0.17761749,1.1047649,0.0344030769135673,0.0322628782516572,0.0038279379485407,16.62757535702756,0.0473193208228939,2.0520974
-0.0016390758,0.0032984614,-0.002838977,97817.125,1.7310467e-05,296.07288,8.421899,3.4052837,14.521738,1.1456975,0.0243556338210738,0.0098481472940648,0.0419970625890591,17.12907511759846,0.0495372200477699,2.185442735178454
-0.001007429,0.06821231,-0.0037597984,98370.0,0.0,295.4,3.7011513e-13,2.6023737e-14,-1.8942286e-13,1.15506,1.6891599150797992e-15,3.423243876352209e-16,2.882493866631129e-15,4.1658548250382144e-13,3.3584547185049704e-15,2.5949521253287604
0.00026006208,0.0026246153,0.0009705788,94015.92,0.68348634,209.13138,82.21583,431.92017,297.95276,0.192074,0.1062677686931343,0.4054499005383626,0.3742836292472052,531.1217592483247,0.5619347788062641,0.6698774323920479
