x,y,z,p,H2,T,U_0,U_1,U_2,rho,Mach_0,Mach_1,Mach_2,U_mag,Mach_mag,rad_dist
-0.0033619737,0.067763075,0.0009008322,105439.25,9.755928e-22,300.01013,-14.308425,32.563,3.9857612,1.2190425,0.0411123220273022,0.0935631678863288,0.0114525803724065,35.790589368213126,0.1028370118419841,2.32037983596063
-0.0036853154,0.010261538,1.5513156999999998e-19,97559.92,7.3654635e-05,305.05774,7.100426,11.16585,0.30924076,1.1082363,0.0202226935201769,0.0317805642805644,0.0025347919000326,13.235856052844538,0.0377542947117087,2.456876933333333
0.0007924895,0.065292306,0.00045754042,114904.875,0.08846527,276.45163,76.94711,205.42262,48.74411,0.7598414,0.1571242003306556,0.4225769247239418,0.1000098210433784,224.71159027675583,0.461802161042822,0.610057499491838
-0.0015188704,0.027781539,-0.0056685233,100013.55,4.7360788e-07,297.72186,-0.049773637,7.8336287,-0.08055351,1.165195,0.0002969395108399,0.0225938428088195,0.0004845512309417,7.834200973448231,0.0226009888243446,3.9123237593043534
-0.0014932879,0.055633847,-0.0014932879,91637.69,0.5644954,250.43613,-76.76637,464.68625,-19.443775,0.1555045,0.0849204895685429,0.5081901955566773,0.0198095248839116,471.38566682525465,0.515617282181873,1.407885333805092
0.0,0.038787693,0.0,95136.71,0.999982,204.9755,-27.471111,1392.0875,-23.221487,0.11253725,0.0251964983942841,1.2768192874884352,0.0212985438294289,1392.5521559547835,1.2772454675601956,0.0
0.0032781975,0.06708923,-1.5699931e-19,106427.5,1.0377705e-17,300.63525,20.164238,37.5703,0.22119376,1.2279112,0.0578769758081597,0.1078373816588359,0.0074339132790765,42.64003826088935,0.1226128389622088,2.185465
-0.0031915514,0.015203077,-0.0018426349,98216.73,0.0007388662,314.74487,7.7968674,37.271812,4.47605,1.0719513,0.0217734308411305,0.1039535133491196,0.0125000057140161,38.34076335467287,0.1069423460144274,2.4568546932603774
0.002372638,0.027107691,-0.0041095437,98993.65,0.00053278555,299.80737,-0.18447262,21.613512,-0.62738395,1.1372825,0.0016933016674715,0.0618904706076915,0.0017929892154638,21.623402640250475,0.061939586961049,3.1635254947783733
1.5699931e-19,0.047323078,0.0032781975,94313.95,0.40508187,253.3425,13.662764,233.89438,-31.740862,0.20361912,0.0165958086997725,0.2911019714649011,0.0394535081700631,236.4333615127255,0.2942318099119753,2.185465
-0.0046863924,0.005769231,0.002705682,98123.81,4.771856e-10,295.81763,7.0254865,-1.3969762,-3.9585562,1.1505475,0.0203289015631887,0.0040422664563926,0.011454416293701,8.184080293692574,0.0236813810724732,3.607583913671109
-0.0033709237,0.047772307,0.0019461956,95334.19,0.58477163,246.09787,10.355436,115.422264,-4.1512537,0.153051,0.0110458173477346,0.1233137338064318,0.0170258534256554,115.96019570920684,0.1249726638550804,2.594935572283576
0.0004505431,0.009363077,-0.0016814725,99753.25,0.18020487,317.65576,31.070944,441.687,-84.979454,0.37939176,0.0453897227458806,0.6885243148632887,0.1229009684751188,450.859531486459,0.7008784538998407,1.1605245659162278
0.00084845215,0.042156924,0.0031664888,94882.33,0.3583735,256.51312,-9.131116,215.2445,-32.672558,0.22545025,0.0125314269038626,0.281164419729134,0.0428613385648473,217.9015101047233,0.2846885349385147,2.185459257238885
0.0007924895,0.024636922,-0.00045754042,99680.016,0.9994939,219.11325,-2.6336753,1044.8661,-7.624556,0.110369876,0.0048927412046456,0.9276107238990634,0.0072001461471081,1044.897237544914,0.9276515704258684,0.610057499491838
-0.0014593768,0.012956923,-0.00544649,98188.984,4.6686606e-09,296.22675,1.6801493,0.18000482,6.465266,1.1497225,0.0048584208779411,0.0008004445226998,0.0186948798175821,6.682437269160835,0.0193324467218966,3.7590799089658
0.0032781975,0.06304616,-1.5699931e-19,100064.42,0.0069561526,290.14124,83.59235,21.717188,-0.48683238,1.098485,0.2335695378714403,0.0607056820706831,0.0301876098515627,86.36871099487395,0.243210198482085,2.185465
0.002317984,0.029353846,0.002317984,100496.36,0.022988737,305.421,3.5947,110.20225,3.9397788,0.8783034,0.0089565168269029,0.2743142571464791,0.0097723716686886,110.33122690401584,0.2746343571287581,2.185416273442557
0.00031057486,0.04485231,0.001159104,95551.61,0.963252,233.20825,22.82595,690.07947,31.626863,0.10288762,0.0199836606454228,0.6038697330497725,0.0276604268299534,691.1808427409603,0.6048331178092103,0.7999941184450516
0.0016390758,0.050243076,-0.002838977,89126.92,0.31643063,261.2834,5.8296766,279.30988,-6.71177,0.22898112,0.0211892442381609,0.3770254894325464,0.0240759411220939,279.45132322357665,0.3783871756470482,2.185442735178454
0.0041095437,0.048446152,-0.002372638,96656.96,0.13734429,268.325,21.447481,23.298775,-16.977028,0.47444025,0.0365106486339361,0.0416997113030207,0.0295221492914767,35.93114021929683,0.0627969002834873,3.1635254947783733
-0.0017618468,0.0064430768,-0.0017618468,97993.79,1.529745e-05,330.3471,4.8575463,61.941563,4.7439613,1.029255,0.0133358517481086,0.169125149391371,0.0130224079535959,62.31258421663726,0.1701491822119958,1.6610850929224252
0.00075,0.029803077,1.2490008e-19,100339.0,0.9998931,213.45087,16.762674,1256.3712,-14.544385,0.11400013,0.0150667950505025,1.1295761682056769,0.0130835076108988,1256.5671961992714,1.1297524092750224,0.5
-0.00074549386,0.03452,0.0027822433,97843.484,0.10987194,281.9895,4.7924,196.23637,-32.223713,0.49489814,0.0112301461957374,0.3740196319144917,0.0605631127711129,198.9222151697574,0.379057636606303,1.920259111647012
-1.5126382999999998e-19,0.038113847,-0.0045283833,98948.52,0.07584842,278.93274,1.0030112,40.70296,-4.141665,0.63594276,0.006387921242518,0.0862764973555819,0.0286961810314893,40.92542453293735,0.0911477390807931,3.0189222
-0.0010392044,0.0028492308,0.00059997645,105862.79,0.21303575,276.10474,-153.14856,177.35419,90.906364,0.488106,0.2192873993410403,0.2446704018930313,0.1296150699414228,251.3423107165409,0.353200559778965,0.799977090098061
-0.0013424361,0.031375386,-0.0050100614,99608.86,0.00031540068,300.1475,1.4811589,20.687574,6.39761,1.1463063,0.0042493093379136,0.0592897803811152,0.0183422324482778,21.70481429094995,0.0622074929464032,3.4578638180467665
0.0050100614,0.05091692,-0.0013424361,93588.45,0.041075636,276.9915,22.847475,0.7828478,-4.1513367,0.77988887,0.0551669276919381,0.0109799857039213,0.0099676448554191,23.234748996930367,0.0571253353687276,3.4578638180467665
0.0013613222,0.017224615,-0.0013613222,104447.9,0.1413629,321.6844,42.542736,369.53024,-42.086937,0.458083,0.0693216264697751,0.6321012213532413,0.0702756886219442,374.3444843013789,0.6397625452806399,1.283466878666386
-0.004313942,0.013855385,1.5224762e-19,98226.52,1.0637747e-05,301.63348,8.35723,10.8379545,0.117801495,1.1293962,0.0239469395955551,0.0310457975208951,0.0031401429513283,13.6864322673659,0.0393339288332141,2.8759613333333336
-0.0006890677,0.04912,0.0011935149,94388.48,0.97774804,235.435,-8.90158,637.14276,3.4921012,0.09928028,0.0121738143722632,0.5510463219979643,0.0116601568377825,637.2145082448335,0.5513040993873854,0.9187653821431114
-0.0043740757,0.043504614,0.0011720242,94122.3,0.064523175,278.06674,-3.3756876,41.779877,-5.73312,0.6508426,0.0290336927311108,0.0926343825959734,0.0155326692186783,42.30628858505935,0.0983125015732923,3.018916579372005
-0.0039621918,0.069110766,0.0010616601,104030.125,4.0927055e-33,299.11163,-9.108168,24.022787,2.4003875,1.2063663,0.026209830951108,0.0691283332318766,0.0069073530089766,25.803388919166206,0.0742522270338987,2.734640827760201
-0.0015075472,0.0046461537,-0.0008703744,93569.65,0.077638164,329.5365,-66.61836,325.78275,-40.20635,0.5530701,0.1200812156880215,0.6269463870008962,0.0730883989873727,334.9461996604449,0.6425131785427658,1.160507581746156
0.0015075472,0.030926153,-0.0008703744,101889.92,0.6712814,252.35588,91.27671,503.0786,-5.877844,0.14858012,0.0935898735139508,0.5067910747327644,0.0120940120695925,511.32579107304224,0.5155022046326156,1.160507581746156
0.0011935149,0.028006153,0.0006890677,98029.56,0.86104363,241.8155,28.274113,582.2952,2.529695,0.113395624,0.0258058238722062,0.5267485520320407,0.0065529969168992,582.9867277784031,0.5274210077179025,0.9187653821431114
-0.0012458276,0.036316924,0.0021578514,95603.1,0.1370755,280.35913,11.309303,287.61075,-36.493626,0.4248425,0.0198007091834678,0.5119134453632965,0.0646910276482865,290.1372581874589,0.5163645734227711,1.6611119533351038
-0.004491879,0.009363077,-0.0025933797,98236.14,6.1221826e-08,296.57062,5.28708,-1.2920275,3.0286174,1.1489363,0.0152792626816918,0.0037339550108299,0.0087525909059084,6.228569124826263,0.0180001704348939,3.4578474498201968
0.0008019567,0.046873845,0.00021488206,93077.336,0.9982409,218.74637,37.9192,1051.1288,6.439305,0.103341624,0.0336964643028044,0.9341332191846108,0.0057267264272572,1051.8322511536535,0.9347583207900784,0.5534975051172251
-0.00045754042,0.021941539,-0.0007924895,95391.984,0.99960566,213.62537,-11.484606,1163.7075,-21.358362,0.108327,0.0103270880776805,1.0462820208104244,0.019209570045527,1163.9601459494,1.0465093040201046,0.610057499491838
-0.0021569484,0.057655383,0.0037359586,94206.56,0.5495083,245.50587,-58.345127,-31.454712,97.10967,0.16182925,0.0652379133183837,0.0356107930422728,0.109202795000611,117.5748304662098,0.1320960421480598,2.875939503395293
0.0056685233,0.048446152,-0.0015188704,94169.95,0.0005901939,291.68076,1.3747878,-9.696101,0.3230395,1.11115,0.0039888014311828,0.0281490920583728,0.0027149138545845,9.798406534523362,0.0285596337127416,3.9123237593043534
3.469447e-20,0.055184614,-0.0006,91211.54,0.999966,216.14563,2.816197,1116.5212,-11.361361,0.102320254,0.0026467508849907,0.9972940813987796,0.0101467711150361,1116.582554735097,0.997349210180338,0.3999999999999999
-0.00069490174,0.06888615,0.0025934312,104907.25,9.9645545e-26,299.6711,-1.9833986,29.193937,7.9949775,1.2142675,0.0057020769474918,0.0839303905261776,0.0229849827311809,30.333801159629783,0.0872074169239319,1.7899439863847344
-0.003667574,0.03249846,-0.003667574,99242.0,0.0015426757,299.22375,5.651579,20.927376,5.259514,1.1274137,0.0160898831022731,0.0595548753844619,0.0149769982955066,22.306005894261144,0.0634821077016761,3.457821927871294
-0.0046863924,0.04283077,0.002705682,94702.69,0.0023786281,293.229,0.79063386,3.2593756,0.13476962,1.0861675,0.0048552913845901,0.0092702383064033,0.0012450679582956,3.35660454223145,0.0105385656949869,3.607583913671109
0.0041669416,0.036316924,0.0011165227,99136.58,0.06058641,285.40427,-2.7800112,50.404224,-2.2242515,0.6866757,0.012187553993226,0.110593851998298,0.0062188112498388,50.52980856929456,0.1114370234056902,2.8759558980875943
0.00392167,0.006667692,0.002264169,98099.45,9.3728126e-08,296.739,-7.939574,-1.965395,-4.55767,1.1466875,0.0229381310924655,0.0056783055385049,0.0131674466001009,9.363331065192613,0.0270514816926958,3.0189002301766195
-0.0050100614,0.020593846,-0.0013424361,98160.58,7.71689e-06,298.426,0.3883543,3.9481514,0.15653363,1.1408062,0.0011188609681808,0.0113697650729803,0.0005689422331113,3.970292346537145,0.0114388418533302,3.4578638180467665
-2.0677499e-19,0.012732307,-0.0045283833,98284.2,1.7836123e-06,299.10574,0.016880497,5.153961,7.0522,1.1397338,0.0025417008687831,0.0148284015553101,0.0202935974808271,8.734822481350148,0.0252620631521997,3.0189222
0.0045836214,0.014529231,-0.0012281717,98100.266,1.4088076e-06,298.90976,-8.934977,5.8321476,2.249555,1.1383537,0.0257194401287018,0.016784680422657,0.006475450557232,10.904506284868644,0.0313870444187368,3.163541676540452
-0.00031432978,0.060126156,-0.0005329707,96328.016,0.99890465,226.89812,-37.881973,870.44,13.885175,0.103043124,0.0330424732848299,0.7592700883775825,0.012110182713305,871.3745667410504,0.7600852114539726,0.4125050721052952
1.2490008e-19,0.04754769,-0.00075,92753.94,0.99955773,219.88763,41.058136,1033.1968,9.833671,0.10232463,0.0363673295417127,0.9153213718293288,0.0087095205282216,1034.059040455317,0.9160849590149112,0.5
0.0016267902,0.0608,0.0016267902,98516.6,0.78979415,245.88663,20.155096,262.89987,-3.4321513,0.12111538,0.0188083995423695,0.2463635887084188,0.0064475186617363,263.693665459245,0.2471646095854537,1.533752509317093
-0.0007244437,0.021043077,0.00019411351,98983.4,0.99986476,205.63287,-12.91875,1420.255,-5.793457,0.11674425,0.0118364494548664,1.3009583766058568,0.0053036137006911,1420.3255694630627,1.301023031123942,0.4999994352148855
0.0013781823,0.029129231,-1.5183822e-19,100270.9,0.9740854,237.24574,26.968338,583.48236,6.1495314,0.10503413,0.0233074809758834,0.5035322324092061,0.0053079564657795,584.1376314038425,0.5040993177403462,0.9187882
-0.0006495165,0.06978462,0.00037499773,105103.125,9.983088e-25,299.794,-1.5281488,28.597176,0.88448834,1.2160337,0.0043924121712049,0.0821979557971861,0.0025423153909409,28.65163230172957,0.0823544812955854,0.4999977694516481
-0.001007429,0.03788923,0.0037597984,98185.35,0.29017138,256.52237,0.71172506,95.30106,16.218586,0.27796975,0.0083057450946152,0.1342174308645085,0.023431472726176,96.67389058853496,0.136500322576774,2.5949521253287604
-0.0007791963,0.03654154,0.0013496222,98776.94,0.7594856,242.73637,-72.30716,528.6431,47.54142,0.13008538,0.0710086066904578,0.5078487464723274,0.0483912818916778,535.6790449331503,0.5150672652001428,1.0389368404857235
-0.0033619737,0.06619077,0.0009008322,105749.5,7.5334555e-14,300.2145,-27.109974,39.553986,7.7199,1.2218,0.0778687871624193,0.1136112941686096,0.0221735214194781,48.57021056963695,0.13950892168228,2.32037983596063
-0.0006495165,0.069110766,0.00037499773,105674.5,1.2976324e-20,300.15686,-1.99227,32.67135,1.2119097,1.2211688,0.0057229629492257,0.0938514447546625,0.0034813099938143,32.754464973440705,0.0940901987814284,0.4999977694516481
-0.0001279371,0.06978462,-0.00044156975,105118.625,9.295702e-25,299.80386,-0.22303571,28.681162,-1.2346942,1.2161738,0.0006410678200922,0.082437994814279,0.0035488674194088,28.70859223935742,0.0825168371722377,0.3064867194305833
-0.0009705788,0.05069231,-0.00026006208,91057.89,0.98204774,231.79813,11.725926,743.4282,-39.00044,0.0968734,0.0101987877159794,0.6466293483016421,0.033923681017378,744.5428263142363,0.647598907881762,0.6698774323920479
-0.004299605,0.05540923,-0.00248237,93773.1,0.08850417,264.98187,-44.496227,-25.516449,-21.992926,0.59961426,0.0933538424018365,0.0532784188280398,0.0462184708517403,55.8094273474169,0.1170028924936307,3.3098347708290348
0.00083024846,0.030252308,7.63982e-20,100256.414,0.9998365,217.63663,16.255575,1141.3875,1.1093047,0.11172187,0.0144737095227062,1.016366701736563,0.0027507749259516,1141.5037886190953,1.016473476008548,0.5534989733333333
-1.3285194e-19,0.018796923,-0.0024917016,96128.0,0.0066137724,370.78436,0.030104995,186.82413,-7.869044,0.8269655,0.003684148724622,0.4627438067319591,0.0194691624287312,186.9897812984484,0.4631678442058409,1.6611344
0.002264169,0.03744,-0.00392167,97518.56,0.06220634,280.07187,-0.4165217,42.963226,-3.7452636,0.6816306,0.0089603027303119,0.0944420623889671,0.0253208038729831,43.12817267271048,0.0981872358408895,3.0189002301766195
-0.0030781461,0.011609231,1.8567266e-19,98024.625,0.0013989728,326.098,3.3443964,52.288536,0.12221338,1.0239286,0.0091298598898976,0.1425566210122593,0.001099068896128,52.39552385856906,0.1428529050753975,2.0520974
-0.0054114084,0.03204923,2.5823509e-19,99205.15,0.0003686186,299.52176,8.184053,14.897425,0.15129611,1.1432525,0.0234766268630399,0.0427209461950273,0.0023656886379198,16.998084764182558,0.0488039725370425,3.6076056
-0.00035669186,0.05406154,0.001331215,88666.64,0.45059437,252.18825,-12.468625,590.93726,-5.643742,0.17450963,0.0145527570061898,0.6997237287516528,0.031110454582129,591.0957314085941,0.7005661565469063,0.9187823969714264
1.5183822e-19,0.04328,0.0013781823,94020.1,0.67085826,246.79213,11.558714,627.2085,105.36726,0.13911062,0.0120611380869746,0.6362150301001573,0.1077611011855796,636.10248059687,0.6453894099735646,0.9187882
-1.5513156999999998e-19,0.061923075,-0.0036853154,98657.42,0.021236483,279.20975,3.6002436,18.349888,-82.66571,0.9705474,0.0281890111659898,0.0481657757944259,0.2178435984402817,84.75434946594768,0.2248786243505725,2.456876933333333
-0.0041095437,0.05159077,0.002372638,95443.64,0.17079552,266.013,-39.247463,-11.394715,22.79169,0.41673988,0.062923657347645,0.0202476154135278,0.0362691916231179,46.79384590866297,0.0753976580865242,3.1635254947783733
-1.2490008e-19,0.031375386,0.00075,98947.81,0.99983037,216.32425,16.0931,1184.2937,10.030598,0.11093388,0.0143665859420154,1.0577467290581837,0.0089547074550779,1184.4455110403085,1.0578821902322215,0.5
0.0054114084,0.06731384,-1.4721278e-19,103187.25,5.7625253000000005e-31,298.57452,15.970688,22.114075,-0.0945337,1.1987438,0.0459988407637726,0.063692939275246,0.0060226755147466,27.27827202957337,0.0787969319547849,3.6076056
0.001159104,0.036316924,0.00031057486,97303.7,0.9931419,230.3165,-9.748293,722.86414,-25.9062,0.10309438,0.0084649684373019,0.6275160984060989,0.0224878318592261,723.3938936103852,0.6279759645330274,0.7999941184450516
0.0052270126,0.024187692,0.001400568,98747.19,5.442827e-06,297.689,2.93752,6.1059413,0.6928469,1.1504937,0.0084718729402991,0.0176085655171446,0.0019980964632278,6.811136449689236,0.0196424692990598,3.607600091361616
0.0008019567,0.017673846,0.00021488206,101372.125,0.9997236,209.032,-7.419562,1291.25,13.411709,0.11763713,0.0094430412369045,1.173424424247769,0.0121702549199689,1291.3409644004068,1.173525528292345,0.5534975051172251
0.002973254,0.06237231,0.000796675,101915.98,0.16506395,260.39014,136.43445,31.6226,31.166605,0.4977935,0.2349824747982669,0.0578004592270361,0.0533234418805406,143.47719416265613,0.2477923445208947,2.0520916596531995
0.00087018503,0.01655077,-0.00050239643,93920.46,0.9987421,214.07512,-3.2394989,1071.5164,2.8889465,0.10651712,0.0077573867986554,0.9629168169089544,0.006021677554728,1071.525191413605,0.9629668914020824,0.6698670379885004
0.0025934312,0.05091692,0.00069490174,91651.29,0.26030976,266.6764,27.03705,365.21286,-5.2546363,0.26732337,0.039028909325013,0.5261166295010594,0.0087311758609383,366.2499779996272,0.5276345297955487,1.7899439863847344
0.002039934,0.06035077,-0.00054659264,97115.94,0.60204124,252.83376,-4.6987424,322.06824,-5.995697,0.14924787,0.0102808390391798,0.3376562121497817,0.0062756020882892,322.1583116720023,0.3378709760193356,1.4079290131187046
1.2490008e-19,0.020144615,-0.00075,94439.9,0.99984914,202.799,-6.2205763,1455.0801,26.953337,0.11293725,0.0057369309980706,1.342228837118412,0.0248671664550792,1455.3430095207625,1.3424714296911595,0.5
0.00016102531,0.015652308,0.0005830067,89768.164,0.99993426,191.84438,21.972893,1678.545,68.495964,0.11345112,0.0208388422265769,1.5918856494985143,0.0649294973875672,1680.085659166246,1.5933455425787757,0.4032236559999844
0.0037359586,0.0077907695,-0.0021569484,98169.164,1.2123472e-06,297.90137,-6.838015,-1.0856401,4.0767965,1.14301,0.0197169015675203,0.0031310684384044,0.0117549952836839,8.034757822695422,0.023167643624432,2.875939503395293
0.0032019995,0.039686155,0.0032019995,94491.54,0.029829036,288.27863,-4.5718226,30.02745,-5.731915,0.820535,0.0141716967643265,0.0744180927867669,0.0185819644052798,30.90961282442075,0.0780011469425864,3.018874079741246
-0.0030503666,0.047996923,-0.0030503666,98444.36,0.46627638,250.65463,-32.32019,77.2931,-55.872425,0.1970555,0.0401897743677408,0.0914127590042214,0.0692953833449646,100.70027738108136,0.1215457141384235,2.875913210619937
-0.0008019567,0.037664615,0.00021488206,94658.17,0.9985197,220.54587,-25.407988,1074.4988,-38.373352,0.10422187,0.0224920931008821,0.951091373247461,0.0339521230483444,1075.483961386391,0.9519629410734904,0.5534975051172251
-0.00019411351,0.0044215387,-0.0007244437,30421.488,1.0,127.97862,-149.16817,2285.2236,-553.2811,0.05709864,0.1745929640429527,2.657007482002187,0.6472269275568951,2355.9749617844664,2.7402689937784657,0.4999994352148855
-0.0019252748,0.029353846,1.6320611e-19,111139.875,0.66575235,256.2911,-93.56332,425.7819,19.668278,0.15769812,0.0963932865076051,0.4225165360354204,0.0209059336544928,436.3841912541261,0.4338766494858579,1.2835165333333334
-0.00023684214,0.045975383,0.0008839167,94418.414,0.99803627,220.52,17.466862,973.47296,27.53915,0.10400825,0.0154595064106418,0.8617884417425092,0.0243731945679859,974.0190449380398,0.8622716319541609,0.6100648168910395
-0.00025366183,0.010036923,-0.00041642482,94340.55,0.99997365,186.04663,130.34122,1796.3387,195.25024,0.1228545,0.1255340104305176,1.7298601954733093,0.1880512572020118,1811.613704675706,1.7445739763601262,0.3250667997750489
-0.0009705788,0.06461846,-0.00026006208,117461.75,0.983763,239.56912,-170.58687,308.36737,-56.568687,0.12075513,0.1458259086133101,0.2636247334128079,0.048354607844217,356.9178216985218,0.30512516085967,0.6698774323920479
0.0018426349,0.06372,0.0031915514,102986.125,1.5902204e-05,298.48325,29.946388,32.16955,51.215763,1.19652,0.0862567377531924,0.0926581108791547,0.147518668828276,67.48866927952582,0.1943900922690848,2.4568546932603774
0.0012281717,0.053387694,-0.0045836214,95412.44,0.23258463,259.743,14.445284,-10.940341,-77.3427,0.3487925,0.0209607358598667,0.0195217570413391,0.1141462513446894,79.43708538413865,0.117685250315463,3.163541676540452
0.0015584395,0.018123077,-1.7182793999999998e-19,99827.75,0.63847786,257.65262,112.738846,641.28375,-2.337225,0.15192063,0.1194261625427671,0.656004409018475,0.0184325709659958,651.1223832983895,0.66704134251468,1.0389596666666667
-0.00084845215,0.06506769,0.0031664888,106507.125,2.563698e-08,300.711,-11.957176,45.95801,45.182827,1.2285187,0.0343179092379701,0.1318960148099135,0.1296718029149689,65.5484599114808,0.1881197865415039,2.185459257238885
-0.00392167,0.036092307,-0.002264169,95377.98,0.025541937,289.3249,6.0935025,40.2828,6.6382475,0.86061585,0.0173563544219712,0.1016361147428665,0.0212312235704637,41.278336672263855,0.1052706403188715,3.0189002301766195
-0.0052270126,0.051141538,0.001400568,92141.836,0.007572195,284.88626,-7.487385,-13.009777,2.4816835,1.0210121,0.0209777493677575,0.0366693062730487,0.0069402074218171,15.214269115607436,0.042812036510086,3.607600091361616
1.588243e-19,0.03923692,0.0028803973,94374.55,0.28089464,261.38263,-6.2659936,274.8365,-11.265645,0.26696688,0.0128453694360014,0.390435150959638,0.0188751631236435,275.13865443683346,0.3911021380710758,1.9202648666666664
-0.00044156975,0.05496,-0.0001279371,90453.016,0.999912,216.46487,-7.902629,1110.775,-2.9198775,0.1013255,0.0070530975309565,0.9914740441410312,0.0034879608525094,1110.8069489586055,0.9915052658766172,0.3064867194305833
-0.00071900955,0.053836923,-0.0004151182,91031.64,0.99978924,222.452,-22.294113,962.0044,-20.7661,0.0992446,0.0196264358688487,0.8471942727484949,0.0182972210468575,962.4867396504884,0.8476190896038165,0.5534930905771464
0.0021578514,0.03654154,-0.0012458276,94255.77,0.1274215,283.1245,-22.91575,298.0295,2.1703682,0.43090114,0.0415624089251236,0.5392171542052213,0.0195010365639447,298.91708711018185,0.5411680549070732,1.6611119533351038
0.00035669186,0.0028492308,0.001331215,95937.586,0.039302435,292.86786,13.406133,88.033104,53.244717,0.83208823,0.0293577820576984,0.2027310744631602,0.115121638120802,103.75235751682268,0.2349782106578216,0.9187823969714264
-0.001331215,0.032947693,-0.00035669186,102516.625,0.88662964,241.24925,-49.461575,637.7097,12.162659,0.116528,0.0458772284909206,0.5708736917619885,0.0136462582105462,639.7406030177551,0.5728766991274117,0.9187823969714264
0.00045754042,0.021492308,-0.0007924895,95411.3,0.99938416,215.1125,9.804839,1128.62,-17.088696,0.107625626,0.0087978313599336,1.0113020148207494,0.015336616830358,1128.7919484115737,1.0114565629986028,0.610057499491838
-0.004149602,0.052713845,-0.004149602,92770.914,0.001111848,289.338,-10.902702,-20.070812,-10.81795,1.096,0.0316611792540296,0.0582973388891201,0.031416702481211,25.273196225302566,0.0734031279176959,3.912282284567013
0.0011503282,0.007116923,0.0019924412,98440.81,3.8241364e-05,359.32538,1.9778256,121.280235,2.0297306,0.95083237,0.0051687007747203,0.3172989019336444,0.0058610733370534,121.31334222610396,0.3173951178210802,1.533779196505254
-0.0041669416,0.03586769,0.0011165227,95700.234,0.041810524,289.37762,0.8879064,53.890137,3.0763292,0.7577845,0.0174999992617222,0.1265041667198199,0.0128369205968037,53.98517430740316,0.1283524082440408,2.8759558980875943
0.0039870623,0.055858463,0.0039870623,91704.04,0.003552834,288.65726,25.020824,-23.505625,22.038939,1.0520625,0.0709705174107072,0.0675542642139411,0.0627932492889465,40.79547612818512,0.1163760504197244,3.759038385790977
-1.6320611e-19,0.044627693,-0.0019252748,97290.39,0.5038919,254.00624,27.96453,504.47638,-100.06622,0.19427726,0.0335486886838949,0.5889848885604407,0.1156425773251389,515.0647350587242,0.6011671308008817,1.2835165333333334
0.0025934312,0.05990154,-0.00069490174,97525.42,0.76843727,245.34163,6.481144,184.1235,-11.0638,0.12314037,0.0173679480303176,0.1748527632165998,0.0103699161771323,184.56943449617745,0.1760189466642295,1.7899439863847344
-0.001331215,0.067763075,0.00035669186,107885.125,3.8447893e-14,301.54413,-8.438663,45.68801,2.7353086,1.2409775,0.0241848390750672,0.1309401685432463,0.0078393078003479,46.54124197015914,0.1333854899380335,0.9187823969714264
1.00559694e-19,0.03586769,0.003480578,97130.81,0.21501112,264.11627,-6.9557853,129.95863,-10.549043,0.3315155,0.0107292337985569,0.2026610995967321,0.016329922595317,130.5714776236849,0.2036008450857454,2.3203853333333333
0.001007429,0.06843692,-0.0037597984,104474.125,7.333168399999998e-29,299.39612,3.1988175,26.784763,-11.416937,1.2103637,0.0092006483107198,0.0770393736253071,0.0328378072051168,29.29167821799298,0.0842498581598665,2.5949521253287604
-0.00095382205,0.025086153,-0.0035597347,98657.31,0.0158548,310.30038,-0.5127027,72.53313,-4.46056,0.91232175,0.0021263883552399,0.1858388919148612,0.0113897894024297,72.67196438220923,0.1861997383945865,2.4568713291004243
0.0023251872,0.054735385,-0.0013424391,89869.04,0.30848837,264.79736,-4.3622627,378.51736,-7.003126,0.23218162,0.0419884451288228,0.5133429046911376,0.0276670088539685,378.6072700451026,0.5157997971112398,1.7899271558427734
0.0035105823,0.009587692,-0.0035105823,98319.85,2.0929582e-07,296.98776,-3.89518,-0.94178313,3.896035,1.1482999,0.0112487727667271,0.002719939603199,0.0112514221455131,5.589138700871325,0.0161408630654948,3.309808733657956
-0.0045283833,0.04867077,1.5126382999999998e-19,93900.23,0.17879884,265.004,-54.750217,38.3505,-12.869742,0.40413675,0.0852818921628114,0.0622087102900147,0.0213383047029977,68.07332348977573,0.1076951624466686,3.0189222
-0.0031664888,0.03901231,-0.00084845215,95152.914,0.33238274,256.63138,26.63339,224.70288,14.753786,0.24065912,0.036212737546294,0.302939561714419,0.0230474660632576,226.75624786214885,0.3059655635921436,2.185459257238885
0.00050239643,0.069110766,-0.00087018503,105594.625,2.9305745e-21,300.10626,1.9377124,32.1939,-3.0412989,1.2204512,0.0055667147052163,0.0924877307140692,0.0087371189170362,32.39523769868428,0.0930661371940292,0.6698670379885004
-1.3877788e-20,0.04036,-0.00015293711,95647.83,0.9999828,206.49738,-24.690325,1363.3912,-5.371271,0.112308,0.0225624893174377,1.2458819186746817,0.0049079166181917,1363.6253249841766,1.2460958666371689,0.1019580733333333
0.0028192918,0.04575077,0.0048831706,95259.8,0.0024816364,292.0065,-1.2641394,-1.5401776,-0.35166997,1.0961574,0.0036546987759168,0.006374404288785,0.0067406079594355,2.0233307267903387,0.0099712410883687,3.7590637937450806
0.0045836214,0.010935385,0.0012281717,98612.58,2.555727e-07,297.86624,-4.6052723,1.5899799,-1.3924934,1.1483213,0.0132803703185197,0.0045840040913187,0.0040156294942574,5.06711031146894,0.0146118653683024,3.163541676540452
-1.5126382999999998e-19,0.003523077,-0.0045283833,98169.95,1.9239665e-09,295.62585,0.04079999,0.16581158,11.066012,1.1518338,0.0042202411666469,0.0005090598250009,0.0320309291436183,11.067329384426492,0.0323117625519498,3.0189222
-0.0025933797,0.021716923,-0.004491879,98592.92,9.416969e-06,298.59012,-0.58659285,5.975446,-0.89348876,1.145175,0.0016893427671714,0.0172049097861289,0.0025731446144967,6.070285679836943,0.0174780969484936,3.4578474498201968
-1.6320611e-19,0.024412308,-0.0019252748,99473.15,0.122701615,296.0529,3.262378,328.20087,-0.08505283,0.461291,0.005497964515569,0.5834359490948505,0.008147415562681,328.2170949432032,0.5835187355093018,1.2835165333333334
-0.0049647847,0.05496,9.37506e-20,93335.95,0.110418074,264.6844,-58.80326,-24.435837,1.6455275,0.53444177,0.1135899300108858,0.0480688196918013,0.0125389083326777,63.69961755985216,0.1239778522503762,3.3098564666666666
0.0024067922,0.06888615,-0.000644892,105012.375,4.1777866e-25,299.73788,7.8283725,29.602276,-2.13506,1.2152125,0.022503471538069,0.0850947929382083,0.0061374099989374,30.694244437394648,0.0882337680140448,1.6611287174214255
0.0007791963,0.06686462,-0.0013496222,110822.625,3.86664e-09,303.35736,9.55334,61.6486,-15.50565,1.2671462,0.0272968641931121,0.1761525422464238,0.0443054902619368,64.28251215562518,0.1836785599954603,1.0389368404857235
0.002317984,0.0064430768,-0.002317984,98025.54,4.410904e-06,302.48837,-7.8049636,6.387835,8.287374,1.1240025,0.0223343258077886,0.0182647501266939,0.0237142371439156,13.053829346227335,0.037346863988786,2.185416273442557
0.004299605,0.008464616,0.00248237,98184.48,1.3595536e-07,296.72888,-5.8755126,-1.8770087,-3.4023612,1.1477188,0.016975191394877,0.0054229954174618,0.0098298578702678,7.044208380499536,0.0203517101969388,3.3098347708290348
0.0013424361,0.029129231,-0.0050100614,100444.75,4.955182e-05,299.8886,-0.8627641,18.07275,1.2986591,1.1610075,0.0024797706024339,0.0519160441015156,0.0037319251482425,18.13987789134099,0.0521090410840891,3.4578638180467665
0.0041669416,0.052264616,-0.0011165227,93523.15,0.5514874,246.32324,12.857966,66.72141,1.1042012,0.1584085,0.0158674586863589,0.072645223780646,0.0147477445166237,67.95802456174943,0.0758063371469103,2.8759558980875943
-0.0010559278,0.025086153,-0.0018289352,98896.625,0.10521418,296.22763,2.7038507,253.7435,-8.614738,0.496254,0.0061568087576502,0.4728118471477443,0.0162287134785164,253.90409274304056,0.4731303417014258,1.407912163392128
-0.001159104,0.024412308,0.00031057486,100588.25,0.99568063,231.0025,-17.965937,759.3106,2.3365362,0.1060105,0.0155484898191324,0.6574688246445877,0.0052561259547646,759.5267089221168,0.6576736559839109,0.7999941184450516
0.0028803973,0.03699077,-1.8657987e-19,96078.586,0.24906601,262.34137,-16.25688,245.91275,-0.19468722,0.29523724,0.0241952203474362,0.3641630475126066,0.0037347930027469,246.4495986261908,0.3649850442690814,1.9202648666666664
-0.00544649,0.06956,-0.0014593768,103097.25,3e-45,298.51212,-8.48942,18.9618,-2.28254,1.1979512,0.0244538225144975,0.054619555268708,0.0065749460538088,20.900480856382227,0.0602039464564615,3.7590799089658
0.00023684214,0.023064615,-0.0008839167,98611.81,0.99956787,216.55475,2.8012893,1084.0266,21.975174,0.11047025,0.0026105301982518,0.9680415178591883,0.019632569845896,1084.2529340525818,0.9682440978213042,0.6100648168910395
-1.588243e-19,0.02373846,-0.0028803973,99470.55,0.018750563,336.832,0.6135802,146.05412,3.4092638,0.82081586,0.0014780921905864,0.354715451326571,0.0082447779107995,146.09519338189818,0.3548143352926079,1.9202648666666664
-0.0026657272,0.041033845,0.00153905,90818.05,0.22937563,263.18112,14.353934,266.15775,-5.4899755,0.29839376,0.0254852873625513,0.4082857280961992,0.0420731592050003,266.60105614443745,0.4112382355332303,2.0520749831783918
0.0037359586,0.012507692,-0.0021569484,98315.0,3.490988e-06,300.36862,-5.09149,7.1277485,2.9198961,1.135275,0.0146211162192387,0.0204623300242471,0.0083849066322812,9.233301811061278,0.0265101989571893,2.875939503395293
-0.0007775554,0.056083076,-0.0007775554,92249.086,0.995206,233.62512,-21.05985,692.59265,17.478193,0.09617117,0.0181235868608101,0.5964150811549976,0.0150525977844035,693.1331642235785,0.5968802175729087,0.7330862614509579
-0.0038263933,0.02531077,-0.0038263933,98126.81,5.158339e-06,297.07336,-0.09052701,6.456046,-0.11807359,1.1456413,0.0006678527078909,0.0186394161844241,0.0003408250782153,6.457760174109211,0.0186544907373412,3.607558199889029
-0.0001279371,0.026658462,-0.00044156975,98761.69,0.999976,201.77438,-9.150377,1522.67,-48.711987,0.11868413,0.0084590712201683,1.4076996222286238,0.0450306111536872,1523.4764573096395,1.4084450781799738,0.3064867194305833
-0.0025933797,0.023289232,0.004491879,99069.65,3.3454333e-05,299.47363,-2.1921186,8.622929,4.03187,1.1469525,0.0063019253095934,0.0247856310884974,0.011590860553342,9.768124906675126,0.0280782802078368,3.4578474498201968
0.0029342247,0.0062184613,0.00508224,98093.734,6.7272965e-11,295.7219,-3.5341,-1.3732325,-6.106575,1.1505675,0.0102278540111242,0.0039742023501872,0.0176728302991798,7.187898756916464,0.0208022165351846,3.912307532088964
0.0025934312,0.039686155,0.00069490174,94875.016,0.31656802,258.7705,-11.322998,309.70813,4.847594,0.2442475,0.0156796982891975,0.4195036643794464,0.0123866767966947,309.9529564940359,0.4199792936899262,1.7899439863847344
1.2490008e-19,0.014753846,-0.00075,106251.625,0.99978924,204.53426,-4.266325,1432.1813,-63.7636,0.1259955,0.0085279347778679,1.3154571149454806,0.0586108021923573,1433.606387500996,1.3167897983603511,0.5
0.0014593768,0.024636922,0.00544649,98307.4,7.8910176e-07,296.80176,0.61425185,4.0196214,1.7370411,1.1488663,0.001774276424426,0.0116102274154525,0.0050171296417778,4.421761336577947,0.0127717276556934,3.7590799089658
0.0033709237,0.010486154,-0.0019461956,97876.05,1.3849152e-05,302.6866,-5.4767575,7.582455,3.118645,1.12141,0.0156655895205916,0.021678344703392,0.0089195377872264,9.859738494344374,0.0281943164209475,2.594935572283576
0.0004151182,0.04507692,0.00071900955,94145.71,0.999272,217.71175,15.2662,1047.7188,25.515425,0.1049235,0.0135913863235482,0.9328808713529464,0.022720980558374,1048.140628755899,0.9332564968302992,0.5534930905771464
0.0039870623,0.029129231,-0.0039870623,100026.69,1.4031163e-05,298.41138,-1.7384763,10.7198515,1.8269262,1.1624488,0.0050086429557113,0.0308789561585634,0.0052632754710611,11.012500868011788,0.0317222084096386,3.759038385790977
-0.0018984762,0.061024614,-0.0018984762,97442.89,0.5681274,249.01625,-24.256025,139.96103,-46.456562,0.15942949,0.0263093382494173,0.1516402869397396,0.0501839311396811,149.45118540955562,0.1618807735554814,1.7899005265883576
0.00014174538,0.03586769,-0.00029804165,96362.69,0.9999915,206.693,-1.2908496,1410.7288,-20.6589,0.11304013,0.0024579889097011,1.2885280504225918,0.0188674163264868,1410.8806482446842,1.288668521317318,0.2200207847616693
9.37506e-20,0.004870769,0.0049647847,98144.7,3.8474774e-09,295.8135,0.013436258,-1.0557517,-9.459895,1.1508075,0.0036074181369119,0.0030549204990375,0.027373259628231,9.518634649786016,0.0277784331369589,3.3098564666666666
9.37506e-20,0.06753846,0.0049647847,103524.75,2.4181507e-29,298.791,0.16661127,23.956413,15.361525,1.2017938,0.0058470429366597,0.0689742440989107,0.0442282988594181,28.45898686649764,0.0821448518174892,3.3098564666666666
0.0027523169,0.030027693,0.0027523169,100694.664,0.006000295,304.4245,-3.6449437,76.15046,-3.7029963,1.0626975,0.0099897635183243,0.2089152895702428,0.0101727746081527,76.32752029501275,0.2094012390951847,2.594909258619116
-0.00025366183,0.01744923,-0.00041642482,103848.5,0.99995685,197.52263,21.141426,1628.4888,50.650524,0.12747625,0.0197711703563081,1.5217350339290456,0.0473467370016378,1629.4134549586329,1.522599791858975,0.3250667997750489
-0.0026657272,0.051366154,-0.00153905,92690.39,0.39408863,257.4499,4.453296,275.04987,21.323538,0.20019475,0.0167456961461882,0.3412003447347485,0.0277077290235746,275.911138059191,0.3427328578268729,2.0520749831783918
0.0010616601,0.024412308,0.0039621918,100293.92,0.006498236,311.0486,2.8757024,52.153538,8.435869,1.0305252,0.0077836943342303,0.1409193682632915,0.0228193725534697,52.90959342119319,0.1429670521936713,2.734640827760201
-4.1633363999999997e-20,0.0017507585,-0.00476546,98169.17,9.389733e-14,295.44537,-0.03746,0.51030827,9.706636,1.1525288,0.003684093295574,0.0014775531056417,0.0281047644661815,9.720113179306422,0.0283836835574599,3.176973333333333
-0.0004505431,0.017673846,-0.0016814725,98895.4,0.24880862,287.899,-8.53072,480.36462,-51.359474,0.31252587,0.0218826604097916,0.6904195412186572,0.0724038553305131,483.1777487643853,0.6945504387659065,1.1605245659162278
0.00069490174,0.020593846,-0.0025934312,97070.33,0.0067178975,364.34662,2.3275576,165.695,-3.14232,0.8483415,0.0058118004789101,0.4137913174619185,0.0098759552836687,165.74113769479115,0.4139499558212827,1.7899439863847344
-0.0004505431,0.020369232,-0.0016814725,94881.29,0.34585726,271.21487,-13.158538,508.54288,-43.231476,0.23430075,0.021917137674903,0.6516126640935846,0.0696297887532731,510.5467348227099,0.655688746596146,1.1605245659162278
-0.00054659264,0.030476922,0.002039934,96900.125,0.19670725,279.22314,10.688305,271.9115,-22.255873,0.33722425,0.0167635125813732,0.4304179549281235,0.0385513623139804,273.03008548329456,0.4324659972932413,1.4079290131187046
-0.0024944716,0.061473846,-0.0014401756,99579.56,0.8721966,240.1665,-46.451702,54.786514,-51.16044,0.11449737,0.041492029526798,0.0500672779739884,0.0459810992669553,88.18567545788034,0.0796403310375773,1.9202423830851167
0.0037597984,0.014304616,0.001007429,98364.414,9.82523e-05,307.27838,-7.420182,23.3107,-2.3386462,1.1089375,0.0210565363871031,0.0661073868295913,0.0066375276409423,24.574724849973364,0.0696966361544292,2.5949521253287604
0.0030142437,0.0062184613,-0.0017402662,98023.016,1.8208875e-06,299.96063,-10.08272,2.379638,6.1389976,1.1334687,0.0289728144875982,0.0068330756516999,0.0176404562070373,12.04206008713832,0.0346020316944978,2.3203631449363105
0.004149602,0.022615384,-0.004149602,98668.25,2.33396e-07,296.61127,0.89004576,0.9868536,-0.97592115,1.1538312,0.0025716243715966,0.0028508660855517,0.002819760966265,1.6487824519154308,0.004763584916133,3.912282284567013
-0.0046863924,0.012956923,-0.002705682,98286.984,2.3799416e-08,296.60587,5.5041223,0.7696618,3.1312537,1.1493975,0.0159054072642527,0.0022239052554248,0.0090484638648193,6.379066649087483,0.0184337308524289,3.607583913671109
-0.00044156975,0.033396922,0.0001279371,98429.95,0.99997604,208.36638,17.697775,1382.9675,31.559362,0.1145435,0.0161003204098991,1.2582081363125068,0.0287074417665576,1383.440750674219,1.2586385707632963,0.3064867194305833
0.0009626141,0.06843692,0.0016673111,105866.0,4.5425376e-20,300.27875,4.3603673,34.7079,7.0044575,1.2228837,0.0125229697386995,0.0996811769653825,0.0201167791795524,35.67511107579366,0.102458999686895,1.2834938790837072
-0.0005954578,0.036766153,0.0022223014,94501.42,0.11117925,287.19287,-3.5575433,332.00037,-29.297537,0.46303052,0.0118633273755648,0.6212397716406319,0.0575118141429947,333.30953702037186,0.6240089752323621,1.533796090173774
0.0032781975,0.03452,-1.5699931e-19,98499.8,0.13223463,273.90176,-8.8452425,149.47238,-4.534416,0.4531659,0.015883052506776,0.2702814809401466,0.0085568635718127,149.80250874471113,0.2708829455877916,2.185465
0.0019924412,0.027781539,-0.0011503282,92726.96,0.1049954,303.42737,23.862938,219.5055,2.7850227,0.44604775,0.0466907270985127,0.4057263427335092,0.0204754404508894,220.8163505985944,0.4089170244029401,1.533779196505254
0.005186804,0.05204,-2.0375435e-19,92584.125,0.037149277,277.67062,22.354475,-0.05003837,6.762923,0.7935499,0.0557365958971383,0.0199670075176055,0.0157247357811364,23.35513185293601,0.0612577899274497,3.457869333333333
-0.0052270126,0.050018463,0.001400568,92837.914,0.0056733536,286.807,-7.574845,-8.019792,1.5578252,1.0451738,0.0213519015921285,0.0228180515172218,0.00635277006804,11.141012514625592,0.0318892593858796,3.607600091361616
-0.0027523169,0.05293846,0.0027523169,91359.86,0.66464514,245.19188,21.646315,147.05562,-5.815195,0.13250563,0.0278291882564531,0.1499526165739114,0.0063477075933779,148.75394051772764,0.1526451582201893,2.594909258619116
0.0012849732,0.03788923,-0.004795607,96007.92,0.0107212365,292.49564,-0.4247685,23.556087,5.7987237,1.0000417,0.0037708055027801,0.0639944178459982,0.0159476311501195,24.263034838599705,0.066059302364529,3.309850793761437
-0.0028192918,0.02284,0.0048831706,98795.17,1.1516847e-06,297.33588,-1.390642,2.6653624,2.4506538,1.1524862,0.0040134244713963,0.0076911763040983,0.0070724888851862,3.878626811508449,0.0111929383076745,3.7590637937450806
0.00095382205,0.014978462,0.0035597347,98023.31,0.00026460938,312.50586,-3.1351888,35.31626,-9.61022,1.0842463,0.0088154458388534,0.099187151027411,0.027013724004478,36.73450636183431,0.1031772470017605,2.4568713291004243
0.00083024846,0.018347692,7.63982e-20,99050.08,0.99975413,208.028,47.13484,1314.645,6.67273,0.11549,0.0429224783660116,1.19752691642752,0.0085103850937009,1315.5066303491133,1.1983261164524155,0.5534989733333333
0.004491879,0.06349538,-0.0025933797,101221.5,9.490358e-12,297.3275,34.888226,17.616526,-20.11395,1.1808425,0.1006954843082421,0.0508450379025188,0.058054287301637,43.95567410856364,0.1268664601598114,3.4578474498201968
0.00074549386,0.023513846,-0.0027822433,99209.05,0.0169352,339.08188,0.37024412,147.98524,1.2774659,0.82911825,0.0018026203409985,0.3616353977496785,0.0062049659456271,147.99121682617402,0.3616931184693017,1.920259111647012
-0.0048831706,0.040135384,0.0028192918,95377.25,0.0004714057,294.88562,5.2259474,1.3552951,-1.958404,1.1149025,0.0151021773550409,0.0063244434801079,0.0056546285754036,5.743056439115566,0.0173219274482362,3.7590637937450806
0.0031915514,0.05159077,0.0018426349,93547.75,0.5455164,248.226,-10.614044,198.35825,0.024841739,0.158418,0.0116595016135204,0.2179614364129201,0.0063508953758327,198.64202448175067,0.2183654405191761,2.4568546932603774
-1.8747665e-19,0.01655077,-0.0026849245,97437.11,0.00321024,368.42776,-0.09018099,172.37524,-4.2287946,0.8800384,0.0028101528842008,0.4374920084751688,0.0107471481807127,172.42712722027687,0.4376330147885188,1.7899496666666668
0.002176526,0.019246154,-0.002176526,97623.836,0.015710013,340.285,0.19268501,123.578125,-3.0654223,0.8231525,0.0102426517030186,0.3030938095469248,0.0109087695373671,123.61628905571484,0.3034629640539291,2.052048392038442
-0.00084845215,0.057655383,0.0031664888,92187.23,0.3110035,263.69226,-23.681925,242.53038,66.32942,0.23620063,0.0321903004293239,0.327311220591274,0.0897059529349443,252.5498183570648,0.3409046913121704,2.185459257238885
0.0039621918,0.05540923,0.0010616601,89136.984,0.37110224,250.307,3.304875,36.938007,12.802555,0.20872988,0.027407862959443,0.0481790073309609,0.0169305212540648,39.23319990041213,0.0579573140279527,2.734640827760201
-0.0016814725,0.060575385,-0.0004505431,98339.65,0.843894,247.442,-62.941837,383.57526,-35.2487,0.11343762,0.0569815561946185,0.346612414073685,0.0323239117929738,390.30004583742,0.3527490589781184,1.1605245659162278
0.00087018503,0.067987695,0.00050239643,107769.875,1.3397413e-14,301.47238,5.859584,44.123875,3.3348837,1.2399462,0.0167951466711702,0.1264720212181712,0.0095586797464046,44.63600025720502,0.1279398978474267,0.6698670379885004
0.001331215,0.05069231,-0.00035669186,92868.69,0.9920801,230.88501,11.7061615,662.66327,-35.68474,0.09825242,0.0101561506777675,0.5748309325316658,0.0309555791899063,663.7266337077522,0.575753416207665,0.9187823969714264
0.00248237,0.040135384,0.004299605,94419.125,0.007513685,293.1596,-1.5959629,16.946987,-5.225355,1.0172752,0.0048880256038803,0.0468369208889314,0.0173246892940649,17.805948467643347,0.0501770347050928,3.3098347708290348
0.0005954578,0.062596925,0.0022223014,99798.86,0.9277389,238.17537,39.64535,77.35652,98.23974,0.10892537,0.0349048977434558,0.068159155772319,0.0865508893792817,131.1748126676783,0.1155641763455311,1.533796090173774
0.002050962,0.0462,0.0035523847,92653.65,0.16518095,268.74625,3.9031131,86.933136,25.58863,0.39867026,0.0275524830917232,0.1492375896925505,0.0410983157383407,90.70491944730884,0.1572261716709088,2.7346242628142687
-0.0021578514,0.067763075,0.0012458276,106491.875,7.166308000000001e-18,300.67377,-11.212288,38.527336,6.9274826,1.2284975,0.0321805142119176,0.110578028750996,0.0198828538621847,40.71929563026775,0.1168692167129758,1.6611119533351038
-0.004299605,0.033846155,-0.00248237,98056.21,0.0040779677,298.19424,10.147226,29.125513,5.834219,1.082435,0.0285031716451815,0.0816475243320586,0.0163555600604624,31.389485729272568,0.0880128022976213,3.3098347708290348
-0.0009008322,0.028455384,0.0033619737,99391.06,0.017588638,305.4861,-2.281695,89.56769,6.2361736,0.9185801,0.0065004649725942,0.2293639993891776,0.0159361077659575,89.81351282061325,0.230008825464126,2.32037983596063
-0.0018289352,0.048446152,0.0010559278,92687.21,0.22736825,268.59076,21.027561,439.33737,-12.291612,0.297372,0.0316403733553238,0.6641155231985171,0.0204148230951709,440.0120074789825,0.6651821602999523,1.407912163392128
0.0004505431,0.05653231,0.0016814725,91402.79,0.7984197,242.17488,8.601235,520.80725,34.793186,0.11264075,0.0080863744996079,0.4876328800342215,0.0328166562795268,522.0390202735024,0.488802770115295,1.1605245659162278
-1.4847213e-19,0.016775385,-0.0021119022,96842.58,0.048286587,350.27563,-1.8159175,283.22913,-52.48585,0.62164223,0.0154608819331884,0.595694887739954,0.106748292341526,288.0569424387237,0.6053813971931251,1.4079348
-0.0010048215,0.027107691,4.0129963e-20,96906.586,0.9993914,223.521,-0.7554462,969.5275,-40.056713,0.10519563,0.004329469646003,0.8521633101089858,0.0352072418428829,970.3549269270372,0.8529012846053771,0.6698810000000001
0.0024917016,0.02531077,-1.3285194e-19,94708.92,0.022374537,344.57812,18.123077,208.12088,-3.9529111,0.7367081,0.0421598599703538,0.489505784962562,0.0092828413643384,208.9458592987352,0.4914056760440698,1.6611344
0.0005329707,0.010261538,-0.00031432978,104321.05,0.99989367,193.07338,-167.53238,1657.9325,95.02518,0.13096312,0.1584972353529635,1.5673006239709422,0.0899029118773387,1669.0826994905754,1.5778577733998276,0.4125050721052952
-1.8923934e-19,0.00868923,-0.0023007027,98296.89,0.0017895414,375.31912,0.388406,165.6005,-4.280554,0.88833576,0.0025049534780822,0.4192833990110077,0.0108271842408705,165.65626943166913,0.419430651474993,1.5338018
-0.0010996894,0.0026246153,1.0156928e-19,83574.336,0.22821881,226.63188,-155.54118,106.78338,-1.0635372,0.448744,0.3148994803360603,0.1415243651160061,0.043134476466198,188.67135455970143,0.3479244338896342,0.7331262666666666
-1.6405244e-19,0.025086153,-0.0017407954,94768.984,0.24061075,276.76788,3.907448,461.74936,-36.52487,0.29877514,0.0065612708340959,0.6734443845192851,0.0522775052622462,463.2081667444986,0.6755022774735562,1.1605302666666666
-0.0031664888,0.03586769,0.00084845215,95802.336,0.2776805,257.00812,25.869013,179.09512,-8.99886,0.27624977,0.036992827232898,0.2570438626157735,0.0141723882050602,181.17739186418424,0.2600785903579043,2.185459257238885
0.0019461956,0.01744923,0.0033709237,97236.15,0.0014224004,319.00275,-1.8879268,37.77645,-3.2674263,1.037865,0.0052163295218574,0.1041496092919293,0.0090369407550898,37.96446386860468,0.1046709964964179,2.594935572283576
-0.0010616601,0.046649233,0.0039621918,96176.54,0.27991238,258.49738,1.2785512,101.56781,41.339787,0.28567725,0.0101513372055655,0.1452415773282889,0.0609218229717769,109.66600526404018,0.1578278617547451,2.734640827760201
0.00084845215,0.058553845,0.0031664888,95103.29,0.338914,263.14288,-0.77961355,208.01637,72.6106,0.2278735,0.0038320960938981,0.2723278484351749,0.094950116273641,220.32638792850992,0.2884313897171776,2.185459257238885
-0.00074549386,0.01116,-0.0027822433,97967.54,0.00096204365,335.63937,0.85500544,69.83821,2.7049582,1.0000291,0.0023509040387831,0.1882263491517517,0.0077353887235943,69.89580394537484,0.1883998978330451,1.920259111647012
0.0004982899,0.056307692,0.0018596658,94433.016,0.7386841,246.37813,20.733139,498.39236,73.6144,0.123301625,0.0202302410365046,0.4795393365685706,0.0716772899374314,504.22602813274415,0.4852884419206731,1.2835107603984124
-0.0003036618,0.0062184613,2.8622937e-20,118226.984,0.9999986,192.02037,465.72614,1795.3213,0.45552444,0.1467225,0.4475285360435674,1.709736754348302,0.1232581106469347,1854.7451617986512,1.7716303569263585,0.2024412
3.469447e-20,0.010486154,-0.0006,116909.25,0.9998929,199.28137,-0.73598754,1579.14,129.0422,0.142129,0.0177604624420586,1.4695290873786546,0.1204178328056907,1584.4038533967594,1.4745615033411517,0.3999999999999999
0.0004505431,0.032273848,-0.0016814725,105906.25,0.5534725,257.79288,61.666924,507.4165,-102.73158,0.19213662,0.0690499638085096,0.55816109577517,0.117399155462693,521.3713566328402,0.574538308594169,1.1605245659162278
1.00559694e-19,0.065292306,0.003480578,106283.0,3.2279016e-10,300.562,0.10156369,42.6148,41.021065,1.2265425,0.0153727020256564,0.1223316075644305,0.1177573090318494,59.150310801866055,0.170493771168597,2.3203853333333333
-0.0006470514,0.058104616,0.0006470514,93903.02,0.99860024,229.74512,-7.9665117,731.36865,41.742523,0.09923411,0.0068967387524807,0.6341528966488627,0.0361870388420103,732.6022152149789,0.6352219794006786,0.6100459102883323
0.002264169,0.061923075,-0.00392167,99184.95,4.3632273e-05,295.836,28.509613,12.227213,-47.9949,1.162245,0.0824692182114349,0.0353689618404114,0.1388324574330002,57.147293874400894,0.1653075517057813,3.0189002301766195
0.0029004794,0.004196923,-0.0029004794,98056.83,4.2246576e-08,295.92438,-9.207687,-0.19409779,9.311437,1.1493462,0.0266384030052621,0.0006091166717619,0.0269385990503025,13.096642044700651,0.0378901525014552,2.7345982032425185
-0.0037359586,0.069110766,0.0021569484,103930.375,1.3854443e-34,299.0476,-8.30393,23.438662,4.796085,1.20547,0.0238981180927999,0.0674546758362887,0.013802740979433,25.32446566311655,0.0728818838882579,2.875939503395293
0.001400568,0.0037476923,0.0052270126,98185.79,7.949388e-11,295.54413,-2.2739012,-0.3526685,-8.517086,1.1523387,0.0065828445075396,0.0010209476185974,0.0246563842762255,8.822457462048185,0.025540427980503,3.607600091361616
-0.0054114084,0.025086153,1.4721278e-19,98198.19,4.2692686e-06,297.145,-1.0187566,6.5664864,0.030346127,1.1462113,0.0029408552686893,0.0189558574685526,0.0009472344684587,6.6451132073767125,0.0192059994589632,3.6076056
-0.00050239643,0.034295384,0.00087018503,98224.5,0.99943286,228.979,3.44582,823.3975,12.260337,0.104070246,0.0042888787720858,0.7149472068885047,0.0106468610747916,823.4959821062129,0.7150393407145804,0.6698670379885004
-0.0010622129,0.06349538,0.0002846142,102628.5,0.9833535,239.4145,-20.704575,462.92325,-15.884783,0.105568,0.0177063241764479,0.3959613374380337,0.0135836515081944,463.6582158739886,0.396589725345796,0.7331216324027761
-1.8657987e-19,0.043504614,-0.0028803973,93697.9,0.21068113,271.55273,-2.4339414,305.8679,27.21236,0.31889474,0.0072237645811613,0.4772315621611692,0.0413354310464898,307.08567022562005,0.4790728175938529,1.9202648666666664
-0.00019411351,0.00824,0.0007244437,79370.08,0.9998699,178.79788,-61.724915,1802.675,237.82613,0.10758875,0.060635848939102,1.7709432315593008,0.2336101017323053,1819.342845333868,1.7873137148283853,0.4999994352148855
0.0024067922,0.053387694,0.000644892,89217.89,0.2796271,265.876,14.793943,393.44562,12.161558,0.247127,0.0223104334075002,0.5520478431682537,0.0184877090792159,393.9114369241632,0.5528077169980075,1.6611287174214255
0.00054659264,0.022615384,0.002039934,100450.83,0.17965375,287.44864,8.277155,284.78412,47.50779,0.37241188,0.0139632079104054,0.4545035470394838,0.0780142711210899,288.838183780733,0.4613617582171028,1.4079290131187046
-0.0035523847,0.04372923,0.002050962,93670.92,0.204247,263.49637,-19.180067,74.804,2.403831,0.34421825,0.0471935662942092,0.1180763504107461,0.0156021492574897,77.26119200220154,0.1281119989982991,2.7346242628142687
-0.000644892,0.06551693,-0.0024067922,108975.75,2.4234935e-06,302.2596,-12.762032,63.2421,-45.566277,1.2505125,0.0365328449663635,0.1810308654714347,0.1304353161271408,78.98555736854526,0.2260977547607675,1.6611287174214255
0.0001279371,0.059676923,0.00044156975,97191.65,0.9999713,222.26187,-29.299387,972.24976,30.114388,0.1060275,0.0258071218608019,0.8563833820356718,0.026525771542699,973.1571950426344,0.8571826649679338,0.3064867194305833
-0.0011165227,0.06416923,0.0041669416,103412.375,1.3401326e-09,298.75076,-11.459997,29.910362,43.661186,1.2006512,0.0329974894482258,0.0861219536942667,0.1257159717319608,54.1503504064161,0.1559177051091836,2.8759558980875943
0.00045754042,0.04867077,0.0007924895,92846.1,0.9981959,219.69388,38.531624,1023.9257,7.7202463,0.10264475,0.0341677753728292,0.908040685565262,0.0068488067852802,1024.6795242276974,0.9087091006863204,0.610057499491838
0.002317984,0.029353846,-0.002317984,101023.375,0.021499125,307.61285,5.6306505,119.7875,-5.6450863,0.8876834,0.0140922224376441,0.2994579437133176,0.0140431923837313,120.05255674344298,0.3001180801594049,2.185416273442557
0.0015188704,0.046873845,-0.0056685233,94568.36,0.00036554903,292.58063,-0.8343542,-6.96431,0.3319205,1.1157037,0.0024230498024205,0.0202144916237171,0.0026269356517454,7.021960689542337,0.0205279719619048,3.9123237593043534
-0.00037499773,0.0026246153,-0.0006495165,148820.47,1.0,189.834,-385.62662,1732.0863,-664.15314,0.18172312,0.3777034209203957,1.6619474932580398,0.6492929584031368,1894.7111215359912,1.8238176143336124,0.4999977694516481
-0.0006470514,0.05990154,-0.0006470514,95977.06,0.980204,233.2675,-31.860737,676.55524,15.266112,0.10163425,0.0276487086742479,0.5871075773617332,0.0132484372072084,677.4770501716183,0.587907543390413,0.6100459102883323
0.00071900955,0.013630769,0.0004151182,95814.914,0.9996288,201.978,-82.817024,1434.0687,-37.028076,0.115069,0.0766097466006903,1.326042544109746,0.0342623843969076,1436.935201808407,1.3286955230781172,0.5534930905771464
-7.63982e-20,0.030701539,0.00083024846,99632.46,0.999622,221.675,15.136063,1027.9861,-1.4789191,0.109022,0.0133493632437855,0.9071135515809028,0.0021326548009924,1028.0985893376444,0.907214279636974,0.5534989733333333
0.00028127836,0.060126156,0.00028127836,97455.04,0.99996847,222.7385,-29.843237,965.0664,18.151312,0.10608788,0.0262585241521689,0.8491369829924583,0.0159715185308383,965.6983200414712,0.849693012434706,0.2651917810093745
0.001159104,0.038787693,0.00031057486,95730.914,0.980833,232.44537,-4.9282546,646.0513,1.8771068,0.10167287,0.0047239536380465,0.5614498944938742,0.0032689796908053,646.0728236468633,0.5614792836724929,0.7999941184450516
0.0033553978,0.04822154,0.0033553978,96241.0,0.10483831,270.42188,9.218986,24.453863,14.683057,0.5443914,0.019913838218807,0.0476085351671741,0.0295637321599512,29.976211924728148,0.0594739256531314,3.1634993839445635
-0.0016814725,0.0037476923,-0.0004505431,96048.64,0.023519585,326.26288,-38.533817,164.13412,-10.469199,0.81097823,0.0888108094929545,0.389056399977037,0.0241099118851394,168.92148628420688,0.3997918584676221,1.1605245659162278
-0.0045836214,0.022166153,-0.0012281717,98203.98,0.00022664276,301.86087,-1.1948633,14.276162,-0.12381244,1.12507,0.0034157427081723,0.0408101147819439,0.0007144506205969,14.326612623932764,0.0409590430363447,3.163541676540452
-0.0015584395,0.049344614,1.5101126e-19,94122.48,0.460505,254.96988,-86.66874,543.08777,-15.70114,0.191635,0.1003333552011262,0.6477859511417905,0.0323702413193145,550.1838985412605,0.6563088093159044,1.0389596666666667
-0.0026058601,0.021267692,-0.0026058601,97830.9,0.009572326,325.0461,-3.6515248,77.87084,-1.4946934,0.9269397,0.0093999154932621,0.2021269655702598,0.0043586270200594,77.97073466391488,0.2023923571961685,2.45682846337794
-0.0012458276,0.0032984614,-0.0021578514,97841.4,1.7075169e-07,297.96063,10.841116,11.65321,18.823963,1.13899,0.0312564233014505,0.033588682980634,0.0542717944428941,24.65093674599253,0.0710675122262257,1.6611119533351038
-0.002317984,0.06349538,-0.002317984,101903.875,0.002546261,294.96774,-55.877514,31.921537,-56.09655,1.1598487,0.1591829347063734,0.0910006878053966,0.1598061233761329,85.37039309482572,0.2432248526596256,2.185416273442557
0.00035669186,0.06349538,0.001331215,101613.875,0.978769,238.70425,45.517277,306.26413,65.46299,0.10529025,0.0390831611633297,0.2630619361913181,0.0561579375274518,316.4726574127562,0.271813887994306,0.9187823969714264
-0.00040334585,0.06956,-0.0015053301,105027.375,3.085988e-25,299.74612,-0.9434463,28.586538,-4.1625986,1.21535,0.0027119926284662,0.0821738958684651,0.0119656646778734,28.903416283393728,0.0830847831880273,1.038953872289757
-0.00392167,0.0608,0.002264169,97886.48,0.0057139513,289.13126,-62.4863,8.074238,35.6363,1.0933837,0.1762258624182818,0.0227440880408624,0.1005347665929371,72.38561241476543,0.2041570165822718,3.0189002301766195
-0.0015075472,0.052489232,-0.0008703744,87998.69,0.43647575,251.2315,0.16811216,518.43,-18.826736,0.17875825,0.0367425361218298,0.6233073275469307,0.0227129537542687,518.7717601702236,0.6248023021745394,1.160507581746156
-0.0016673111,0.03991077,0.0009626141,90633.56,0.24765038,267.009,-38.067932,423.68625,53.749203,0.29136774,0.0530226136925978,0.6324304114821692,0.0760893614099762,428.7752123303705,0.6391941910328021,1.2834938790837072
0.0015188704,0.06416923,0.0056685233,101765.375,1.4220308e-17,297.669,8.204348,18.382124,29.998537,1.1858225,0.0236655074899676,0.0530244525047335,0.0865333740660893,36.126528078364366,0.1042097578705861,3.9123237593043534
-0.00019411351,0.051141538,0.0007244437,91948.31,0.998021,220.06688,-12.050933,1017.4881,-24.401424,0.10149662,0.0106684201721769,0.901629288978994,0.021619843368596,1017.8519971592178,0.90195155499673,0.4999994352148855
0.004149602,0.0046461537,-0.004149602,98147.54,4.538651e-11,295.56763,-5.561686,-0.93283236,5.600216,1.1517987,0.0161000780687174,0.0027003778034815,0.0162115903885002,7.947637801329095,0.0230069601865357,3.912282284567013
0.00153905,0.028455384,-0.0026657272,100312.64,0.032498524,308.40738,8.481914,120.985504,-8.42116,0.7901356,0.0201181253642027,0.2862033675406508,0.0201036982234101,121.57446680525896,0.2876130477604181,2.0520749831783918
0.00071048376,0.04709846,0.00071048376,92902.375,0.9929439,223.86362,31.773075,886.8055,-0.6209692,0.1012885,0.02797297260056,0.7809767753149376,0.0023332866942438,887.3747284704208,0.7814810650324342,0.6698505128252208
-0.0041095437,0.069110766,-0.002372638,103529.25,4.348375e-37,298.79062,-8.349431,21.76895,-4.9393864,1.2018476,0.024039334847359,0.0626762872748456,0.0142213518116744,23.83270274506788,0.0686181714548984,3.1635254947783733
0.0014401756,0.049793847,-0.0024944716,90515.164,0.2650335,266.3025,10.639634,328.97913,-10.112391,0.26108164,0.0152783365123443,0.4715810714091553,0.0327052158394485,329.3064381984472,0.4729606385536709,1.9202423830851167
-9.37506e-20,0.034744617,-0.0049647847,98092.86,0.004185814,297.5855,-1.1587478,27.596313,9.766298,1.0835588,0.0034892455919833,0.0773948565699757,0.02747287700965,29.29641214010305,0.0822003505435082,3.3098564666666666
-0.0010622129,0.053163078,0.0002846142,93212.06,0.78260386,244.01562,-93.28058,697.1176,23.977798,0.11928336,0.0905061606897,0.6605735839659761,0.0251852335446534,703.7394046320167,0.667220444040156,0.7331216324027761
-0.0012463098,0.0017464056,-0.002171707,98073.27,1.98709e-10,295.827,7.38097,8.450273,13.006488,1.1499163,0.0213572283365074,0.0244511272188304,0.0376349143210355,17.177152325387723,0.0497028731608226,1.6692778759990854
-0.002264169,0.039686155,-0.00392167,100461.75,0.11209905,273.38113,-12.543597,47.388775,-18.659739,0.5379361,0.0296921184245824,0.0904022849750523,0.0370879365100474,52.45210845378053,0.1021259519408426,3.0189002301766195
-0.00045,0.06506769,4.1633363999999997e-20,123042.125,0.5883139,244.90912,-97.55183,369.4375,-12.717338,0.23816362,0.1087505135378243,0.4343831469466322,0.0170703627950215,382.31159625154606,0.4481147061098906,0.3
1.3285194e-19,0.029578462,0.0024917016,107635.125,0.19790563,282.40964,2.264145,223.76738,-14.307812,0.365735,0.0088643004077148,0.3483686919341001,0.0674823471285572,224.23576920035032,0.3549551922645634,1.6611344
0.002264169,0.02823077,0.00392167,99510.02,0.00037021335,301.76974,-0.2696335,32.845062,-0.51168746,1.1381987,0.0010228560020528,0.0938415630008373,0.0020012849543648,32.85015409499456,0.0938684735271093,3.0189002301766195
-0.00029804165,0.008913846,-0.00014174538,48875.426,0.9999982,159.4565,-77.61437,2146.7688,-44.73255,0.0742831,0.0807053511534336,2.232609363710288,0.0465180711218686,2148.63707314973,2.23455182432016,0.2200207847616693
0.00025366183,0.015203077,-0.00041642482,99115.05,0.99995947,193.75925,56.791176,1697.1625,-79.372086,0.124008246,0.0535935389353603,1.6012798886272754,0.0748808136648173,1699.9663870540803,1.603925398948748,0.3250667997750489
-0.00015293711,0.02576,2.2551406e-20,98097.9,0.9999967,198.03387,-10.457881,1588.8113,-19.29155,0.12010525,0.0097592093047727,1.482571622392224,0.0179999346806294,1588.962830963677,1.4827130050476636,0.1019580733333333
-0.0026657272,0.015652308,-0.00153905,97965.08,0.0022950263,339.3264,3.1693456,97.504265,2.160475,0.9720637,0.0084866190684095,0.2591297632658448,0.0057764486076553,97.57968075858872,0.259333037370756,2.0520749831783918
1.5513156999999998e-19,0.014978462,0.0036853154,98253.23,0.00043366724,312.51212,-0.580889,35.085487,-9.961647,1.08434,0.0040911564371843,0.0984210721042267,0.0279707945961265,36.4768863941277,0.1024002458272323,2.456876933333333
-0.0033619737,0.026433846,-0.0009008322,99063.61,0.020567674,310.75162,-7.71089,85.72585,-0.7815425,0.87081563,0.0193116647601629,0.2140007148088564,0.0026750623358979,86.07549007408501,0.2148869523563758,2.32037983596063
0.00021488206,0.039686155,0.0008019567,94157.98,0.9985814,222.3485,-28.724237,987.28625,2.6806314,0.102817506,0.0253135375467541,0.8702469846453431,0.0027549512255331,987.7076526052622,0.8706194227236709,0.5534975051172251
-0.0019461956,0.034295384,0.0033709237,98494.9,0.0762788,283.2664,5.019967,86.96201,-2.5205226,0.6123316,0.0104202688448992,0.181958833146202,0.0091693525977625,87.14324004820052,0.1824874680349022,2.594935572283576
-0.0018289352,0.01947077,-0.0010559278,96070.29,0.067138866,316.428,-7.239195,242.88974,-4.4453425,0.56512225,0.0150185909948396,0.4925238143090615,0.0091799537705287,243.03825380268415,0.492838246576142,1.407912163392128
-0.001331215,0.030252308,0.00035669186,102277.5,0.9709134,237.4595,10.887028,565.45026,33.6659,0.10738912,0.0098491925082959,0.4885156439049135,0.0290894725996258,566.5561902720244,0.4894800694093908,0.9187823969714264
0.0018426349,0.04485231,0.0031915514,97034.02,0.3696156,256.70538,13.566928,151.296,22.912994,0.22241463,0.020749419275481,0.1927300593319523,0.0424430793699527,153.6214387557974,0.1984359573181525,2.4568546932603774
0.0012458276,0.012507692,-0.0021578514,98479.695,0.0011070654,378.50586,2.781835,166.76912,-3.82777,0.8898306,0.0070755886833606,0.4228396629743679,0.0097435519084493,166.8362365156758,0.4230110889129099,1.6611119533351038
-0.0038924366,0.06327077,1.5418135999999998e-19,102151.75,5.989308e-05,297.79825,-61.53625,29.414999,-0.20394129,1.1888638,0.1773963298927554,0.0847970983506088,0.0235950021093649,68.20552633241876,0.19803214353393,2.5949577333333336
-0.00016102531,0.048895385,0.0005830067,93107.33,0.9996996,214.68663,38.047325,1171.96,6.2588286,0.10518525,0.0341059088721574,1.0505297234304996,0.0056078880555141,1172.5941384277426,1.0510981691732704,0.4032236559999844
1.6060752e-19,0.01408,0.0024917016,98721.77,0.0017270694,375.08014,-0.15714926,170.44376,-0.38469875,0.892678,0.0011646249901114,0.4327088052066283,0.0028982166603007,170.44426658575458,0.4327200782428814,1.6611344
-0.0009705788,0.00868923,-0.00026006208,87965.85,0.99850774,197.88,-70.2782,1451.5,-18.096584,0.10795788,0.0656127065824336,1.3577180434135865,0.0169148511649255,1453.3130295114363,1.3594077478320556,0.6698774323920479
-0.0011165227,0.061024614,-0.0041669416,97666.73,0.0066826073,287.861,-16.31074,8.829272,-69.934525,1.0834326,0.0457808154328397,0.0247802898495738,0.196526760951496,72.35215318408436,0.2033044849402272,2.8759558980875943
0.004149602,0.009812308,0.004149602,98007.7,6.63075e-10,295.894,-4.277269,-1.3848213,-4.2998114,1.14889,0.0123750735311114,0.0040066096608186,0.0124403086923705,6.2210238873407855,0.0179987956884911,3.912282284567013
-0.001007429,0.016326154,-0.0037597984,97192.36,0.0013332543,314.48813,2.1674232,29.464674,8.996513,1.0534488,0.006039878274931,0.0818702629316305,0.0250307679628493,30.883684744753875,0.0858240026267727,2.5949521253287604
0.0019924412,0.02284,0.0011503282,97926.69,0.07997072,315.99326,46.41075,222.02913,31.525362,0.551835,0.0892508246322704,0.4370597690129713,0.0607391757278245,229.00816739441947,0.4501957339372593,1.533779196505254
0.00023684214,0.033396922,-0.0008839167,97989.04,0.99974525,222.94263,36.676388,1010.7196,18.235962,0.1066035,0.0322668018897061,0.8893114020163607,0.0160408901815266,1011.5492165836282,0.8900411374865268,0.6100648168910395
0.0058684936,0.043504614,-1.4511581e-19,94311.734,0.00013523125,292.65924,-3.2534614,-5.56317,0.67570883,1.1157763,0.009456653889294,0.0161718035014608,0.0023107427572502,6.480004163048812,0.0188757798080488,3.9123290666666666
0.0012849732,0.009363077,-0.004795607,98207.19,1.6762864e-07,296.882,-1.4072938,-0.8074085,5.9170637,1.1473937,0.0040647768190627,0.0023323052173482,0.0170909021140878,6.135472855065727,0.017721766088316,3.309850793761437
-1.7975756e-20,0.013181538,0.0009151009,91186.9,0.9993954,203.19612,-1.1721287,1365.4513,-52.571987,0.108893,0.0067705031867929,1.2592112114470289,0.0484718867175666,1366.4634793416571,1.2601619890114355,0.6100672666666667
-0.000848475,0.026658462,-0.000848475,97288.33,0.9973992,232.07675,28.784187,829.107,-51.7659,0.10189988,0.02483753999792,0.7156817171379378,0.0446847080136478,831.2199800733022,0.7175053635819878,0.7999499015563412
-0.00410197,0.041932307,1.5322009e-19,100679.45,0.29016924,259.63348,-64.05951,87.47274,12.502441,0.29616314,0.0946995866175507,0.1226939661840201,0.0196648682059561,109.13941586569987,0.1562322888683964,2.7346466666666664
-1.0156928e-19,0.02823077,-0.0010996894,99186.516,0.99957174,225.8545,-1.7806655,919.3684,-38.364826,0.10653275,0.001897492449258,0.803742985260168,0.0335343432264131,920.1702481400893,0.8044444909427552,0.7331262666666666
-0.0004982899,0.024412308,-0.0018596658,100154.85,0.14423217,292.25537,0.50772727,339.136,-7.1305046,0.431252,0.006264877399814,0.5770322413649819,0.0129566958274351,339.2113329162682,0.5772116875378512,1.2835107603984124
0.00019411351,0.045975383,0.0007244437,94136.625,0.999721,215.03587,18.430637,1139.3187,21.573975,0.10617313,0.0165057315032701,1.0204624717780837,0.0193220610364529,1139.6719812942742,1.0207788386925891,0.4999994352148855
0.0004505431,0.058329232,0.0016814725,95233.95,0.89079124,240.98601,-13.664021,478.73175,55.608227,0.10667238,0.0123018870471715,0.4272491644935277,0.0496420419809787,482.1442406977754,0.4302993345537267,1.1605245659162278
0.00040334585,0.06124923,0.0015053301,100549.29,0.882028,245.68187,28.19641,433.66864,20.490307,0.11172912,0.0253728796499445,0.3850917335453035,0.0184716285959277,435.067097741592,0.3863685123423537,1.038953872289757
0.00031432978,0.062596925,0.0005329707,99298.73,0.99994135,230.56525,23.93235,825.7191,3.0206642,0.104430124,0.0206946968732971,0.7141551518005413,0.0031468167513538,826.0713733652448,0.7144618630673008,0.4125050721052952
-1.2490008e-19,0.029129231,0.00075,99553.164,0.9997874,217.06963,8.463821,1179.1975,-24.315987,0.111240625,0.0075425412539196,1.051588976181845,0.0216827167023487,1179.4785489766036,1.051839533845036,0.5
-0.0010622129,0.014529231,0.0002846142,100080.664,0.9926897,225.87088,-16.067202,861.239,-8.86403,0.108180374,0.014420859360324,0.7552141095927962,0.008220473907338,861.4344671122406,0.7553965109159504,0.7331216324027761
0.00410197,0.012956923,-1.5322009e-19,98415.445,2.6478097e-05,302.81238,-5.41703,11.586868,-0.27364087,1.12693,0.015491956852483,0.0331203642778745,0.0019866300637299,12.793537563788147,0.0366183827609633,2.7346466666666664
-0.0023251872,0.003972308,-0.0013424391,97942.164,9.17389e-07,299.82712,16.703913,11.076233,9.831323,1.1330663,0.0480107354699105,0.0318173908735351,0.0282575393333461,22.323945863403875,0.0641550123648701,1.7899271558427734
0.00041642482,0.03901231,-0.00025366183,95281.06,0.9999509,208.071,-25.568975,1331.1713,-19.507074,0.111038126,0.023280680270828,1.2119124366785845,0.0177585410448028,1331.5597351836236,1.2122661052880002,0.3250667997750489
-0.0018289352,0.045526154,-0.0010559278,88930.39,0.28261963,262.09576,-53.938477,427.28687,-55.445442,0.26823413,0.0807478600096768,0.6197780969163458,0.0782884947122396,434.23222544400346,0.6299001466246044,1.407912163392128
-0.0008703744,0.03901231,-0.0015075472,93649.58,0.50085473,251.767,-44.308064,549.973,-51.662903,0.17175563,0.0494803689657225,0.6239868900345994,0.0568839500230787,554.168350603691,0.6285250429523579,1.160507581746156
-0.002973254,0.04709846,0.000796675,95550.92,0.384895,256.6055,15.206121,258.2925,-48.177723,0.21517475,0.0189235090539253,0.3270164334501335,0.0626954337887769,263.186881636569,0.3335094666712213,2.0520916596531995
0.00015012702,0.06731384,-0.00015012702,110592.625,1.9948658e-09,303.21375,1.910555,59.9441,-0.88706636,1.2651162,0.0054604475448467,0.1713217239521796,0.0025352486878888,59.98109895579663,0.1714274688352082,0.1415411118417712
0.0007244437,0.046424616,-0.00019411351,92858.79,0.99882025,216.90274,38.77325,1104.5625,12.187,0.10391937,0.034589553470706,0.9855071557639282,0.0108721680450173,1105.3100037052106,0.9861739173742172,0.4999994352148855
-2.1064273e-19,0.006667692,-0.0036853154,98024.35,2.0743062e-06,299.37637,0.22490002,1.7893195,10.383825,1.1356925,0.0039018463057191,0.0051434597916032,0.0298669294573814,10.539263063549615,0.0305567187118232,2.456876933333333
0.002039934,0.040584616,-0.00054659264,90434.94,0.15547538,282.48288,4.51466,379.20587,-11.220199,0.3634411,0.0307728661429704,0.6421378863223468,0.0191248669740564,379.39869117192814,0.6431592298008011,1.4079290131187046
0.002705682,0.007566154,-0.0046863924,98144.06,4.48373e-09,296.10513,-3.3442962,-2.1109674,6.0020313,1.1496675,0.0096723615002143,0.0061052931550201,0.017358966660102,7.187828612548917,0.0207885282068283,3.607583913671109
0.0017618468,0.027332308,-0.0017618468,99844.875,0.09340731,302.73526,16.064878,176.5075,-2.2051141,0.5179811,0.0312170097658233,0.3372164580058449,0.0163334681353268,177.25078388994194,0.3390519479815077,1.6610850929224252
-0.00040334585,0.024187692,0.0015053301,101600.5,0.9037009,240.955,-33.976414,602.4121,63.840614,0.11267975,0.030326167157076,0.5342124172093299,0.057323242428847,606.7374711772848,0.538134311522347,1.038953872289757
0.0038263933,0.0316,0.0038263933,99477.766,3.5571622e-05,299.50012,-5.760546,12.967512,-5.768694,1.15154,0.0165625173787554,0.0372771112088111,0.016584733383989,15.317248060728664,0.0440335483854486,3.607558199889029
-0.00084845215,0.04485231,-0.0031664888,94325.336,0.36627987,256.7655,7.453847,242.30687,-2.9123912,0.21734288,0.0214551980999943,0.3104414115054315,0.0260383313372333,242.43898429666413,0.3122694192549475,2.185459257238885
0.0004526625,0.009812308,-0.0004526625,85891.586,0.9999379,182.62025,-140.84163,1780.2001,153.43813,0.113979995,0.1368030907071722,1.7304515154157938,0.1491017831738122,1792.342606902755,1.7422424844370723,0.4267742977851408
-0.0029342247,0.041932307,-0.00508224,94773.14,0.000113512666,293.42886,3.2482111,-2.9387126,4.481365,1.1186175,0.0094302643006182,0.0085340201221092,0.0130096618835931,6.266541259641316,0.0181936990892312,3.912307532088964
0.003480578,0.022166153,-1.00559694e-19,97529.586,0.0125998035,326.37048,5.3502264,89.74849,0.2866165,0.88807815,0.0136049072876038,0.2286674059553982,0.0016340039868423,89.90827842211989,0.2290775982450143,2.3203853333333333
-0.0004526625,0.015427692,-0.0004526625,93966.55,0.9999141,194.061,-66.87169,1641.7787,-68.6703,0.117400125,0.0630385083472413,1.548040380485404,0.0647349217401589,1644.5743317950808,1.5506751701245314,0.4267742977851408
0.002050962,0.018572308,0.0035523847,97394.7,0.0021421146,314.4344,-0.7327595,32.724327,-1.3547351,1.0448124,0.0020355062910934,0.0904270460156699,0.0037638578426153,32.76055282315824,0.090528230750637,2.7346242628142687
-0.0015053301,0.030926153,0.00040334585,105850.5,0.72887737,249.11162,-81.73826,511.53326,49.085274,0.14502113,0.0836534604172741,0.4959145796712157,0.0487688008038925,520.3429478312455,0.505279692548704,1.038953872289757
0.0030781461,0.020144615,-1.8567266e-19,97491.95,0.018191937,332.83224,-1.8707225,123.248,0.29564574,0.8180615,0.0174868099149347,0.3015317091110312,0.0033138118972198,123.26255113811165,0.3020565203231189,2.0520974
-0.004491879,0.0024,-0.0025933797,98185.164,6.009013e-13,295.44174,7.914379,0.2716146,4.572199,1.1527313,0.0229155425292325,0.00078644372286,0.0132385531699908,9.144187943288085,0.0264764021946518,3.4578474498201968
-0.0010392044,0.031375386,0.00059997645,99894.9,0.9932254,234.24174,14.984521,631.03375,33.114788,0.10406063,0.0129063503490989,0.5431835662202873,0.0285010609072141,632.0796774876937,0.5440838822865088,0.799977090098061
0.0008019567,0.03564308,-0.00021488206,97648.02,0.99991465,216.51637,-1.4217871,1180.1425,-23.462776,0.10936563,0.002584259383716,1.0534239672373815,0.0209286462273547,1180.3765685756532,1.0536350133607064,0.5534975051172251
0.0011165227,0.023513846,0.0041669416,99590.836,0.003556399,310.35526,2.6433876,39.374825,8.344719,1.0633713,0.0073026542148307,0.1084966685277598,0.0230238381285349,40.33607166015823,0.1111528360518657,2.8759558980875943
0.00045,0.06596615,-4.1633363999999997e-20,116655.75,0.001235191,306.00452,14.024708,114.898125,0.9465637,1.3010463,0.0395578881257592,0.3241261073511652,0.0075780011833251,115.75477331772994,0.3266190228408682,0.3
0.000644892,0.06956,-0.0024067922,104626.25,1.9510564e-29,299.49124,1.7298586,26.580025,-6.0146785,1.2117412,0.004974718663061,0.0764385757472235,0.0172969553041312,27.30689468311952,0.0785289013728942,1.6611287174214255
0.0018426349,0.0462,0.0031915514,94395.44,0.38248387,253.67763,6.440656,153.60162,18.3236,0.2130675,0.0109334249940468,0.1941491726418094,0.0296940753249751,154.82472035593906,0.1967109024152064,2.4568546932603774
-0.0050100614,0.06574154,0.0013424361,103136.5,2.2182818e-20,298.54837,-24.750126,24.72035,6.8376465,1.19826,0.0712887197932142,0.0712025656100973,0.0196945699312469,35.642921468327174,0.1026633479095261,3.4578638180467665
-0.0024917016,0.0037476923,1.6060752e-19,97839.48,7.494571e-07,300.94238,19.2329,15.373688,-0.13168004,1.1277063,0.0551845666238673,0.0440698047857239,0.0072482469758103,24.62259256788932,0.0709931065071687,1.6611344
0.0029004794,0.023513846,-0.0029004794,99085.414,0.00761306,311.17838,5.2462063,50.452698,-4.802256,1.003809,0.0140519039602144,0.1353498973654924,0.0128674762434068,50.95153656869339,0.1366843907204881,2.7345982032425185
-0.0028803973,0.05743077,1.8657987e-19,91142.39,0.32197687,262.05386,-35.682888,305.76526,27.7261,0.228309,0.0476425030207888,0.4081645441637653,0.0370282122614294,309.08639462146846,0.4126005231574212,1.9202648666666664
-0.0015188704,0.029353846,0.0056685233,99867.125,1.1653727e-06,297.93213,0.7097665,9.530629,-2.9235988,1.1626612,0.0020468205308253,0.027478642007387,0.0084296632504355,9.99420269774056,0.0288153511755675,3.9123237593043534
0.00014174538,0.041932307,0.00029804165,93289.6,0.999954,208.18562,-3.6255548,1319.1125,24.116863,0.10865475,0.0033012603185965,1.2005575968830318,0.0219490468374663,1319.3379231208426,1.2007627585873593,0.2200207847616693
0.0017618468,0.052489232,0.0017618468,90632.94,0.28909162,265.4904,-30.3843,399.4205,-18.422564,0.244754,0.0417778298308525,0.5541829772703477,0.0256350092568534,400.99792065679605,0.5563463966461915,1.6610850929224252
-7.63982e-20,0.03699077,0.00083024846,95576.766,0.9992094,220.25787,-33.784676,1077.08,-22.180325,0.10529825,0.0298969745434219,0.9536232029808016,0.019636728059491,1077.8379736999111,0.9542937930423186,0.5534989733333333
0.0011503282,0.067763075,-0.0019924412,107114.5,5.843263e-17,301.0634,7.0921235,40.405037,-11.221212,1.2340788,0.0203420317739473,0.115891771848595,0.0321851546154365,42.52976404189853,0.1219860041829333,1.533779196505254
0.00071900955,0.008015385,-0.0004151182,88972.125,0.99961185,187.60075,212.11462,1640.4738,-124.50076,0.115002,0.2034884565724037,1.5738487500439675,0.1193411023138647,1658.8090124377677,1.5914300922989568,0.5534930905771464
-3.469447e-20,0.029129231,-0.0003036618,101644.625,0.99999464,202.70113,3.1175537,1509.1388,-32.55455,0.12158275,0.0028753327053517,1.391922477233417,0.0300269912123146,1509.493105493435,1.392249284563308,0.2024412
0.001007429,0.066415384,0.0037597984,105493.625,6.375181000000001e-17,300.04962,6.771965,34.739536,24.033262,1.219515,0.0194564047253318,0.0998100189749895,0.069050006292828,42.78191853829332,0.1229166178417843,2.5949521253287604
-0.0023251872,0.03901231,0.0013424391,93830.625,0.19429025,271.20187,-19.142403,300.4774,-6.995768,0.336726,0.0307222318861747,0.4803171521390267,0.021871009301073,301.16779421658657,0.4817953540860065,1.7899271558427734
-0.0012849732,0.007566154,0.004795607,98155.875,3.5224836e-08,296.51898,2.057039,-2.162595,-7.182089,1.1482,0.0059452872871635,0.0062502825250017,0.0207573557422335,7.777572178094332,0.02247844055932,3.309850793761437
-0.0015188704,0.05204,0.0056685233,92789.46,0.0017552365,289.70374,1.3541609,-18.12675,9.913662,1.0855513,0.0040624057049166,0.0523946366900371,0.0284686572037796,20.704915154519057,0.0597675960448354,3.9123237593043534
0.0012458276,0.053163078,-0.0021578514,92157.75,0.38675898,260.42526,8.861872,400.19376,-36.6217,0.20385937,0.022903432606054,0.4996646248186657,0.0451247595012261,401.9635894321424,0.5022206172991721,1.6611119533351038
-0.0031915514,0.013181538,-0.0018426349,98248.7,0.00020305904,310.09113,4.3205523,24.32975,2.5363438,1.0960963,0.0121999589333802,0.0686182238783096,0.0071631780620635,24.840228402962275,0.0700614784752563,2.4568546932603774
0.0002846142,0.022166153,0.0010622129,92849.79,0.997723,223.86288,12.115864,915.13525,25.00895,0.1007883,0.0106539816434874,0.804201385496585,0.0220034635147008,915.5570804341648,0.8045728855524088,0.7331216324027761
-0.002264169,0.023513846,0.00392167,99359.71,0.0011588137,307.37286,-3.1420937,28.227526,6.381441,1.1044662,0.0088396506630766,0.0794397026271797,0.01797523902209,29.10994273674781,0.0819262778065819,3.0189002301766195
-0.00059997645,0.033846155,-0.0010392044,97313.96,0.95886135,234.95288,10.106459,689.4401,-7.4786735,0.104501374,0.0123546222451206,0.6022714372874045,0.017493496490273,689.5547277474416,0.6026520914113804,0.799977090098061
0.0018289352,0.030027693,0.0010559278,98446.836,0.19605225,278.83887,-5.7101536,282.08463,11.739351,0.33909863,0.0190886443353374,0.4425721662393047,0.0198538459170105,282.3865377426369,0.4434283187506275,1.407912163392128
-0.00016102531,0.06439385,-0.0005830067,114719.5,0.9989776,237.70262,-30.44501,510.18726,-130.68588,0.11711662,0.0259212329733745,0.4348507325360519,0.111320302275076,527.538375979968,0.4496212624027195,0.4032236559999844
0.0008019567,0.04283077,-0.00021488206,92971.11,0.99597836,220.31625,7.3439364,988.37213,38.2281,0.10270412,0.0065108299963021,0.8761666810391371,0.033879835579693,989.1384070958898,0.8768456461255224,0.5534975051172251
-0.001007429,0.028904615,-0.0037597984,101176.75,0.007487704,305.4579,-1.7242255,79.65214,-5.9171476,1.045215,0.0046771449526127,0.2160679763154786,0.016040528974144,79.89023091639326,0.2167130467778632,2.5949521253287604
-0.0031915514,0.04283077,0.0018426349,96546.73,0.3794915,253.37375,-0.45937538,132.76225,-4.245949,0.21997288,0.0395332175979468,0.1691351323710519,0.0188243875299714,132.83092310796027,0.1747109780800806,2.4568546932603774
0.0009705788,0.028904615,-0.00026006208,98647.6,0.9995086,225.10175,8.455554,884.22723,-6.556807,0.106313124,0.0074031291905667,0.7743494621704701,0.0058027098730797,884.2919667083689,0.7744065904467624,0.6698774323920479
1.0156928e-19,0.055184614,0.0010996894,89375.86,0.7462306,241.60162,-3.8651183,651.2951,52.33365,0.11891925,0.0052883344440266,0.631584768992679,0.0505672016992802,653.4057371540332,0.6336279103641373,0.7331262666666666
-0.0045836214,0.04754769,-0.0012281717,90161.79,0.039042074,282.37863,-11.503961,20.641838,11.529966,0.7537135,0.0273506079144936,0.0497905035253806,0.0426507024099336,26.293853096663504,0.0710368384056048,3.163541676540452
0.0007244437,0.037215386,-0.00019411351,95258.234,0.9998576,213.02249,-27.700775,1244.1212,-35.836777,0.10844675,0.0249330022207957,1.1196199914097718,0.0322402802741279,1244.9454477248344,1.1203615556758069,0.4999994352148855
0.0010559278,0.05204,0.0018289352,91495.4,0.32702836,262.25412,0.5630191,449.4165,17.508091,0.22717963,0.0050036960806278,0.597345642026642,0.0231713585300609,449.7577578132713,0.5978158285616206,1.407912163392128
0.00014174538,0.049344614,0.00029804165,92269.55,0.9999559,211.6725,36.047024,1232.3676,-4.3130455,0.10569525,0.0325357127088923,1.112315132764273,0.0038932348209549,1232.9022231428175,1.1127976835234916,0.2200207847616693
0.0006470514,0.049344614,-0.0006470514,92014.33,0.99953115,223.22725,24.003363,939.01764,-20.697086,0.09999215,0.0211122632669618,0.8256576250097988,0.0181849685157099,939.5523716299006,0.8261276744408169,0.6100459102883323
-0.001007429,0.06349538,-0.0037597984,101993.875,1.7719824e-05,297.82352,-14.843446,27.718212,-57.393513,1.18759,0.0428003735806053,0.0799244909970186,0.1654940415131331,65.44190171528506,0.1887010175280528,2.5949521253287604
-0.0009151009,0.015203077,-1.7975756e-20,99453.1,0.99935013,211.1975,-78.54372,1211.3025,-6.0580635,0.11426888,0.0710674065679129,1.0956288175522353,0.01169882821098,1213.8614264367488,1.097993599575475,0.6100672666666667
0.0024944716,0.039686155,0.0014401756,94138.19,0.32331064,256.76212,-9.279978,269.66263,1.3037179,0.24035925,0.0124655933371816,0.3638268101955303,0.0158592527617649,269.8254096458674,0.3643855852424242,1.9202423830851167
0.0004982899,0.009587692,-0.0018596658,97934.1,0.048382226,356.50937,8.27838,294.211,-19.821882,0.609361,0.0165005307395503,0.608325069624737,0.0395526605185562,294.994154353008,0.6098328220116757,1.2835107603984124
0.0007924895,0.03362154,-0.00045754042,98075.73,0.99981487,220.975,34.326626,1062.8649,25.08995,0.10764363,0.0303418446568901,0.9393137951077366,0.0221667236538864,1063.7150081180375,0.9400651024553722,0.610057499491838
0.0029004794,0.053163078,-0.0029004794,90183.64,0.489296,247.28987,27.930887,116.15067,-1.1406063,0.16932525,0.0319598634915155,0.1348462031814213,0.0166816016476705,119.46720710214694,0.1395822596907394,2.7345982032425185
0.0019924412,0.0030738462,-0.0011503282,97798.67,8.588842e-08,298.14413,-19.31065,15.0815,11.181141,1.1377975,0.0556623961036512,0.0434545930405821,0.0322297826630623,26.93270799110964,0.0776232110056689,1.533779196505254
0.0011019303,0.06731384,0.0011019303,109160.625,4.383994e-12,302.33624,9.929358,51.648476,9.947324,1.25236,0.0284193658553285,0.1478271900529851,0.028470990080927,53.52668940048242,0.1532029234406727,1.0389098500332354
0.0009626141,0.04283077,-0.0016673111,85340.21,0.35469,255.45187,94.940735,481.064,-22.819794,0.22445737,0.1212578722444186,0.6557798588268912,0.0651711376268209,490.8737701859233,0.6700731094468984,1.2834938790837072
0.0006890677,0.059676923,0.0011935149,97806.586,0.9319525,239.88913,-17.516018,526.43536,28.9464,0.10554575,0.0158310275900108,0.4612107712747898,0.0253545948676169,527.521462329132,0.4621783773126379,0.9187653821431114
-0.0008839167,0.038787693,0.00023684214,94734.44,0.9984474,222.39313,-33.47054,985.57184,-16.10605,0.1034405,0.029500470670481,0.8687344520798399,0.0141968794796382,986.2715314230052,0.869351124337686,0.6100648168910395
0.0024067922,0.03362154,0.000644892,94647.23,0.09624581,290.745,32.858047,219.63225,18.39774,0.50698686,0.0613364421596654,0.4251648827460025,0.0346634162732292,222.837279937232,0.430962746748439,1.6611287174214255
-0.001007429,0.03564308,-0.0037597984,95602.836,0.1264776,273.8885,2.3831987,90.3037,1.9629302,0.46238288,0.0067987907062078,0.1656367955936162,0.0222605239800878,90.35646609238188,0.1672641699153057,2.5949521253287604
-0.0003036618,0.03699077,2.8622937e-20,94456.0,0.999977,205.52762,-21.43875,1392.1075,-31.19935,0.1114335,0.0196400780550253,1.275150804264524,0.0285769011871788,1392.622099134663,1.2756221797867626,0.2024412
-0.0005969555,0.0013238153,-0.0022585439,98164.375,1.03450915e-10,295.94724,2.9896688,7.166161,11.908162,1.1505175,0.008649043201437,0.020731390771646,0.0344499774626528,14.216058005996544,0.0411266028113713,1.5574018845082929
0.0004526625,0.05540923,0.0004526625,89560.96,0.9996469,220.70474,-6.820661,1007.3646,-0.81963927,0.09842605,0.0060257332647385,0.890671080179804,0.0024068270388564,1007.3880238310212,0.890694715009824,0.4267742977851408
0.002372638,0.056981537,-0.0041095437,97114.44,0.18337724,260.98712,54.208824,-28.121374,-95.840996,0.42595875,0.0872653932159095,0.047480985550674,0.1563754842147912,113.64376265058662,0.1852646347941264,3.1635254947783733
0.0007775554,0.014304616,0.0007775554,101004.02,0.99220663,226.66263,-10.29144,861.7239,-13.779042,0.108845875,0.0097506433853446,0.7544866863694842,0.0120495441834186,861.8955015353783,0.754645894754792,0.7330862614509579
0.00026006208,0.063944615,0.0009705788,104385.0,0.997183,237.86913,43.214787,532.95374,94.81665,0.10667688,0.0368429747554036,0.4543997466835154,0.0808119310204677,543.0445689928824,0.4629979511511116,0.6698774323920479
0.0020366963,0.046873845,0.0020366963,93751.35,0.28022176,262.68262,-20.030926,300.287,-20.757006,0.2624466,0.0281925140214228,0.4244731578164417,0.0290560424639022,301.6693117695294,0.426399499480445,1.9202156865967344
0.0006470514,0.0044215387,-0.0006470514,63331.984,1.0000175,154.67975,137.46136,2086.6687,-136.20615,0.09906131,0.1458099239656813,2.205118941526297,0.1444748940953232,2095.6225815615185,2.2146519083659157,0.6100459102883323
-1.6148376e-19,0.0073415386,-0.0023007027,98688.586,0.00014805839,363.37225,0.025886633,128.9435,-5.32616,0.94112736,0.0025967244680099,0.3353396602169858,0.0138198252384046,129.05345730631694,0.3356343520291484,1.5338018
-1.5418135999999998e-19,0.03744,-0.0038924366,96993.25,0.2865224,258.67374,0.25189972,101.07227,-23.245926,0.27488413,0.0039641945330853,0.1423054696131631,0.0336410136156681,103.71133155070044,0.1462815070923477,2.5949577333333336
0.0012849732,0.01655077,0.004795607,97836.5,5.8169944e-06,298.89874,-2.1821551,2.5244424,-7.665024,1.13527,0.0062821085053388,0.0072628564140843,0.0220635189001992,8.359856651399578,0.0240626855696512,3.309850793761437
-0.0007244437,0.051815383,-0.00019411351,91203.92,0.99951684,221.7235,-8.859871,960.5531,-49.8521,0.0997842,0.007815025416102,0.8474185961852593,0.0439734489269178,961.8866810119353,0.8485947301235013,0.4999994352148855
0.0037359586,0.03923692,-0.0021569484,95819.95,0.15404658,268.9235,25.530952,57.420025,1.2515413,0.43076187,0.0421322713128728,0.0998750333754086,0.0182317627750373,62.85264621837759,0.1099206429730364,2.875939503395293
1.4617036e-19,0.030476922,0.0056386283,99856.016,9.23327e-06,298.70886,0.44029963,11.033278,-5.475406,1.1593838,0.001267561483943,0.0317665132223072,0.0157661218750085,12.32506219271522,0.0354864576056305,3.759085533333333
-0.000530325,0.045975383,0.000530325,94593.43,0.99976766,215.58412,14.780575,1138.0513,30.440037,0.106413,0.0132189736091686,1.0180120096618366,0.0272278107006154,1138.5542686589788,1.018461853362491,0.4999952049770078
-0.0005329707,0.046649233,0.00031432978,94316.75,0.9998863,214.225,24.396126,1181.9263,26.29,0.106764,0.0218920653441257,1.0605245264904244,0.0235844323790638,1182.470343685413,1.0610126103225224,0.4125050721052952
-0.0012308755,0.020593846,-0.0012308755,98011.914,0.3773986,271.07086,-42.47475,498.71136,-44.895966,0.2244,0.0486548858167537,0.6176675392593002,0.0512095437912334,502.5263900967642,0.6216935775313966,1.160480550461843
-0.0031915514,0.03496923,0.0018426349,97934.5,0.19805449,263.25262,6.2019377,110.72686,-6.137327,0.35652938,0.0107978519145383,0.1779304178045162,0.0136905113478575,111.07010551628736,0.1787827096981803,2.4568546932603774
1.5183822e-19,0.0062184613,0.0013781823,100773.73,0.682349,260.53436,-0.31396627,767.123,33.680622,0.141362,0.0157488732257262,0.7506259814941652,0.1042117012666107,767.8620839721972,0.7579890960843962,0.9187882
0.0024944716,0.04036,-0.0014401756,94696.234,0.34020388,257.9035,-22.154236,306.6065,40.089336,0.23708588,0.0318694161433521,0.4109292750396806,0.0535267565086508,310.00888838211495,0.4156244006699943,1.9202423830851167
-0.00071048376,0.010486154,0.00071048376,99177.8,0.99465764,216.44838,53.516537,1023.62213,-58.126877,0.11168875,0.0479465112712771,0.9165609918272012,0.0520720940271015,1026.666946281988,0.9192901732634352,0.6698505128252208
0.0003036618,0.017,-1.7564074999999998e-20,92924.17,0.999991,189.63925,-39.39315,1771.7788,6.2674465,0.11878637,0.0375535896984863,1.6896360505590955,0.0109549978997776,1772.2277554767031,1.6900888341821456,0.2024412
-0.0004982899,0.067763075,0.0018596658,107144.125,3.8131462e-16,301.0826,-2.4894714,41.832836,11.421425,1.2343463,0.0071401950468267,0.1199832339589417,0.0327584002486121,43.4353840167776,0.1245795793996798,1.2835107603984124
0.00025366183,0.047996923,0.00041642482,92863.586,0.9999286,211.77463,40.724102,1228.9513,15.90115,0.10632725,0.0367485184438526,1.108993757468959,0.0143494735794249,1229.7286679697756,1.1096952352357583,0.3250667997750489
-0.0013496222,0.06619077,-0.0007791963,111801.75,5.3352064e-06,303.93112,-25.736362,75.257835,-13.539957,1.2758362,0.0734658621805374,0.2148266650382596,0.0386500406415899,80.68105411708574,0.2303075217160456,1.0389368404857235
0.00508224,0.017224615,0.0029342247,97578.984,4.1556138e-08,295.84738,-5.29636,-3.052199,-3.0475788,1.1440425,0.0153247204688214,0.0088315831465771,0.0088178311765387,6.830452732243335,0.0197635539562184,3.912307532088964
-0.0039870623,0.03204923,0.0039870623,99072.71,5.2401178e-05,298.82736,5.532785,10.3508005,-5.7521,1.149175,0.0159230943259249,0.0297849497416548,0.0165549259169168,13.070479534317984,0.0376132122550016,3.759038385790977
-0.0008839167,0.012058461,-0.00023684214,93846.33,0.99923664,202.23276,-87.55639,1358.8,-22.357304,0.112609,0.0809467138166107,1.2561436473600878,0.020672382684313,1361.801531234262,1.2589188141761405,0.6100648168910395
0.00095382205,0.03788923,-0.0035597347,95408.9,0.3681665,251.76288,-0.47967127,127.56487,-1.8808899,0.22309512,0.005199880907814,0.1642845327216797,0.0097144423314813,127.57963744054176,0.1646536268742592,2.4568713291004243
-0.0011019303,0.061698463,0.0011019303,99852.98,0.9572526,242.20226,-21.045937,398.76038,11.040458,0.10410075,0.0181126897660435,0.3433688311333636,0.0095068427712543,399.4679759815574,0.3439776210510367,1.0389098500332354
0.004795607,0.03923692,0.0012849732,95288.79,0.008202006,292.9301,-6.020404,17.86555,1.4971484,1.0202653,0.0165771226388833,0.0493654411033829,0.0046094464947394,18.91202248458209,0.0522780524436785,3.309850793761437
0.0007244437,0.036092307,0.00019411351,98291.836,0.9999486,213.69737,-4.6585913,1257.1713,-20.733074,0.11153125,0.0041828041519208,1.1294819775021656,0.0186236755516581,1257.3508819633762,1.1296432510504495,0.4999994352148855
1.5224762e-19,0.061024614,0.004313942,98381.95,0.00814136,287.71564,2.167246,13.37156,72.4241,1.0736358,0.0275137461180117,0.0371672173289616,0.201779398228316,73.68002329578971,0.2070104678966887,2.8759613333333336
0.0054114084,0.023513846,-2.5823509e-19,98964.0,6.711416e-06,297.9955,3.61687,5.593794,-0.19896963,1.151815,0.010425768687022,0.0161228168192382,0.001538703298045,6.664223047362561,0.0192616064423872,3.6076056
-0.0010616601,0.05069231,-0.0039621918,92252.1,0.5624621,246.69063,-0.002354689,89.02992,-1.5531293,0.15312389,0.0114326336905761,0.0966629258239079,0.0333972967728817,89.04346619136903,0.1029067819615264,2.734640827760201
0.0024067922,0.06619077,0.000644892,110014.625,3.8338146e-09,302.8589,31.856087,57.3137,9.202376,1.25998,0.091099609096251,0.1639012341994851,0.0263169311181656,66.21445620623146,0.1893550480264058,1.6611287174214255
0.0012458276,0.033396922,0.0021578514,98836.15,0.07684754,297.38986,-0.47183007,208.29462,7.4534698,0.5741071,0.0112778403528955,0.4228903048334351,0.0224201259179943,208.428466281885,0.4236343489984255,1.6611119533351038
-0.002264169,0.048895385,0.00392167,93378.45,0.17014375,265.47852,-15.806237,38.327175,41.348667,0.4069439,0.0333576980445999,0.0642633755628472,0.0681450210253397,58.55358002938576,0.0994296804184255,3.0189002301766195
0.0014401756,0.03249846,-0.0024944716,99447.586,0.06253713,291.37488,-5.4420643,168.17163,0.8469922,0.64673114,0.0117617896240129,0.3616513943035652,0.006684538338795,168.2617918497515,0.3619043433694532,1.9202423830851167
0.0005329707,0.045526154,0.00031432978,93776.0,0.999728,213.47287,15.217988,1181.6787,19.17795,0.106541,0.0136826580694105,1.0622585648074858,0.0172429221704359,1181.9322869600696,1.0624866079173323,0.4125050721052952
-0.00016102531,0.04283077,-0.0005830067,94217.86,0.99946386,211.47125,1.1864971,1246.0737,19.269688,0.10808437,0.0020515930694421,1.1255797823008489,0.0174063248232021,1246.2232522636846,1.1257162322283532,0.4032236559999844
0.002039934,0.04867077,-0.00054659264,93848.15,0.5730039,249.00612,25.185822,463.09827,-55.086037,0.15430012,0.0299256205622454,0.4989818061637929,0.0597702454796772,467.0426155921684,0.5034390408909676,1.4079290131187046
-0.0018596658,0.023513846,-0.0004982899,104699.875,0.31781888,276.49512,-67.09385,393.3655,-1.3049426,0.268011,0.0943420601226644,0.5197354692492452,0.0200186350444436,399.0484985227508,0.5286077260624973,1.2835107603984124
-0.002838977,0.014978462,0.0016390758,98122.7,0.0010170841,325.7169,6.857269,64.433334,-4.039171,1.0311663,0.0187983176541153,0.1763266339845075,0.0110625637249893,64.92296643608607,0.1776705910247978,2.185442735178454
-0.0004982899,0.024861539,-0.0018596658,97697.77,0.14961015,286.93338,4.887331,340.54688,-2.0673342,0.40847513,0.0082140135516953,0.5760916768604586,0.0081982972449605,340.588222569032,0.5762085579408198,1.2835107603984124
0.000375,0.01610154,0.000375,84802.086,0.99996686,187.232,8.395529,1756.27,6.0360637,0.109816335,0.0115194196733349,1.6856148163360465,0.0103601634782087,1756.300438954617,1.6856860143776804,0.3535533905932737
-0.0004505431,0.021941539,-0.0016814725,98568.52,0.45904824,266.89636,-13.401832,538.2774,-77.188515,0.1921965,0.0183609733069393,0.6188900922531729,0.0849469833945275,543.9487432650446,0.6249624481660871,1.1605245659162278
-1.5699931e-19,0.023064615,-0.0032781975,99193.39,0.019210337,325.96124,1.5023725,112.473625,-8.360996,0.84141415,0.0040509142134411,0.2763397203338798,0.0205636414896578,112.79397013086026,0.2771333871829353,2.185465
-0.0020366963,0.063944615,0.0020366963,103688.375,0.0031456677,295.966,-58.174538,44.22355,58.81125,1.1676737,0.1647493626214057,0.1253954412020333,0.1665839021905024,93.80171838872911,0.2657377760639742,1.9202156865967344
1.7975756e-20,0.010710769,-0.0009151009,106395.125,0.99791414,213.77913,-3.557999,1113.675,41.537037,0.120951,0.0074594721091049,1.0018436039683631,0.0374086420256127,1114.4550194712317,1.0025695272821058,0.6100672666666667
-0.0033553978,0.06349538,0.0033553978,102087.125,5.4192166e-09,297.90637,-32.26449,23.673187,32.498802,1.1886238,0.0930327097807234,0.0682596242181161,0.0937078407510014,51.55181111398777,0.1486459579193385,3.1634993839445635
-0.00014174538,0.02373846,-0.00029804165,104206.375,0.9999884,200.46762,-1.7257229,1573.2524,26.274538,0.12603912,0.0018048679915868,1.4591270908337903,0.0243711471568418,1573.4727336602948,1.4593317229359772,0.2200207847616693
0.0038924366,0.04507692,-1.5418135999999998e-19,98011.125,0.37084237,256.533,19.518179,126.78943,4.1523423,0.22389962,0.0365729778993035,0.1611910127230325,0.0079875977467806,128.35014927056886,0.1654808962172496,2.5949577333333336
0.0012,0.021492308,-1.6653346e-19,95104.02,0.99135673,230.5465,26.629301,847.16296,6.9499564,0.10084179,0.023105984029062,0.7357671029299614,0.0060307645937035,847.6098762766229,0.7361545261515984,0.7999999999999999
-0.0013496222,0.02531077,-0.0007791963,103765.5,0.8326917,248.45088,-69.03156,686.8712,-76.3448,0.12232012,0.0652598518766203,0.6251122436564726,0.0711463753569522,694.540085346061,0.6325234953443389,1.0389368404857235
0.0026657272,0.021716923,0.00153905,96968.375,0.019880975,330.38174,-2.940205,120.18475,2.8388946,0.8054636,0.0113445751574286,0.2926725917414821,0.0086464164511444,120.25422346243992,0.2930199751887666,2.0520749831783918
0.0039621918,0.053163078,0.0010616601,88047.94,0.35740176,249.27762,1.9245871,91.6717,16.107414,0.21522087,0.0314961886062632,0.1228216064657005,0.0234284662063183,93.09593655022158,0.1289420410119108,2.734640827760201
-0.0010616601,0.047323078,0.0039621918,97009.734,0.33168474,255.19576,7.999269,84.854164,35.830513,0.25034413,0.0108927691987281,0.1128793613033403,0.0504420716477927,92.45562781419216,0.1241160957377722,2.734640827760201
0.00025366183,0.012956923,-0.00041642482,78088.05,0.9999754,180.51712,-20.555883,1853.8676,36.0894,0.10484945,0.0200760916559878,1.8123154280657552,0.0352280925603368,1854.3327822826272,1.8127689534981504,0.3250667997750489
-0.0007791963,0.046873845,-0.0013496222,96452.5,0.57098275,254.27437,-59.71456,538.63837,-87.46345,0.17064637,0.0680601582394659,0.5937815520071176,0.0963736836995234,548.9507968827015,0.6053896295390087,1.0389368404857235
-0.0016814725,0.0032984614,0.0004505431,96128.56,0.0058620186,313.35074,-13.442298,92.08063,3.8009453,0.9939227,0.0466103831512517,0.2468109687023045,0.0131035716608652,93.13423098888666,0.2515151798193259,1.1605245659162278
0.0031915514,0.027107691,-0.0018426349,98115.14,0.008098537,311.29926,4.741964,72.862564,-0.5988451,0.98826396,0.0126140666242094,0.195028910373339,0.0022795332401897,73.01916235266731,0.1954497040929073,2.4568546932603774
-0.0039621918,0.03991077,-0.0010616601,99041.55,0.29930413,257.05713,-32.302937,89.47331,-7.5573153,0.27543187,0.0460916198534904,0.1244666965613331,0.0160463925830641,95.42570909207689,0.1336932409979631,2.734640827760201
0.002039934,0.010935385,0.00054659264,95654.5,0.015141495,373.85712,15.63876,223.63025,5.5243464,0.74683285,0.0359120699968235,0.524961737590224,0.0127188785279162,224.2444602048115,0.5263423530139029,1.4079290131187046
-0.000375,0.034744617,-0.000375,96104.3,0.999965,210.0375,13.959666,1345.1616,-2.7267501,0.11094883,0.0126470821642349,1.2189138067027228,0.0024707669275372,1345.2367960903755,1.2189819201066936,0.3535533905932737
-0.00087018503,0.025086153,-0.00050239643,98026.35,0.99924177,222.64175,-9.819762,955.95496,-19.806974,0.1068385,0.0086504935411634,0.8418992885476348,0.0174262908622584,956.2105570915722,0.8421240518526564,0.6698670379885004
-0.0039870623,0.03586769,0.0039870623,97685.65,0.00014178325,297.80826,7.538724,7.7031064,-5.93079,1.1356137,0.0217200071430498,0.0221864686910016,0.017087433475846,12.302214344661571,0.0354397867666044,3.759038385790977
-0.0032019995,0.0077907695,0.0032019995,98122.02,7.8126163e-07,297.27988,5.8784475,-1.8945887,-5.391015,1.1448575,0.0169677299021875,0.0054689423932372,0.0155608935538741,8.198088440767698,0.023663359802216,3.018874079741246
0.0018426349,0.054735385,-0.0031915514,92375.52,0.38658476,255.20474,-4.6570373,169.56313,23.496162,0.20545025,0.027374345379773,0.2144270227902943,0.0296225621541224,171.24664282998583,0.2181875318991792,2.4568546932603774
0.0010616601,0.004196923,0.0039621918,98071.67,4.460675e-08,295.93512,-3.3097386,-0.19065076,-12.418338,1.1494763,0.0095751685219432,0.0007022228994267,0.0359263651260077,12.853242236683418,0.0371871036838218,2.734640827760201
-1.5513156999999998e-19,0.030027693,-0.0036853154,102218.75,0.015899388,304.40488,1.2911087,105.1052,-7.312651,0.9624103,0.0033349106187531,0.2720559047884691,0.0188891821424228,105.36719078234464,0.2727312562965918,2.456876933333333
0.0004151182,0.023963077,-0.00071900955,100789.25,0.9996825,214.45425,2.2381504,1185.8712,9.71237,0.114002496,0.0027257476205557,1.063939785472621,0.0087129590275167,1185.9130838462277,1.063978953018636,0.5534930905771464
-0.0014401756,0.00868923,0.0024944716,98278.984,0.00015433099,326.03275,1.5521427,48.2,-2.3560836,1.04372,0.0042878141798402,0.1324932580471193,0.0065088356536542,48.282504873829325,0.1327223180928801,1.9202423830851167
0.002838977,0.06731384,0.0016390758,105868.125,4.9018677e-19,300.28287,15.507675,35.40765,8.854352,1.2228925,0.0445374998895916,0.1016898486545213,0.0254295975897644,39.65588495757003,0.1138906433793934,2.185442735178454
-0.00071900955,0.039686155,0.0004151182,95187.06,0.99932516,218.58838,-29.689438,1094.94,-1.8034637,0.10565862,0.0263751217294446,0.97305068429107,0.0034416944949485,1095.3439271799853,0.973414159803811,0.5534930905771464
-1.5126382999999998e-19,0.034744617,-0.0045283833,97661.15,0.01747245,293.40576,-1.7621716,43.60866,12.221896,0.94224834,0.0059459463229132,0.1141760173852008,0.0320902285070434,45.32323044067206,0.1187488946864555,3.0189222
-0.0011165227,0.06731384,-0.0041669416,105008.0,3.1348613e-23,299.73813,-4.4157963,29.708162,-17.632963,1.2151637,0.0126935676209929,0.0853990973977996,0.0506878305794657,34.82808537001003,0.1001168750219472,2.8759558980875943
-0.00083024846,0.030476922,-7.63982e-20,101438.0,0.9998536,218.8895,4.343234,1137.4875,10.358583,0.11239025,0.0038495898330012,1.0100288330070415,0.0091766112614911,1137.5429559272022,1.010077854940743,0.5534989733333333
-0.0022223014,0.069335386,-0.0005954578,104921.75,3.9514033e-26,299.67938,-6.0175376,28.32635,-1.7386196,1.2144,0.0172997256847177,0.0814350047646552,0.0049983307803519,29.01061290637304,0.0834021811487907,1.533796090173774
0.0018984762,0.057655383,0.0018984762,93265.984,0.3114485,264.8555,26.808775,342.50513,57.055763,0.23755474,0.0360252937352422,0.4610312740609493,0.0766896878019996,348.2582871732268,0.4687525633702079,1.7899005265883576
0.0024917016,0.010261538,-1.3285194e-19,98819.35,0.000388007,367.46463,-0.8786256,137.037,0.2550683,0.92861277,0.0022625855298761,0.3541225753231096,0.0007362939057596,137.04005404181157,0.3541305688237985,1.6611344
-0.00045754042,0.031375386,0.0007924895,99154.48,0.99948037,224.675,21.728336,911.7105,19.913124,0.10706375,0.0190343694606844,0.7991955612814958,0.0174548018944674,912.1867620739836,0.7996127328288276,0.610057499491838
-0.0012849732,0.04417846,0.004795607,95247.29,0.020415237,286.1985,3.7545152,19.289238,0.979305,0.9157636,0.0129067312598442,0.0501277537831128,0.0225326857342829,19.67562261507117,0.0564543828019948,3.309850793761437
0.0029342247,0.0055446154,-0.00508224,98132.95,6.8660785e-11,295.66837,-3.6806936,-1.3096412,6.4063177,1.151235,0.0106531382082863,0.0037905243327985,0.0185419475983352,7.503570611592303,0.0217177634470448,3.912307532088964
-0.00019411351,0.013181538,0.0007244437,87240.875,0.999859,191.12238,16.86558,1651.5563,-64.67479,0.11068262,0.0160168025222754,1.5693127942176512,0.0614246534647096,1652.9081911346348,1.570596119984864,0.4999994352148855
0.0024944716,0.024187692,0.0014401756,100853.875,0.02246175,337.64276,8.399037,161.27824,5.8000927,0.79800075,0.0199791969912747,0.3833199577505641,0.0138165369671816,161.60091458699597,0.3840888634366738,1.9202423830851167
-0.0019252748,0.013630769,1.6320611e-19,102944.73,0.10468146,329.68774,-33.86785,319.35825,-1.0580547,0.5048784,0.0614202615026631,0.5809245724402029,0.0091848592886227,321.15080972408145,0.5842346866012321,1.2835165333333334
-0.000644892,0.036092307,0.0024067922,95980.05,0.11805925,284.55563,-0.6243892,285.30038,-30.072887,0.45996913,0.003716457870868,0.5274735850302218,0.0553841378171354,286.88163974456825,0.5303862721502962,1.6611287174214255
-0.00016102531,0.022615384,-0.0005830067,93774.875,0.999944,199.49713,1.4553362,1542.9563,9.309817,0.11397825,0.0015339004080165,1.4348976425433138,0.0086530411614355,1542.985072645137,1.4349245529114631,0.4032236559999844
0.002050962,0.011609231,-0.0035523847,98327.44,5.0389685e-06,301.48486,-2.7753637,7.6863375,4.861296,1.1311963,0.007954832965155,0.0220232529441273,0.0139338107607865,9.5086606118212,0.0272480113047161,2.7346242628142687
0.0004151182,0.040584616,0.00071900955,93522.766,0.9986495,222.1425,-19.418787,977.36127,13.31955,0.10221325,0.0171200152920601,0.8618726403054359,0.0117471230890277,977.64490066525,0.8621226930846516,0.5534930905771464
-0.003667574,0.011609231,0.003667574,97769.43,3.748814e-08,296.4215,4.95214,0.12658659,-5.124744,1.1440562,0.0143149259730971,0.0009538745654142,0.0148138283774168,7.127602388594908,0.020622232990085,3.457821927871294
0.0025934312,0.0608,0.00069490174,97416.1,0.8594633,241.0285,51.04695,127.68035,-8.904219,0.11276813,0.0463144415429575,0.1160098804790508,0.0080624646803477,137.79458623772186,0.1251731728483445,1.7899439863847344
0.001159104,0.03317231,-0.00031057486,98240.414,0.998521,232.02025,23.169813,762.6299,27.846687,0.10280788,0.0200117999043368,0.6579860618932512,0.0240234903368982,763.489778965862,0.6587285160589055,0.7999941184450516
0.000644892,0.06349538,0.0024067922,103782.125,0.19616807,260.40063,40.373486,62.801037,160.8375,0.47409874,0.0662154209403583,0.1032620814916662,0.2648344516451936,177.32086743053557,0.2918643969765938,1.6611287174214255
0.00084845215,0.05406154,-0.0031664888,89002.984,0.3182826,259.43463,-19.95033,271.94263,-18.021046,0.227987,0.0275783712102646,0.3672473140060852,0.0245063654002819,273.2683073050366,0.3690958116105186,2.185459257238885
0.0048831706,0.015203077,-0.0028192918,98035.42,2.9604978e-08,296.30276,-6.670705,-0.5279109,3.735405,1.1476288,0.0192864578857006,0.0015266221947428,0.0107996894046047,7.663566116984234,0.022156970107357,3.7590637937450806
-0.0015075472,0.03788923,-0.0008703744,96791.0,0.62938464,249.74612,-93.6207,564.20184,-42.42855,0.15200275,0.0969200158359913,0.5865734632394481,0.0446626462721171,573.4882157315685,0.5962018695193745,1.160507581746156
-0.0011720242,0.05743077,-0.0043740757,95351.58,0.39556387,250.81288,-35.49405,-56.279186,-151.26688,0.246378,0.0461393566278813,0.0731283659251812,0.1969637854001703,165.25387543764137,0.2151077192759161,3.018916579372005
0.00031057486,0.047996923,0.001159104,93065.766,0.978351,228.23387,33.635426,728.9166,11.298834,0.10090113,0.0295393460162085,0.640127703550588,0.0099244954946158,729.7797032581278,0.6408857506816933,0.7999941184450516
-0.0011935149,0.053612307,0.0006890677,87827.9,0.40927386,253.16037,-20.357824,581.3046,-23.449337,0.1869635,0.040258844088727,0.716211871390937,0.0408437910537726,582.1334472308858,0.7185043037562912,0.9187653821431114
-0.00026006208,0.047772307,0.0009705788,93673.64,0.9925485,224.567,32.026688,881.211,20.922226,0.1018475,0.0281647971654932,0.7749693285017984,0.0183974727996706,882.0409711606624,0.7756991574852434,0.6698774323920479
-0.0025934312,0.056981537,-0.00069490174,91366.56,0.333357,261.49988,-21.28425,345.16187,21.461426,0.22318313,0.0282143575646617,0.455246276499995,0.0283718064945526,346.4827969840824,0.4570012928249337,1.7899439863847344
-0.002176526,0.043504614,0.002176526,95287.45,0.27782574,262.5485,2.4666138,254.58937,-10.147919,0.26985687,0.0117134718133935,0.3619123779637301,0.0175781974829683,254.80347674367752,0.362528299270602,2.052048392038442
-0.0016390758,0.034295384,-0.002838977,98113.94,0.15894374,271.89212,5.3971314,150.12425,8.779488,0.40285775,0.0091422620888899,0.2565778807917506,0.0148860971704662,150.4775693415916,0.2571718992360096,2.185442735178454
-0.0033619737,0.01610154,-0.0009008322,97440.664,0.0021746126,326.10526,7.614686,57.313477,1.4324908,1.0074697,0.0206948212564358,0.1555687757778104,0.0038846001184202,57.83485211012655,0.1569872916573902,2.32037983596063
0.00025366183,0.018347692,-0.00041642482,101627.23,0.99995553,197.43813,25.51655,1624.4425,-35.634163,0.124805495,0.0238630040775131,1.518224440241574,0.0333105167109511,1625.033637714267,1.5187772991567905,0.3250667997750489
-0.0028192918,0.010710769,0.0048831706,97842.29,8.7130053e-10,295.94125,3.2096062,-0.9052906,-5.66889,1.1467675,0.0092852952529923,0.0026190319211741,0.0164000590488369,6.577038608798553,0.0190272954711043,3.7590637937450806
-0.002264169,0.009587692,-0.00392167,98265.27,1.0707145e-06,298.08527,3.2749474,0.4862925,5.212609,1.143425,0.0094399578369485,0.0015230309148117,0.0150257734161647,6.175196632918178,0.0178102861820005,3.0189002301766195
-9.37506e-20,0.02239077,-0.0049647847,98929.81,8.517996e-05,300.51486,0.41010973,11.0971,-2.3393989,1.1405888,0.0014143419130958,0.0318291484766772,0.0067122658823922,11.348418639350676,0.0325599380999631,3.3098564666666666
0.0030503666,0.028904615,0.0030503666,100127.08,0.0016149047,302.71936,-0.9735446,44.29565,-1.6132311,1.123215,0.0027547081191228,0.1252940015127821,0.004566748402166,44.335706970710376,0.1254074576047026,2.875913210619937
0.002705682,0.045301538,-0.0046863924,94040.56,0.002855059,291.01074,-1.2312062,3.809856,2.0330849,1.0802575,0.0083918896942471,0.0108358840313042,0.0097248992859814,4.490468311686706,0.0168051736528595,3.607583913671109
-0.0012849732,0.037664615,-0.004795607,95899.46,0.009108914,293.6255,1.4521704,22.1944,3.099306,1.0128572,0.0044500687877861,0.0607751588831145,0.0092931732064714,22.456755952547383,0.0616424051909829,3.309850793761437
0.0022223014,0.032947693,-0.0005954578,104038.75,0.23185413,270.83362,24.256924,262.48825,-7.1606264,0.33463287,0.039961338276089,0.3926021748435456,0.020486981812092,263.70391411665594,0.3951621093582568,1.533796090173774
-0.0030142437,0.01789846,-0.0017402662,97637.336,0.00738089,333.88687,-2.8244584,75.99986,-1.2113391,0.92441386,0.0072864991504607,0.1971826514606011,0.0048128781226762,76.06197228371165,0.1973759228039891,2.3203631449363105
0.00084845215,0.016775385,-0.0031664888,97376.05,0.00327999,339.11337,-0.18781812,83.18529,1.7099961,0.9546394,0.0029893399280312,0.2197261189096233,0.0069860418591124,83.20307587278438,0.2198574726161212,2.185459257238885
0.00410197,0.06327077,-1.5322009e-19,101374.25,4.6758496e-06,297.45413,55.5914,22.655888,-0.262155,1.1820463,0.1604112746117455,0.065373585928925,0.0208574432178554,60.03133965082379,0.1744721057858746,2.7346466666666664
-0.00084845215,0.04485231,0.0031664888,93539.83,0.31381527,258.84775,16.197512,219.06725,-13.103933,0.24525325,0.0219215291100993,0.3000994841620877,0.0224138228481114,220.0557485675417,0.3017327182914418,2.185459257238885
-0.0004505431,0.009363077,0.0016814725,104414.125,0.2575535,305.22998,-36.536213,458.65674,112.129265,0.32133025,0.0489426729107407,0.6389962002269645,0.1473752672375233,473.5756244542673,0.65759485895913,1.1605245659162278
-0.0015053301,0.009138461,-0.00040334585,100110.234,0.58407223,266.01788,-135.74559,646.9876,-38.444412,0.16140875,0.1484431630507973,0.6746480646133844,0.0426779787054131,662.1916584888653,0.6921031668830093,1.038953872289757
-0.0005870607,0.053612307,-0.0005870607,91284.6,0.999854,220.96762,-23.535275,993.4299,-30.54025,0.1001822,0.0207891631687149,0.877738414152813,0.0269899200600435,994.177842366947,0.8783993219314311,0.5534861359174952
0.0026657272,0.045526154,0.00153905,93314.55,0.28686774,262.07526,16.919935,269.1411,-10.268815,0.25653824,0.0296937049597818,0.3766452846576857,0.0166349236273637,269.8678648359572,0.3781799931952983,2.0520749831783918
0.0029004794,0.028006153,-0.0029004794,99577.234,0.0036575238,303.89163,-0.008691878,52.80145,-0.9586047,1.08421,0.0020083577451018,0.1471103371524625,0.003395078870463,52.81015168149118,0.1471632133329527,2.7345982032425185
-0.0015188704,0.047772307,-0.0056685233,93715.02,0.000618323,291.79102,-0.3951826,-10.683742,0.23230001,1.1048875,0.0041584933687871,0.031007634044153,0.0098878144495506,10.693571700070692,0.032810597536514,3.9123237593043534
-0.0045836214,0.051141538,0.0012281717,92759.75,0.13322777,267.92975,-28.466663,-12.422411,9.384446,0.46755812,0.0487689676150392,0.0230566277432487,0.0162933922606176,32.445878384402015,0.0563515298504471,3.163541676540452
-0.0019252748,0.012732307,1.6320611e-19,98665.664,0.093235135,323.50162,-23.778536,309.4019,2.703195,0.49832988,0.044813695035692,0.5745266379274402,0.0077198651247288,310.32605717393653,0.5763234519508155,1.2835165333333334
1.2490008e-19,0.024187692,-0.00075,100251.08,0.9998565,209.67325,-9.73634,1321.3037,-1.2210888,0.115960374,0.008824238740312,1.198691320532096,0.0037002884303872,1321.340136001379,1.198729511292182,0.5
0.0019924412,0.023963077,-0.0011503282,100401.02,0.036970224,333.08163,11.842604,215.10788,-11.912249,0.71170986,0.0265847733761103,0.4815697807119125,0.0267979252682752,215.7627145357446,0.483046925949294,1.533779196505254
0.00392167,0.04822154,-0.002264169,97932.39,0.2790805,260.83813,39.575775,38.176174,-29.551962,0.296174,0.0563568780602277,0.0530866067879965,0.0422075592974898,62.42580144602346,0.0881802902399955,3.0189002301766195
0.0018984762,0.055858463,-0.0018984762,88641.25,0.27911162,266.012,28.2543,379.91876,-6.9796424,0.24525413,0.0396364644167703,0.5332032669565014,0.0196823102285662,381.0318688462417,0.5350366029913108,1.7899005265883576
0.0019461956,0.06372,0.0033709237,102873.125,3.366596e-06,298.42075,27.987425,30.324175,47.83351,1.1956575,0.0806295681926261,0.0873594762867296,0.1378025891571024,63.17354055679759,0.1819954915442197,2.594935572283576
0.00035669186,0.034744617,0.001331215,100013.65,0.9621174,236.25987,-3.6989427,639.8707,26.53785,0.1064875,0.00687756425531,0.5564033280803855,0.023163888647523,640.4314579861068,0.5569277602403114,0.9187823969714264
-0.0016267902,0.048895385,0.0016267902,90850.58,0.2365805,266.30737,13.939544,416.59537,-7.2344637,0.28534812,0.0252106057246545,0.6228744109232804,0.0107937511320889,416.8912935735064,0.6234778356024607,1.533752509317093
-0.0010559278,0.033396922,0.0018289352,102543.77,0.3343056,266.78012,-52.510014,332.85086,93.38923,0.2791609,0.0722906784689797,0.4513496863211891,0.1279319597563057,349.66919345720567,0.4746673233569278,1.407912163392128
0.00029804165,0.06753846,-0.00014174538,109702.625,9.2137666e-11,302.66812,3.1019588,54.571877,-0.73513687,1.2571962,0.0088734702591745,0.1561087391939776,0.0021029334919965,54.66490952995038,0.1563748677263886,0.2200207847616693
-0.0012458276,0.01789846,0.0021578514,97652.3,0.005996746,367.95737,-5.7297187,186.01613,9.098823,0.8530713,0.0143055049782923,0.4642593800057059,0.0226974152340562,186.3266456429229,0.4650339687101078,1.6611119533351038
0.0008703744,0.069335386,0.0015075472,105073.25,3.9099233e-25,299.77588,2.6913188,29.315863,4.2840137,1.2157638,0.0077360012588946,0.0842662477594741,0.0123140771288901,29.74921500980808,0.0855118864396929,1.160507581746156
-0.00037499773,0.024412308,0.0006495165,101647.75,0.9998959,208.08525,-17.29425,1358.805,30.2249,0.11846275,0.0157441504215416,1.2372850010008862,0.0275195063640384,1359.251140771297,1.2376911469364154,0.4999977694516481
0.0014401756,0.047772307,0.0024944716,90737.77,0.2660666,262.90637,-12.8637,317.4474,-11.33817,0.26529363,0.018294621282931,0.4580770605436171,0.0206266706715005,317.91017700507626,0.4589060318923222,1.9202423830851167
-0.000375,0.0032984614,0.000375,107971.83,1.0,171.12833,-358.2945,1937.6567,372.51685,0.1521035,0.360370655217643,1.9474804173002067,0.3750014876364021,2005.4070009150416,2.0157314058771063,0.3535533905932737
0.0026058601,0.008464616,0.0026058601,98246.086,7.8141646e-05,302.86914,-4.9210763,6.3103,-4.93661,1.1240113,0.0140667228805511,0.0180235995500073,0.0141111311510666,9.402499472614808,0.0268672078136125,2.45682846337794
0.0035523847,0.06349538,0.002050962,102070.875,1.8331363e-06,297.90823,46.86255,25.664812,26.623386,1.1883987,0.1351238533248047,0.0740008477945095,0.0767648148867724,59.69577748553778,0.1721261688885508,2.7346242628142687
0.00025366183,0.020593846,-0.00041642482,99191.35,0.9999621,198.0125,-16.366488,1606.1737,18.019325,0.12146437,0.015282173535661,1.4989976102748226,0.0168245899064991,1606.3581520241992,1.4991699194097796,0.3250667997750489
-0.0050100614,0.0032984614,0.0013424361,98199.27,4.4880023e-11,295.52063,9.020433,-0.023272503,-2.3941262,1.1525887,0.0261145842172452,0.0002763373876827,0.0069311461017315,9.33276986635861,0.0270201528025836,3.4578638180467665
-0.0028192918,0.051366154,-0.0048831706,92243.0,0.002753283,288.33224,-5.50212,-15.210512,-8.625702,1.0708637,0.0158122750200973,0.0438218437031219,0.0248214393069652,18.33127750020025,0.0527871752997013,3.7590637937450806
-0.002039934,0.05496,-0.00054659264,94906.586,0.61588866,250.09763,-50.581264,476.01675,-25.532217,0.14608812,0.0536581698058064,0.4969667426851315,0.0286374447313148,479.3769963748107,0.5006747904206058,1.4079290131187046
-1.5791709e-19,0.04867077,-0.0030781461,91254.79,0.29390687,262.78326,-26.180199,280.135,17.225286,0.248772,0.0367458196682412,0.3900485927955354,0.0243758514151295,281.88247821115345,0.3925332369839282,2.0520974
0.0004526625,0.061923075,-0.0004526625,98537.516,0.99936676,230.1065,0.7070323,798.82477,-9.182148,0.103892125,0.002125966398405,0.6917828011498459,0.0079523856125175,798.8778535559238,0.6918317744486622,0.4267742977851408
0.0028192918,0.017,0.0048831706,97551.96,1.9147578e-07,296.2284,-3.4826536,-2.3998413,-5.9292865,1.1422526,0.0100700280866303,0.0069398929003152,0.0171452190080173,7.283169142746919,0.0210600596857237,3.7590637937450806
-7.63982e-20,0.06035077,0.00083024846,97991.69,0.9999049,228.12012,-37.570087,801.8124,19.410887,0.104163125,0.0326687282415965,0.6972178715469397,0.0168768535299929,802.9267829416791,0.698186819121101,0.5534989733333333
0.004149602,0.024861539,0.004149602,98053.36,2.1637742e-07,296.21225,0.750219,2.1760588,0.4806961,1.148185,0.0021691283930703,0.0062917143788145,0.001389704764535,2.3514100428410285,0.0067986812796877,3.912282284567013
0.00031432978,0.01655077,-0.0005329707,89742.95,0.99992,192.48138,-13.736651,1650.1987,30.680038,0.11304362,0.0129900937862531,1.5623826672094272,0.0290218205576479,1650.5410354771757,1.5627061807651177,0.4125050721052952
-0.0025933797,0.057206154,0.004491879,91813.73,0.015452381,280.61487,-27.475525,-20.120111,44.217987,0.948238,0.0739690063184479,0.0547558558981525,0.119589548125842,55.811770398457305,0.1509015496004627,3.4578474498201968
0.0035105823,0.004870769,-0.0035105823,98112.96,3.2702274e-09,295.81113,-6.85264,-1.0669965,6.9335475,1.1504438,0.019828907085551,0.0030874738391225,0.0200631209779713,9.806693501653273,0.0283768721724469,3.309808733657956
0.0006949476,0.0021016174,0.0026023579,98023.914,5.9281285e-10,295.7605,-4.3011136,7.150341,-16.2706,1.1495975,0.012446837470187,0.0206920417941231,0.0470848878007013,18.2854964104447,0.0529156972534957,1.7957008915045671
-0.00508224,0.050243076,-0.0029342247,93062.69,0.0005966169,290.52188,-6.2523065,-14.3764,-2.9555063,1.1023687,0.018180760802866,0.0418171179644654,0.0085985225498468,15.953282766229712,0.0464020043561187,3.912307532088964
0.0010392044,0.03362154,0.00059997645,98527.766,0.99891853,232.023,24.137888,765.77454,19.771463,0.103070125,0.0208312215593179,0.6605799756512668,0.0170622735662005,766.4099389350796,0.6611285542179596,0.799977090098061
-0.0012308755,0.029353846,0.0012308755,106107.125,0.8057164,248.91325,-33.96853,423.8375,67.11998,0.12708199,0.0341178344783861,0.3901245919885606,0.0629277855490923,430.4615884742926,0.3966372777461139,1.160480550461843
-0.00025366183,0.03991077,0.00041642482,94708.984,0.9998939,209.38,-28.305138,1296.9313,-1.021535,0.1096875,0.0256870010595997,1.1770970445664843,0.0027823324393231,1297.240541029552,1.1773805738691254,0.3250667997750489
0.00087018503,0.013855385,-0.00050239643,98399.05,0.9971949,217.85776,-47.189312,1009.56476,31.173275,0.10981375,0.0421497879677904,0.8999876477602212,0.027857030084535,1011.1476691735568,0.9014046732027944,0.6698670379885004
0.0013613222,0.034295384,-0.0013613222,99668.3,0.46902862,257.01062,20.636038,463.31137,-60.56265,0.19930775,0.0353291365773847,0.5395174977492899,0.0674390746160955,467.7083559341621,0.5448626497146174,1.283466878666386
0.0005954578,0.0055446154,0.0022223014,98436.92,1.0129317e-05,339.2856,-1.8640947,87.30245,-7.215599,1.007235,0.0050652301372787,0.2348271941726361,0.019569144746257,87.61996059107689,0.2356956068861626,1.533796090173774
0.0009523381,0.045526154,-0.0005498259,92946.81,0.99469376,229.66562,18.2763,721.6575,19.899601,0.098614685,0.0158833544090746,0.6269086244281976,0.0172828569743371,722.1631149317301,0.6273479110309801,0.7331079584049207
0.0004151182,0.035418462,0.00071900955,98637.33,0.99989474,217.77838,3.0997741,1147.4688,1.3803749,0.10983575,0.0032980858429352,1.021349421228614,0.0024609376663168,1147.4738171338706,1.021357711004548,0.5534930905771464
0.0018990553,0.0021016174,0.0019001279,98008.484,4.8606436e-10,295.7509,-11.888295,7.503085,-11.83721,1.1494524,0.0344037246991439,0.0217131933509912,0.0342557730987852,18.37790475294586,0.0531839922276192,1.790952207168826
1.5224762e-19,0.025086153,0.004313942,99739.766,0.0032814224,306.0385,-0.10011624,37.66794,6.3638077,1.0834274,0.0035120044592904,0.1047476214396902,0.0177179483817065,38.20185565581457,0.1062935749114288,2.8759613333333336
0.0043740757,0.039686155,-0.0011720242,96373.766,0.07567248,275.68936,-0.013269663,35.207912,5.6994324,0.6209879,0.0078812732690911,0.0742117597303669,0.0118770234462112,35.66624136583318,0.0755682700381691,3.018916579372005
0.001159104,0.06506769,0.00031057486,112050.2,0.15207118,268.6815,140.99374,232.83362,39.316563,0.61792976,0.2562284499593694,0.4119233518136613,0.0722158036007552,275.02094728879285,0.4904579376742569,0.7999941184450516
0.00084845215,0.06484307,-0.0031664888,105759.5,5.1161663e-07,300.25424,13.837909,44.977524,-51.233875,1.221745,0.0397424042256128,0.1291797219060425,0.1471514002966074,69.56561893765111,0.1998008855200768,2.185459257238885
-1.4721278e-19,0.029578462,-0.0054114084,100457.75,2.7646824e-05,299.4954,0.008030251,14.769199,2.1793687,1.1630225,0.0005438129294491,0.042460690900207,0.0062666797315528,14.929130969921586,0.042924087399536,3.6076056
1.4721278e-19,0.05990154,0.0054114084,97351.56,9.389886e-05,294.5955,0.5064738,-0.6981733,53.102486,1.1447912,0.0203445050728712,0.0048070330109677,0.1538754106066213,53.10949049884696,0.1552889192517769,3.6076056
0.0033619737,0.030926153,0.0009008322,100262.375,0.01397925,304.28812,-8.352948,107.596375,-1.8231887,0.96407634,0.0218649738866066,0.2818957174945469,0.0052023943658764,107.93551626071527,0.282790271282386,2.32037983596063
0.00087018503,0.039686155,-0.00050239643,95471.46,0.9984813,226.94376,-11.695538,857.84827,-7.737415,0.10214825,0.0101985765661728,0.7484000711169617,0.0069162345745353,857.9628823801088,0.7485015108284948,0.6698670379885004
-0.0006470514,0.014978462,-0.0006470514,100645.35,0.9989204,212.62637,-50.893864,1161.3313,-50.675224,0.1149095,0.0459142994791553,1.04706542597604,0.0457169525134611,1163.549978333544,1.04906823844694,0.6100459102883323
0.0035523847,0.0044215387,-0.002050962,98062.08,5.968959e-08,296.0465,-11.152323,-0.46033937,6.5625687,1.1489313,0.0322576640593334,0.0013314954543446,0.0189820576350262,12.948109073301811,0.0374519463148339,2.7346242628142687
-0.00410197,0.019021539,1.5322009e-19,97629.36,0.0022010624,314.63437,1.0496937,32.89445,-0.015607611,1.0459138,0.0030134083194811,0.090810074599044,0.0009066989843327,32.91119780961855,0.0908645826570069,2.7346466666666664
0.0011503282,0.015427692,-0.0019924412,96597.234,0.004862594,378.8029,1.840687,218.04138,-3.5423326,0.8320684,0.0068583155785216,0.5399653542583043,0.0104674964425783,218.07792103095943,0.5401103487007503,1.533779196505254
0.0013424361,0.047323078,0.0050100614,93716.2,0.009945342,289.47125,-3.5271575,8.292211,-2.401365,0.9983705,0.009406136863944,0.0232511800382588,0.0120844965742708,9.325671941557468,0.0278411178175074,3.4578638180467665
0.0008019567,0.061024614,-0.00021488206,97125.36,0.9977205,233.45363,-10.681006,686.2444,-9.670223,0.10109,0.0091910091274967,0.5904828018470292,0.0083200560436563,686.3956392878686,0.5906129335347045,0.5534975051172251
0.002838977,0.053612307,0.0016390758,91124.234,0.3615025,256.61664,-16.71638,250.23187,1.9737128,0.2119105,0.0210575625829653,0.3227782246856292,0.0040544693115686,250.79737172908767,0.3234897865382159,2.185442735178454
-0.0056386283,0.043504614,1.4617036e-19,94633.664,0.0010621385,293.3875,2.395772,0.79472256,-0.78070116,1.10339,0.0069392985862047,0.0067400004895803,0.0029394472801873,2.642120686982769,0.0101104807888174,3.759085533333333
-0.0011720242,0.0068923077,0.0043740757,98118.23,1.5431037e-07,296.84863,2.4286838,-1.8594625,-8.42729,1.1464838,0.0070155456470118,0.0053712961280903,0.024342609256922,8.96522852655685,0.025896550508825,3.018916579372005
0.0010048215,0.06237231,-4.0129963e-20,99218.984,0.9932474,239.53975,1.2182866,537.9351,-10.002543,0.10106525,0.0018168638687325,0.4578728920670531,0.0085149777260833,538.0294665728975,0.4579556650264744,0.6698810000000001
-0.0030503666,0.031824615,-0.0030503666,100635.125,0.01101682,299.38364,4.538869,61.919662,4.80903,1.0176535,0.0122027724905284,0.1660774623178068,0.012913460526677,62.271764416421554,0.1670251137079456,2.875913210619937
0.00071900955,0.059676923,0.0004151182,97381.4,0.9998535,227.41063,-13.677845,804.4494,19.908138,0.10384312,0.0119149090328197,0.7006199920693327,0.0173411900917763,804.8119373883759,0.7009358424408694,0.5534930905771464
0.002039934,0.053387694,0.00054659264,94719.46,0.46785864,257.19586,21.559437,472.17374,13.079654,0.17886713,0.0260282454307135,0.5460015592138185,0.0238212593185002,472.8466214515065,0.5471404066778853,1.4079290131187046
0.0011720242,0.003972308,-0.0043740757,98113.98,6.056315e-09,295.7035,-2.8607063,-0.07485111,10.844625,1.1508763,0.0082793062409138,0.0003324059589071,0.0313859788518243,11.215843018433922,0.0324613165789607,3.018916579372005
0.0024944716,0.0062184613,0.0014401756,98014.336,8.220301e-06,309.39688,-9.485927,19.740675,-5.441566,1.0987988,0.0268445092762905,0.0557800452152266,0.0154001532285138,22.56740350676856,0.0637903271817857,1.9202423830851167
-1.5183822e-19,0.038563076,-0.0013781823,97386.48,0.974927,235.99825,-13.812869,753.7371,-34.560825,0.1024775,0.0119491949585737,0.6519788491547683,0.0299370571376781,754.6554590613533,0.6527751759950732,0.9187882
0.0004505431,0.04036,-0.0016814725,93889.086,0.5709005,249.84813,-5.0527296,539.77124,-23.827572,0.15173912,0.0054396083491489,0.5788797934078395,0.0255989325133475,540.3205296811917,0.5794710604514413,1.1605245659162278
-0.00025366183,0.03923692,-0.00041642482,95372.555,0.99995685,206.9655,-30.1901,1345.275,-11.806241,0.111734875,0.0275565431054324,1.227985317822288,0.0107775262080193,1345.6655063906337,1.228341751682402,0.3250667997750489
0.0009523381,0.059003077,0.0005498259,96861.7,0.9988291,231.47212,6.455579,615.13074,33.571262,0.10157225,0.0059703009743964,0.5312567646572854,0.0289932729207336,616.0799716152485,0.5320808250280284,0.7331079584049207
-0.0050100614,0.02373846,0.0013424361,98877.17,1.4629518e-05,298.77325,-3.6240413,8.456013,0.8496055,1.14769,0.0104318743561988,0.0243390543057725,0.0024455268043281,9.23902920797986,0.0265931225777182,3.4578638180467665
0.004893632,0.001752484,0.0028211633,98189.35,4.0257735e-15,295.40887,-7.10268,0.05982795,-4.068134,1.1529075,0.0205664963102309,0.0001732366249493,0.0117796706529325,8.18543565168997,0.0237017177035447,3.7657282911773824
0.0006470514,0.01655077,-0.0006470514,93932.875,0.99931985,207.91362,-8.18962,1245.0713,15.030626,0.10962713,0.0074717213700025,1.135010831748499,0.0136938345644964,1245.188954206303,1.1351180273045312,0.6100459102883323
-0.004745321,0.059676923,1.5026859e-19,94651.85,0.018430078,280.20648,-72.993675,-6.006684,-2.3966386,0.9515828,0.1945334776552902,0.0161891043227626,0.0240130604762111,73.27960643494539,0.1966773705866253,3.1635473333333333
0.0011935149,0.05091692,0.0006890677,93347.5,0.995453,232.35062,19.182913,670.4988,-5.21492,0.09782555,0.0165659846330166,0.5789013806983198,0.0045037370974402,670.7934259838955,0.5791558719974487,0.9187653821431114
0.00021488206,0.03204923,0.0008019567,97812.67,0.99976426,219.26625,23.883049,1095.35,24.007475,0.10819437,0.0211767373709427,0.9717899464890004,0.0212825982944509,1095.8733418536158,0.9722536208690278,0.5534975051172251
-2.7755577e-20,0.00532,-0.0003036618,14494.463,1.0,108.490005,7.6608243,2512.955,-175.55792,0.03224535,0.0562900272020341,3.171876915556098,0.2227573535171254,2519.0915234521917,3.1801875059728832,0.2024412
-0.0052270126,0.069335386,0.001400568,103289.875,2.4240000000000006e-42,298.6365,-9.048445,19.949738,2.4505725,1.1996887,0.026058706811026,0.057453332889403,0.007057319535304,22.042497788690493,0.0634802915855539,3.607600091361616
0.0004151182,0.041033845,0.00071900955,92813.58,0.9987781,221.4875,-9.918085,985.14874,15.165837,0.101726875,0.0087580405388578,0.8699589637651554,0.0133951945497738,985.3153865364964,0.8701061619977469,0.5534930905771464
0.002705682,0.05091692,0.0046863924,93516.25,0.014918491,284.279,3.9620383,-7.6824665,8.274059,0.96188825,0.0114922993614766,0.0204453280331693,0.0236262172537847,11.965704799541486,0.0332908775000108,3.607583913671109
-0.002176526,0.032723077,0.002176526,98790.9,0.056697126,294.89175,15.56711,158.05212,-17.932224,0.6661348,0.0337983561941268,0.347692344179407,0.0391025333065432,159.82606861157748,0.3515128777063304,2.052048392038442
-0.000530325,0.065292306,-0.000530325,111517.25,0.11235181,269.61514,-68.871185,228.02174,-61.830814,0.683762,0.134788105033742,0.4427200787521206,0.1200938086973282,246.08982830632075,0.4781123552851373,0.4999952049770078
-0.00248237,0.028455384,-0.004299605,100618.375,0.00023923407,300.4505,0.38778344,22.248575,-0.918216,1.1579238,0.0011118425262895,0.0637676711329008,0.0026307596379097,22.270891004843502,0.063831598537006,3.3098347708290348
-0.0009151009,0.052264616,-1.7975756e-20,91069.21,0.9963905,229.48074,-6.0729256,813.93335,-42.958786,0.09655169,0.0057953036192527,0.7068237703540983,0.0373091357709899,815.0888515751884,0.7078314767609593,0.6100672666666667
0.00083024846,0.045301538,7.986765e-20,93548.875,0.99665284,220.10738,19.32595,1008.96436,21.080175,0.1033765,0.0171294308231005,0.8945745486269119,0.0186886814848095,1009.3695784357892,0.8949336887540926,0.5534989733333333
0.0019461956,0.017,-0.0033709237,96751.29,0.0014080872,317.03186,-3.8859038,32.071426,5.539566,1.0392913,0.0107757883294939,0.0886927904580515,0.0153763041181728,32.777483208518106,0.0906584768330707,2.594935572283576
-0.0037597984,0.009138461,0.001007429,97857.73,4.0916628e-05,301.40662,7.3713665,4.659775,-1.5072906,1.12555,0.02112559815443,0.0133464763186466,0.0043208530056667,8.84999842264368,0.0253592014504248,2.5949521253287604
0.0037359586,0.022615384,0.0021569484,98714.21,0.0031735662,311.77438,5.9146338,37.606377,3.2806587,1.0542288,0.0163189786816249,0.1036433087290542,0.009048650724517,38.20975275450128,0.1053096509796308,2.875939503395293
-0.00037499773,0.04867077,-0.0006495165,91473.27,0.9996899,221.54475,33.936325,986.33673,-8.000829,0.1001456,0.0299493023492924,0.8705133286459915,0.0070502726220221,986.9528014886456,0.8710568996372041,0.4999977694516481
0.00041642482,0.04036,-0.00025366183,95475.05,0.9999428,209.90312,-20.000376,1299.1324,-3.6071115,0.110295124,0.0181326041093647,1.1775884400773902,0.0034901809001935,1299.2913526316086,1.1777332070118445,0.3250667997750489
0.00050239643,0.040135384,-0.00087018503,95197.48,0.99438936,225.47012,-17.879713,899.5879,-9.466927,0.10291387,0.0156839770593473,0.7888915567677396,0.0082906831023017,899.8153681006986,0.7890910029281342,0.6698670379885004
0.0008839167,0.034070767,0.00023684214,99053.29,0.99987555,220.43275,30.688025,1076.6438,23.721737,0.1089765,0.0271350983033932,0.9526359195813868,0.0209851775839246,1077.342261197962,0.9532533170751823,0.6100648168910395
-0.0049647847,0.02823077,9.37506e-20,100154.75,0.00027348136,299.92712,0.54839414,20.823187,-0.35536757,1.1540725,0.0032256586268667,0.0597208235813629,0.001382815037837,20.83343800431324,0.0598238566145832,3.3098564666666666
-1.7793022999999998e-19,0.036316924,-0.0017407954,95381.516,0.603101,251.0935,-35.939564,577.63336,-105.886215,0.15580125,0.0384651297900392,0.6114318824243093,0.1101275516725476,588.3568996556647,0.6224601117277224,1.1605302666666666
0.0005954578,0.040584616,-0.0022223014,91267.336,0.33529687,260.4185,52.7466,396.46713,-59.85406,0.23921987,0.0699359497584623,0.5370641539961345,0.0777103742749615,404.4142646847172,0.5471451771204389,1.533796090173774
0.0005329707,0.00824,-0.00031432978,75147.81,0.9999445,175.04962,223.634,1894.955,-133.2931,0.10402379,0.2218857086235918,1.8813221457272429,0.1322740762326551,1912.7555171763613,1.8989741217137093,0.4125050721052952
-0.0031664888,0.05069231,0.00084845215,91252.61,0.46526298,252.58224,-15.949003,245.12975,-41.141987,0.17688738,0.0206129052565593,0.2875704927651452,0.0479798128915677,249.06952468350013,0.2922734038831008,2.185459257238885
-0.00097446906,0.065292306,-0.00097446906,113352.0,0.012216492,298.42438,-60.38479,117.64025,-54.92064,1.1450744,0.160704816063351,0.3144425315409759,0.1460870505024461,143.1845940784699,0.3821538562835096,0.918738240509974
-0.0039621918,0.04956923,-0.0010616601,93508.19,0.44321513,251.89676,-10.241182,57.009876,14.620048,0.18787813,0.040158602988986,0.0674808376733881,0.0170997477759188,59.73904563863406,0.0803665242568645,2.734640827760201
-0.0017618468,0.038787693,0.0017618468,96241.766,0.18315563,274.4095,3.5978065,326.9245,-15.4930315,0.356141,0.0109279527360569,0.5309349134742415,0.0281829526479505,327.31117753129274,0.5317946796620463,1.6610850929224252
-0.00043177773,0.0008336973,0.0016371112,98214.55,7.909974e-08,296.3125,1.7744384,6.739964,-7.2955723,1.1496825,0.0051304022907495,0.0194847083775889,0.0210934053182754,10.089654183430564,0.0291703040118826,1.128728899502916
0.0024917016,0.031375386,-1.6060752e-19,99375.96,0.06634461,296.18762,-5.851339,191.353,4.0176725,0.62616,0.0160193466304143,0.404716435696195,0.0107274855099916,191.4845959063292,0.4051753839196857,1.6611344
0.0029004794,0.026433846,0.0029004794,98502.75,0.004714505,306.408,2.0495648,45.613712,2.97593,1.0497313,0.0056610743781141,0.1256159323828191,0.0081939792846077,45.75661261121985,0.1260101247044701,2.7345982032425185
0.00044156975,0.020369232,-0.0001279371,96184.25,0.9999734,195.87787,-30.074587,1641.1475,6.399047,0.119063,0.028221996377821,1.539972121793608,0.006010016303675,1641.4355136105648,1.54024242808625,0.3064867194305833
-0.0016814725,0.052264616,-0.0004505431,92348.875,0.44755724,253.76775,32.3672,511.37613,-16.717445,0.18209362,0.0383632591503524,0.6065479648781362,0.0202200007185541,512.6720734903989,0.6080962274011443,1.1605245659162278
-0.0005870607,0.059003077,-0.0005870607,94650.0,0.9908866,230.56187,-35.63624,762.2215,32.066414,0.10038906,0.0309500973788376,0.6620032630824942,0.02785020430215,763.7275768036709,0.6633112864555383,0.5534861359174952
-0.000530325,0.040135384,0.000530325,95115.85,0.99961686,215.54413,-27.0412,1166.7424,4.657741,0.10704075,0.0241978911845517,1.0439467055779168,0.0041662294802129,1167.0650149012365,1.044235423404534,0.4999952049770078
-0.0001279371,0.037215386,0.00044156975,95172.875,0.999929,207.705,-24.796762,1345.8175,-28.680962,0.111112125,0.0225938200854947,1.226369898863215,0.0261355932549272,1346.351447540047,1.226856421419644,0.3064867194305833
-0.0024944716,0.003972308,0.0014401756,97907.375,6.1614566e-07,298.1045,16.729,6.622235,-9.574447,1.1391988,0.0482200381909893,0.0190829680521117,0.0275980674570292,20.38095858273192,0.0587450855832308,1.9202423830851167
-0.0010616601,0.05159077,0.0039621918,94564.94,0.53602463,247.95663,8.349181,95.72854,-26.148308,0.16357712,0.0196598561136907,0.1062646249993804,0.0290208395692594,99.58612456143288,0.111896780999163,2.734640827760201
0.0014401756,0.03317231,-0.0024944716,98347.46,0.07889183,287.6755,-10.312062,174.99525,11.389533,0.5794288,0.021078937478768,0.3587333909260007,0.0231525903339548,175.66843087820996,0.3600972227186327,1.9202423830851167
-0.0043740757,0.052489232,0.0011720242,94403.01,0.5076022,250.29762,-76.49733,-39.63749,22.968775,0.18107225,0.0922396709227867,0.0461540626137663,0.0273667145538853,89.16578231378686,0.1067112527017337,3.018916579372005
-0.0056386283,0.049793847,1.4617036e-19,92564.06,0.0013435782,289.55862,-4.823875,-13.023887,0.26987112,1.0894463,0.0139787319493976,0.0377672084549483,0.002103432311825,13.891156648235023,0.0403260636423028,3.759085533333333
0.0052270126,0.011609231,0.001400568,97780.914,8.838415e-09,296.1185,-6.5700264,-0.38672754,-1.9046797,1.1453637,0.0190012810074074,0.0011185895650234,0.0055087126289604,6.851467714766194,0.0198152930174122,3.607600091361616
-0.0038924366,0.057206154,1.5418135999999998e-19,92936.164,0.6878753,244.37213,9.345062,52.045425,10.260547,0.13190424,0.0297173175462886,0.0527417731331121,0.0105982874999204,53.86404433342968,0.0614584192222887,2.5949577333333336
0.0024944716,0.025086153,-0.0014401756,99868.94,0.025330514,335.17026,-2.2314386,148.827,0.9678279,0.77364004,0.0117442910276945,0.3500292629498622,0.0055873732050263,148.84687412931984,0.3502707981438064,1.9202423830851167
0.0012321778,0.0017449552,0.0012345894,97927.766,7.852716e-09,296.21738,-9.143308,19.786674,-9.099881,1.1466975,0.0264393987044526,0.0572161306658428,0.0263137892658888,23.62033834176177,0.0683018514957933,1.1628457655262416
-0.0005830067,0.061473846,0.00016102531,99582.664,0.9999517,226.35324,-26.897762,890.6936,-3.099979,0.10667487,0.0234776351373024,0.7774405386443639,0.0027052193594111,891.1050378891193,0.7777996584539373,0.4032236559999844
-1.588243e-19,0.034295384,-0.0028803973,96798.96,0.13370088,276.2535,-13.82074,200.38962,25.30265,0.43986562,0.0248307410024229,0.3612235733436374,0.0449839389066432,202.4530482727156,0.3648596859032691,1.9202648666666664
-0.0025933797,0.0064430768,0.004491879,98152.98,3.43882e-09,296.06714,4.0307164,-1.9134837,-6.771055,1.14992,0.0116583045073203,0.0055344827939119,0.019584396882382,8.108962965781732,0.0234541076365775,3.4578474498201968
-0.0030503666,0.05743077,0.0030503666,94191.6,0.606099,244.47638,-70.72221,-35.410824,75.72784,0.148513,0.0760862942434288,0.0379088096110663,0.0814631524421578,109.50006024979474,0.1177388942688011,2.875913210619937
0.00097446906,0.01947077,-0.00097446906,97297.98,0.93565625,237.55287,17.96608,740.4735,-29.560997,0.10580225,0.0205425317319374,0.6507396169652991,0.0261137072249285,741.2810781184492,0.6515872699824108,0.918738240509974
0.00016102531,0.059003077,-0.0005830067,95298.46,0.9995102,224.95938,-23.937313,900.8249,29.474037,0.10276288,0.0209597040072625,0.7889696161760131,0.0258166540868362,901.6247635633946,0.7896700982494126,0.4032236559999844
0.00040334585,0.039686155,0.0015053301,94317.55,0.37931138,259.0995,21.82573,487.96774,112.71085,0.23730725,0.026424023814111,0.6373311384122458,0.1348705757247073,501.29094693447536,0.6519810436053275,1.038953872289757
-0.004149602,0.053163078,-0.004149602,92542.54,0.0011724014,289.0385,-11.909161,-20.587212,-11.845407,1.0935787,0.0345872167327819,0.0598040927769071,0.0344063654490799,26.57019158102768,0.0771790324997986,3.912282284567013
0.0012849732,0.0026246153,-0.004795607,98178.92,7.87241e-12,295.46375,-2.51295,0.28404075,9.25209,1.1525712,0.0072758113630285,0.0008223896287561,0.0267878239080078,9.591494472617944,0.0277705107158347,3.309850793761437
-0.0004982899,0.005769231,-0.0018596658,95941.484,0.012714693,372.58026,-3.0679338,224.6915,-6.653023,0.7776595,0.00840544370741,0.5331010365569279,0.0244318207529752,224.8109096665233,0.5337267845324,1.2835107603984124
0.0030503666,0.06372,-0.0030503666,102088.375,5.8770375e-08,297.91174,35.39319,24.068676,-35.077213,1.1886175,0.1020529889018208,0.0693990348578229,0.1011421736534952,55.33886459457264,0.1595643377272824,2.875913210619937
0.00016102531,0.03362154,0.0005830067,98444.2,0.99995536,210.31488,31.040487,1329.8712,30.219587,0.11350363,0.0281043885517531,1.20436587085433,0.0273624056490192,1330.57662081561,1.2050044434679392,0.4032236559999844
1.7975756e-20,0.014304616,-0.0009151009,102323.5,0.99886274,214.54688,-6.5177636,1117.5625,23.56655,0.115790375,0.0060589705929783,1.003086891195749,0.0211951239346862,1117.8299534935973,1.0033290864377478,0.6100672666666667
-0.0006470514,0.053163078,0.0006470514,91049.39,0.98219573,231.51375,-33.83629,785.2489,-23.706762,0.09697804,0.0294561776736171,0.6834081627853125,0.0206258440433655,786.335004967157,0.6843535700259312,0.6100459102883323
-0.00059997645,0.023513846,0.0010392044,98162.2,0.99566,231.87762,-11.186626,788.9548,18.554438,0.10307,0.0096520627385135,0.6818690357092325,0.0160196530681678,789.2522310477175,0.6821254821941277,0.799977090098061
-0.00074549386,0.00868923,0.0027822433,98305.2,0.00011300011,326.33636,0.7345304,48.804,-2.39546,1.04361,0.002030502266049,0.1341228669631831,0.0066173627421862,48.86827375220169,0.1343013621358243,1.920259111647012
0.0038263933,0.035418462,0.0038263933,98159.45,0.00047428595,299.381,-8.077083,12.836562,-7.074464,1.1301688,0.0231538515585209,0.0367886959411404,0.0202869829323837,16.735131748989282,0.0479694764151384,3.607558199889029
-0.00031057486,0.060575385,-0.001159104,98727.625,0.9439313,243.293,-19.87615,470.98724,-24.871504,0.10391485,0.0171952386569321,0.4072884544584422,0.0216020422615443,472.06210745288814,0.4082232350044335,0.7999941184450516
-0.0009008322,0.0462,-0.0033619737,90841.95,0.308766,256.82788,-1.6200889,212.24588,16.360737,0.24136686,0.0230277648194939,0.2928962972926399,0.0381815082555028,212.88168540342184,0.2962707317522023,2.32037983596063
-0.00248237,0.004196923,0.004299605,98109.67,1.3461231e-09,295.64374,5.0275435,-0.42003888,-8.587019,1.1510575,0.0145519409642092,0.0012157748886704,0.0248546446288096,9.95939363673637,0.0288269050373113,3.3098347708290348
-0.004149602,0.038787693,0.004149602,95976.35,7.7322424e-05,295.17264,5.576789,-1.0833797,-5.096146,1.1266687,0.0161453502057085,0.003982826438266,0.0147567864413085,7.631840615356762,0.0222328132672567,3.912282284567013
-0.0017618468,0.035418462,0.0017618468,97165.375,0.095104426,290.625,5.224663,274.4276,-21.76908,0.51360315,0.0155794904384152,0.5327596326846696,0.0423826012846598,275.3392409179446,0.5346698342269547,1.6610850929224252
0.0012,0.021716923,-1.6653346e-19,94561.15,0.9924664,230.05624,31.788101,852.08563,12.697686,0.100376286,0.0276141539026731,0.74043993710174,0.0110317623975718,852.7729096585081,0.741036801874634,0.7999999999999999
0.0009705788,0.028904615,0.00026006208,98772.14,0.9988116,226.72862,14.456075,825.00397,-10.428802,0.10574925,0.0126185933269093,0.7200841345208814,0.0091118062194304,825.1965150988713,0.7202523271040623,0.6698774323920479
0.0006470514,0.06574154,-0.0006470514,115755.75,0.00319117,303.98862,25.066826,118.91287,-27.132338,1.2679913,0.0699687401879555,0.3322260271010782,0.0757155688634459,124.51819217567136,0.3478542871019001,0.6100459102883323
0.00153905,0.045301538,0.0026657272,93558.875,0.26730174,263.65012,3.8817587,265.79388,-5.878643,0.27108225,0.0105728495770518,0.3822554630781681,0.010915484839755,265.8872188345669,0.3825574100845135,2.0520749831783918
-4.1633363999999997e-20,0.06416923,-0.00045,110553.0,0.9995722,235.00313,11.699661,632.7977,-82.45131,0.11409725,0.0118293838582632,0.5422607891631477,0.0706114264291829,638.2538912639084,0.5469667917969698,0.3
-0.0050100614,0.06484307,-0.0013424361,102399.0,1.8578818e-16,298.07962,-30.634926,23.223963,-8.167334,1.1915612,0.0883080323926448,0.0669449539414848,0.0235432347958191,39.300845959322565,0.1132882136320411,3.4578638180467665
0.0035105823,0.05451077,-0.0035105823,89829.336,0.07164979,269.32227,29.7143,-13.8603735,-27.652676,0.6291281,0.0640987774664586,0.0314431549956258,0.0595702258232457,42.89195808086264,0.0929835311945401,3.309808733657956
0.0009626141,0.052713845,0.0016673111,95259.23,0.43699914,257.56714,-2.65996,483.33713,11.1792,0.18859,0.0147725636848798,0.5734716313094572,0.0310185645786766,483.4737129735995,0.5744998624047488,1.2834938790837072
0.0024067922,0.0055446154,-0.000644892,98183.58,6.9931325e-06,321.87524,-9.784331,48.245575,2.9869926,1.05837,0.0271807349344145,0.1334603989026565,0.0083010412052847,49.31825995501708,0.1364528406150745,1.6611287174214255
0.00041642482,0.05293846,0.00025366183,91709.81,0.999894,215.62962,-21.893038,1140.5024,-31.89485,0.103133,0.0195787246089134,1.0199733702448068,0.0285256185314793,1141.1583198553792,1.020559999891464,0.3250667997750489
0.00153905,0.012956923,-0.0026657272,98288.71,0.0013405791,331.02112,-0.690106,62.91041,1.1623074,1.0123352,0.0018781889296914,0.1701925359709376,0.0031805866843303,62.924930601085535,0.1702326144589545,2.0520749831783918
0.0007244437,0.025535384,0.00019411351,99913.016,0.99990386,209.36563,-18.682976,1329.5074,-16.953175,0.115730256,0.0169647960775528,1.2069780765490756,0.0153776190523819,1329.7467391911728,1.207195242180725,0.4999994352148855
0.00019411351,0.022166153,-0.0007244437,94189.69,0.9998683,203.54974,9.986104,1437.04,-14.875913,0.112218,0.0091888115849918,1.3231187540537892,0.0136970513875847,1437.1516888139129,1.3232215539371743,0.4999994352148855
-0.0029004794,0.053163078,-0.0029004794,91545.33,0.77048135,243.23724,10.2330475,88.68443,14.5205965,0.116174996,0.0147711733066017,0.0847514888268293,0.0146674266600882,90.44606740084376,0.087270475099239,2.7345982032425185
0.0004982899,0.050467692,-0.0018596658,93589.04,0.4371099,254.23563,-15.5798235,476.11212,-51.674625,0.19038212,0.022824557533404,0.5698492924777266,0.0615546181008012,479.1615057369239,0.5736184686474947,1.2835107603984124
-0.0022223014,0.012732307,0.0005954578,96463.195,0.0065020462,375.5695,-5.9757476,194.29788,2.2163,0.82192713,0.0145606615240545,0.4783083300447209,0.0054096544542707,194.4023860902003,0.4785604829230077,1.533796090173774
-0.0007924895,0.04417846,0.00045754042,94395.98,0.9992485,220.99374,11.32148,983.077,41.3402,0.10364488,0.0100042370827823,0.8688910240812647,0.0365289742935894,984.0109633405668,0.8697160815182959,0.610057499491838
0.002264169,0.069110766,-0.00392167,103658.625,1.4383422e-36,298.87375,4.913835,22.275925,-8.371266,1.2030175,0.0141456938735275,0.0641270387488913,0.0240989230200008,24.29898564663978,0.0699509531356741,3.0189002301766195
-0.00075,0.024187692,-1.2490008e-19,101083.375,0.9998995,208.6445,-29.816887,1350.8612,19.854324,0.11749225,0.0271120992396834,1.2284359682630153,0.0180517554314707,1351.3360879504803,1.2288677145737177,0.5
-0.0031915514,0.007566154,-0.0018426349,98100.375,8.455892e-06,300.93314,7.73059,3.6381326,4.326435,1.1306013,0.0221773359919409,0.0104306285063543,0.0124123520183405,9.576850754423804,0.027471780527738,2.4568546932603774
0.001007429,0.030027693,0.0037597984,99943.42,0.004589925,305.1905,-1.7049862,78.64364,-5.1005125,1.0708013,0.0081976457165841,0.217413172905845,0.0141170517403827,78.82730693201721,0.2180251827154884,2.5949521253287604
-0.0011019303,0.017673846,-0.0011019303,100269.39,0.6458675,257.13812,-76.86966,632.453,-73.6506,0.15036212,0.0814582726897231,0.6432381379192892,0.0783601633589738,641.3502574396268,0.6530934599772936,1.0389098500332354
-1.3877788e-20,0.0608,-0.00015293711,97634.234,0.99994475,223.56375,-30.343851,952.8505,1.4075648,0.10589275,0.0266502907103528,0.836850628682095,0.0017424766003489,953.3345718489528,0.8372766860156007,0.1019580733333333
0.0030503666,0.06664,-0.0030503666,105031.5,3.6474565e-20,299.755,16.265512,30.9789,-15.735188,1.2153637,0.0467555931594754,0.0890491255352617,0.0452308119007805,38.364765960806906,0.1102799102080381,2.875913210619937
0.00029804165,0.0059938463,-0.00014174538,70389.31,0.99999934,170.034,-488.62488,2012.9187,258.95224,0.09937881,0.4909438077562573,2.032102955130381,0.2604744613522599,2087.499036829891,2.1067309243566417,0.2200207847616693
-0.004313942,0.021941539,1.5224762e-19,98151.17,0.0020612539,308.71463,-2.4359562,29.699175,0.8764764,1.0735987,0.0067961045022731,0.0828718943531629,0.0024556522384358,29.811794464082507,0.0831863458627901,2.8759613333333336
-0.0028192918,0.029353846,-0.0048831706,100327.375,5.592406e-06,298.73862,1.4295454,11.736987,1.7023975,1.1647937,0.0041159351256717,0.0337917503672851,0.0049022216799619,11.945652813339102,0.0343926604414828,3.7590637937450806
1.0156928e-19,0.008913846,0.0010996894,89451.44,0.9956082,207.93774,0.30592594,1207.105,28.3665,0.104772754,0.0037241381231059,1.1029274133552192,0.0279831346013153,1207.4382936357165,1.10328863139131,0.7331262666666666
0.0022223014,0.06282154,-0.0005954578,99714.21,0.9838165,236.64787,135.06192,26.63187,-56.543476,0.10374887,0.1163009226626619,0.0232544240520452,0.0486452530581396,148.82252320111317,0.1281913939984632,1.533796090173774
0.00028127836,0.038787693,-0.00028127836,95711.94,0.99997103,206.40038,-23.314163,1367.7312,-24.843513,0.112437874,0.0213100781522951,1.250160504086398,0.0227080168975078,1368.155468427478,1.2505483035212317,0.2651917810093745
-0.0027523169,0.024636922,-0.0027523169,98838.0,0.010924614,308.73987,-3.055182,59.97009,-4.36588,0.97059965,0.0080485240423961,0.1584173823908779,0.011537195549743,60.2063679342611,0.1590407264319164,2.594909258619116
-0.00035669186,0.056083076,0.001331215,90456.7,0.766896,241.61725,9.110855,564.06836,39.871048,0.11610525,0.0087453471163664,0.5387173074375768,0.0382379369378442,565.5491339402253,0.5401434608048504,0.9187823969714264
0.00023684214,0.01408,-0.0008839167,100173.164,0.998864,212.88513,-20.877287,1149.69,52.52565,0.11423875,0.0188143604804026,1.0360268364029692,0.0473716821224394,1151.078581644365,1.03727993433525,0.6100648168910395
0.0018984762,0.046873845,-0.0018984762,92514.05,0.28012225,264.9731,11.590547,339.26312,0.20773908,0.25671887,0.0193134955326114,0.4764046468469184,0.0081094970389252,339.46111489744885,0.4768649311799407,1.7899005265883576
0.0012849732,0.048446152,0.004795607,91955.39,0.025329253,282.76413,-5.846389,11.064226,7.1432595,0.86071426,0.0141136289297344,0.0290263112724951,0.0205343706455061,14.409147011629011,0.0382541716086106,3.309850793761437
1.5513156999999998e-19,0.069110766,0.0036853154,104292.625,8.569330300000001e-32,299.27924,0.13250251,25.309263,9.07538,1.2087338,0.0034709054105035,0.072809955887311,0.0261081782961642,26.88752262040379,0.0774272163688268,2.456876933333333
0.0012458276,0.014978462,0.0021578514,97665.61,0.0023623975,371.07687,-0.39571837,171.337,-0.67550564,0.88539267,0.0028228874707259,0.4356177352973117,0.0039225854079359,171.33878857368526,0.4356445416569725,1.6611119533351038
0.00035669186,0.03362154,0.001331215,103797.79,0.95567024,240.87712,40.57265,668.217,53.5709,0.109192,0.0350914103634682,0.5774708691503799,0.0465154617578063,671.5876267054304,0.5804030495966871,0.9187823969714264
0.0016673111,0.06731384,-0.0009626141,108840.625,4.4878557e-13,302.139,14.019287,49.256374,-7.37394,1.2495012,0.0401387286859428,0.1410267492299551,0.0211123579162073,51.7407554906173,0.1481397758729046,1.2834938790837072
0.00041642482,0.012732307,-0.00025366183,75440.14,0.99997586,178.91925,1.8405501,1872.6462,-5.5943103,0.10220185,0.0172314784937498,1.8387939653464904,0.0132056506594286,1872.6554606512227,1.8389221190836469,0.3250667997750489
-0.0026849245,0.030476922,1.8747665e-19,99548.86,0.0483928,311.7815,-13.493661,192.43463,5.2338924,0.6750545,0.0292620829354698,0.4223402943561245,0.0114398561900472,192.97813176646363,0.423507336470325,1.7899496666666668
-0.0006890677,0.058104616,0.0011935149,92956.83,0.8913479,238.83337,-25.626625,546.5495,49.236786,0.10505737,0.022907410879147,0.4898399391537444,0.044122230311309,549.3608476718653,0.4923562599083861,0.9187653821431114
-0.0007244437,0.067987695,-0.00019411351,108007.375,5.412772e-14,301.61963,-3.9686112,45.4986,-0.8894073,1.2420738,0.0113723732995786,0.1303808814646614,0.0025486731555743,45.680012282858016,0.1309007290308995,0.4999994352148855
0.0013424391,0.019695384,-0.0023251872,96653.36,0.005832919,366.1844,0.8994624,166.27437,-3.459144,0.8497217,0.0066416640767678,0.4165337322942349,0.0133306186913431,166.31278011240943,0.416799912710365,1.7899271558427734
-0.00044156975,0.014753846,0.0001279371,116258.75,0.99996525,200.58376,-54.724476,1643.0988,12.791593,0.1405185,0.050779354724122,1.5235545040708869,0.0118835860405591,1644.059627777044,1.524446814211,0.3064867194305833
0.0014401756,0.015427692,0.0024944716,97934.6,0.0023013062,347.14362,-2.2359862,118.84937,-2.29334,0.949932,0.0058837941779351,0.3122649329750897,0.0060428647356179,118.8925220190029,0.3123788142849616,1.9202423830851167
1.5183822e-19,0.008015385,0.0013781823,99639.21,0.74653065,250.26775,-0.68492484,750.2054,168.63525,0.13055125,0.0247278825699759,0.7158686819050861,0.1659653069638386,768.9255223061327,0.7352713247669334,0.9187882
0.004795607,0.041033845,0.0012849732,94475.914,0.010301711,290.673,-1.1461884,15.824412,3.0131826,0.9958366,0.0069891112579912,0.0431335995955947,0.0081693489466706,16.149459197601058,0.0444532715608439,3.309850793761437
0.0010559278,0.0073415386,-0.0018289352,98215.27,0.0012749882,381.2765,5.2594986,175.83963,-7.312675,0.8795757,0.0132187141258264,0.4435178669900265,0.0183633429982051,176.07019344487563,0.4440946353071526,1.407912163392128
0.0017402662,0.015876923,0.0030142437,97365.11,0.0014906998,321.93964,-5.41556,54.00074,-8.47303,1.02882,0.0148601106078931,0.1481722184792565,0.0232852874822919,54.92904921844269,0.1507250272167045,2.3203631449363105
0.0017618468,0.023963077,-0.0017618468,98146.56,0.014049288,349.06726,2.4014676,189.829,-2.7485502,0.82216847,0.0089742560572059,0.4639009844599318,0.0108948655141388,189.8640851131034,0.4641156738887896,1.6610850929224252
-0.0009523381,0.060126156,0.0005498259,97021.57,0.9945871,232.8375,-40.396362,612.26575,9.241487,0.101544,0.0348456924059534,0.5282644445042388,0.0079691595993154,613.6665379241961,0.529472429037945,0.7331079584049207
-0.0015386239,0.0013214605,-0.00040611275,98235.836,9.728896e-08,296.3614,7.100434,13.910237,1.8244427,1.149745,0.0205272777883265,0.0402156569320043,0.0052744094379349,15.723849641551151,0.0454586360419091,1.0608782674670545
0.002372638,0.01655077,-0.0041095437,97569.734,1.9478157e-05,300.65225,-4.2734337,4.4611826,7.233366,1.1253762,0.0122625444281917,0.0127960654390381,0.0207574445477405,9.51241133828823,0.0272943362389716,3.1635254947783733
-1.3285194e-19,0.06686462,-0.0024917016,108424.875,1.7225776e-12,301.884,0.41432497,49.099186,-21.911287,1.2457825,0.0085013529245651,0.1406369975941807,0.0627615299922361,53.7680781601847,0.1542402273754157,1.6611344
0.00074549386,0.058104616,-0.0027822433,94069.77,0.3223439,264.73062,14.144309,279.187,-42.465576,0.23336488,0.0189010084413054,0.3707321573386428,0.0562637076910802,282.7521310107128,0.3754533065618277,1.920259111647012
0.0024067922,0.048895385,0.000644892,91124.23,0.2962585,263.1114,60.3293,393.8394,9.274513,0.24669625,0.0818626127339579,0.544424623096469,0.013275298388834,398.5412325246124,0.5507049038683738,1.6611287174214255
-0.0012849732,0.021492308,-0.004795607,98360.766,6.251324e-05,300.03537,-0.24306579,9.041868,-0.95002675,1.1361825,0.0008167026954149,0.0259583167395044,0.0027283595576312,9.09488915454212,0.0261140796720246,3.309850793761437
0.004299605,0.059676923,-0.00248237,96485.336,0.0019351435,292.1049,51.446373,0.08205276,-30.419462,1.1172438,0.1478803567556742,0.0065059857894494,0.087436215962046,59.76687791645132,0.1719186424650902,3.3098347708290348
0.0008703744,0.05204,0.0015075472,89071.8,0.360048,256.4105,-8.867694,499.00626,15.677784,0.20823488,0.0117021356234591,0.6441541146511504,0.0257710015195394,499.33122917279655,0.6447756260277503,1.160507581746156
0.0039870623,0.015427692,-0.0039870623,98114.914,4.540388e-08,296.39737,-5.223216,-0.7624299,5.0626426,1.1481925,0.0150991439141529,0.0022043395715488,0.0146346838623154,7.313934292185347,0.021142782022168,3.759038385790977
-0.0009705788,0.04507692,0.00026006208,94498.83,0.9974879,225.01288,7.7950215,858.67523,29.385124,0.10206887,0.0071789806810215,0.752704673690892,0.0257548375000958,859.2132438971329,0.7531793778472609,0.6698774323920479
0.002838977,0.028006153,-0.0016390758,99333.04,0.024673201,308.65512,8.709195,105.78399,-2.4840074,0.843482,0.0213891574539635,0.259637457250209,0.006137153817038,106.17096076908874,0.2605892743781265,2.185442735178454
-0.004491879,0.030252308,0.0025933797,99966.31,0.00014957842,300.35126,4.4182014,19.350937,-3.1215649,1.152165,0.0126772629576815,0.0555064272725016,0.0089547042883475,20.09287022338628,0.057635606993832,3.4578474498201968
0.0018426349,0.026658462,-0.0031915514,97647.35,0.009147191,310.57712,2.6938837,71.65645,-2.412277,0.97407275,0.0071040598125504,0.1908570846190654,0.0071186066275325,71.74763352415434,0.1911218694326395,2.4568546932603774
0.0011165227,0.0050953845,0.0041669416,98075.92,4.2204427e-08,296.22775,-2.9547513,-1.3678763,-11.051912,1.14839,0.0085439793000771,0.0039552956923244,0.0319574523284066,11.52156237984664,0.0333155024818213,2.8759558980875943
-0.0024723287,0.00045,-0.0006716765,98103.67,2.8834093e-11,295.96948,10.75295,2.8281324,2.8227177,1.14972,0.0311067390380994,0.0081813368141997,0.008165641279563,11.47135570838613,0.0331849541683923,1.7079628569336225
-0.0013496222,0.0030738462,0.0007791963,96457.58,0.020955017,303.21924,-32.389027,95.23789,19.222702,0.90890175,0.0849163168570381,0.2394693080055746,0.0503753158238725,102.4149258352494,0.2590251006940998,1.0389368404857235
0.0012281717,0.06237231,-0.0045836214,99743.94,1.4666446e-06,296.3755,13.770479,14.1993,-48.993137,1.1673187,0.0398092283062186,0.0410475868671094,0.1416312796438971,52.835345039851966,0.1527386605267877,3.163541676540452
-0.0013781823,0.047323078,1.5183822e-19,94617.336,0.98195076,235.4435,7.6377225,605.5336,-7.5643864,0.09911852,0.0136138409242297,0.5226391681122338,0.0073580831942392,605.6290081192903,0.5228682224978406,0.9187882
-2.0375435e-19,0.046424616,-0.005186804,94486.23,0.011132735,288.22375,-3.2354472,11.331383,-2.9709082,0.9952525,0.0087128434549295,0.0309106802654936,0.0094842163126228,12.152968970975945,0.0334863278758705,3.457869333333333
-0.0029342247,0.050243076,0.00508224,92896.5,0.0006607729,290.7515,-0.12628688,-14.780313,4.3168664,1.0985775,0.0016157644665086,0.0429540542073157,0.0125215974774855,15.39834199741901,0.0447711053140797,3.912307532088964
-0.0023251872,0.009138461,0.0013424391,98751.586,0.00014153207,342.78912,-0.052360736,82.38943,0.043238938,0.99793315,0.0027638168896344,0.2207455909111003,0.0016274125441697,82.3894579844857,0.2207688906120588,1.7899271558427734
-0.004745321,0.053612307,1.5026859e-19,95545.44,0.3496305,254.89424,-102.61897,-33.8534,4.65121,0.2628445,0.1354582762995319,0.0475302521712486,0.0163481588752267,108.15886209592352,0.1444829809635462,3.1635473333333333
0.00014174538,0.05788,0.00029804165,93675.195,0.9999656,218.59476,0.10382499,1048.9924,53.090626,0.10390625,0.0013662222147349,0.9316934825461668,0.0471533696849242,1050.3350325522142,0.932886945055395,0.2200207847616693
0.00015012702,0.057655383,0.00015012702,93103.55,0.9999729,217.727,-0.6859575,1069.165,51.12345,0.103682876,0.0021037087668907,0.9514939280766498,0.0454961152625225,1070.386787522433,0.9525833387485262,0.1415411118417712
-1.4617036e-19,0.014753846,-0.0056386283,98148.54,2.6060059e-08,296.3796,-0.08598487,-0.52480775,7.4229827,1.1486537,0.002765824926993,0.0015173725272642,0.0214585743776551,7.442008380593795,0.0216892282304979,3.759085533333333
-0.0009151009,0.018796923,-1.7975756e-20,96504.875,0.9995396,212.0145,-40.208336,1191.35,-3.3463812,0.11043475,0.0363337583703751,1.0753113385162751,0.0064927983263228,1192.0330243122564,1.0759445957711236,0.6100672666666667
-0.00544649,0.00824,0.0014593768,98215.06,1.4757096e-09,296.0996,6.1801076,-1.8429224,-1.5000288,1.1505188,0.0178741737005811,0.0053301096388592,0.0043384932835812,6.621191684344214,0.0191499002141651,3.7590799089658
-0.0015075472,0.054735385,-0.0008703744,88869.54,0.59605414,245.38837,-25.681017,536.93353,-1.9245,0.14087762,0.0304145898882893,0.5704014333187789,0.0069846137914229,537.5507733904446,0.5712544330156271,1.160507581746156
-0.002372638,0.042606153,0.0041095437,95510.08,0.028759288,285.0405,-1.6866388,26.06085,1.2188705,0.8506811,0.0196588850340293,0.0652470724529737,0.0081395209294839,26.14380038288113,0.068628740520472,3.1635254947783733
0.0010616601,0.05451077,-0.0039621918,90257.914,0.57838726,245.37062,-6.561003,74.34625,20.727686,0.14803837,0.0076574870626217,0.0811948084243528,0.027147744128506,77.45998074065798,0.0859548371788836,2.734640827760201
-0.0024944716,0.023289232,0.0014401756,98208.914,0.017237226,341.8945,-7.748516,150.66275,3.5618439,0.8107728,0.0188463632439947,0.3657363126319132,0.0086672911393716,150.90391137983374,0.3663241156691813,1.9202423830851167
1.5126382999999998e-19,0.03699077,0.0045283833,96511.55,0.030178012,289.73276,0.80063784,37.894524,-4.517445,0.8377196,0.0025723320688671,0.0934682149696505,0.0197549394538496,38.1712362842159,0.0955676814342096,3.0189222
-0.0008703744,0.06461846,0.0015075472,106712.0,0.11687081,271.3675,-94.39256,126.98659,149.96906,0.66811025,0.1806343774002996,0.2423560174271239,0.2871478104440292,218.00520264540776,0.416916157668098,1.160507581746156
0.00021488206,0.06551693,0.0008019567,116685.75,0.017928299,295.93924,9.103868,147.2065,53.766823,1.121716,0.023514861585784,0.3822939662598166,0.1389904394299273,156.98250001297836,0.4074554792943453,0.5534975051172251
-0.0021119022,0.06753846,1.6234991999999998e-19,107374.625,3.2263811e-15,301.227,-13.558262,43.67776,0.3230775,1.2364075,0.0388780126708635,0.1252449967729343,0.0053037363825115,45.73486160632008,0.1312476236184995,1.4079348
-0.0023728441,0.0021034353,0.004115465,98202.75,7.863548e-13,295.4725,4.875849,0.54824036,-8.477795,1.1528175,0.0141169794278888,0.001587309774495,0.0245456177610216,9.795278404678395,0.0283601130420494,3.167013404815318
0.00045754042,0.0030738462,-0.0007924895,82988.54,1.0003545,178.19525,400.2726,1779.6388,-698.4109,0.112469874,0.3969103788657211,1.757775997179624,0.6916096680438132,1953.2307078312613,1.93019124390404,0.610057499491838
0.0026058601,0.011384616,0.0026058601,98100.64,7.2311326e-05,306.988,-3.5919576,16.007662,-3.8064914,1.1074076,0.0101973682563822,0.045421006993287,0.0108062508450259,16.841519494532424,0.0477894261627624,2.45682846337794
-0.0018984762,0.018347692,-0.0018984762,97381.17,0.004601221,368.75177,-1.2063266,167.61388,-3.7174988,0.86321425,0.0050085173409588,0.4216319953133686,0.0095972235190161,167.6594399067594,0.4217709466252519,1.7899005265883576
0.000796675,0.013855385,-0.002973254,98291.0,0.0010736024,333.163,-0.4269018,70.64458,2.7571163,1.0093683,0.0015876923681065,0.1908853018038868,0.0074948273945848,70.69965076869171,0.1910389793981618,2.0520916596531995
0.0033619737,0.01116,0.0009008322,97638.15,0.00013519316,310.74088,-5.368206,21.54185,-1.7239332,1.0879976,0.0151475265976859,0.0607117435553776,0.0048657420946269,22.267484877259896,0.0627617623533068,2.32037983596063
0.0024944716,0.053163078,-0.0014401756,90785.48,0.333894,261.6445,-26.378584,346.9025,-3.266259,0.22340012,0.0344836960551091,0.4600761780496985,0.0089086390357288,347.91930479343927,0.4614526831126978,1.9202423830851167
0.002050962,0.007566154,-0.0035523847,98093.016,2.0454374e-06,298.444,-4.010056,-0.47903535,7.5298963,1.1400362,0.0115522519329919,0.0017443493108877,0.021691884537755,8.544551613656466,0.0246380830025593,2.7346242628142687
0.00014174538,0.028006153,0.00029804165,96491.8,0.99998677,201.03275,-0.34025913,1534.645,-36.6973,0.11637913,0.0024792515849992,1.421357025868695,0.0339890274027835,1535.0837383115509,1.421765520632186,0.2200207847616693
-0.0022223014,0.047772307,-0.0005954578,89206.125,0.20255674,270.9685,-10.968167,404.95837,9.684188,0.30929527,0.0173201570161435,0.6363171471322313,0.0440162377450426,405.22261242139007,0.6380728240246514,1.533796090173774
-0.001331215,0.04170769,-0.00035669186,94786.125,0.9865306,233.30374,-3.9772854,729.0261,13.808244,0.09976178,0.0035962882030661,0.6307389241707155,0.0119482349776778,729.1677042236078,0.6308623336925046,0.9187823969714264
-0.0011503282,0.047772307,0.0019924412,92478.69,0.24916975,264.93338,-2.4850779,417.5665,12.511137,0.28104788,0.008711523086249,0.6137104751143274,0.019419532893602,417.7612788225494,0.6140794379861139,1.533779196505254
0.0010559278,0.036766153,0.0018289352,90542.25,0.095397785,289.64676,-5.631514,363.6751,6.372437,0.47914076,0.0278085272703347,0.7057063264353751,0.0579463623490263,363.7745184358865,0.7086272040144534,1.407912163392128
-0.0025934312,0.051141538,-0.00069490174,89387.9,0.32155964,261.09238,-3.8103428,361.77786,12.569658,0.2255285,0.0254912327847987,0.4856812062482666,0.0301875667711173,362.0162082016081,0.4872856721054096,1.7899439863847344
0.00074549386,0.034070767,0.0027822433,96897.23,0.07174801,292.29413,-11.914498,186.69987,-16.879728,0.5913718,0.0245100394454151,0.3900391077552145,0.034764836494032,187.83961759427348,0.3923516808534868,1.920259111647012
-0.00050239643,0.020369232,0.00087018503,95923.17,0.99874437,220.4665,-1.69818,1025.4747,-20.170774,0.10563225,0.0045650016505064,0.9078652508132496,0.017901672317327,1025.6744631115475,0.9080532047991632,0.6698670379885004
-0.0036853154,0.065292306,1.5513156999999998e-19,105068.625,5.5603504e-11,299.79474,-38.811237,39.038113,0.36659002,1.2156351,0.1115561293697997,0.1122076658854538,0.0146958114559756,55.04925769085085,0.1589065673840534,2.456876933333333
0.0009626141,0.014304616,-0.0016673111,100141.375,0.086240165,335.41913,20.361376,315.14426,-27.778137,0.52803737,0.0375994286643503,0.5956087333350464,0.0518275448021847,317.0206856638092,0.5990405450894675,1.2834938790837072
-0.00071900955,0.010486154,-0.0004151182,104124.0,0.99917114,204.02824,100.42632,1360.01,58.72726,0.123853125,0.0925462866463836,1.251536307454209,0.0541066549953852,1364.9767532510764,1.2561192117641304,0.5534930905771464
0.0012308755,0.06619077,-0.0012308755,112242.75,2.4475512e-06,304.177,22.399826,74.08509,-21.75965,1.2798837,0.063916633629087,0.2113985542549437,0.0620908606946537,80.397979659074,0.2294122049441969,1.160480550461843
-1.6320611e-19,0.034070767,-0.0019252748,92748.484,0.15490988,276.98862,-20.238043,347.24838,4.463961,0.3829305,0.0334062630624557,0.5932653603163138,0.0358836979292629,347.8662713528056,0.5952876665446062,1.2835165333333334
-0.004491879,0.065292306,0.0025933797,102862.75,1.8582164e-18,298.375,-24.577875,24.265324,14.447375,1.195775,0.0708129627143496,0.0699121901070207,0.0416253127374031,37.43800919828972,0.1078649928124536,3.4578474498201968
0.0015075472,0.008015385,-0.0008703744,99976.83,0.11731043,333.8341,77.55698,368.9236,-50.36965,0.466414,0.1298380630645402,0.6447084174990922,0.0846334090469481,380.33775703288114,0.663075923361302,1.160507581746156
-0.0011503282,0.011833847,0.0019924412,98028.164,0.0033333497,386.32837,-4.5458426,200.37663,7.421966,0.8437514,0.01119495016279,0.4958135796583298,0.0182676397082234,200.56556063892432,0.4962762732019976,1.533779196505254
-0.004795607,0.02239077,-0.0012849732,98459.6,6.070715e-05,299.951,-1.4391766,9.870425,-0.43660986,1.1376687,0.0041333436384685,0.0283429035969975,0.00125429818487,9.984345103033135,0.0286701583162515,3.309850793761437
-1.8747665e-19,0.032273848,-0.0026849245,100252.52,0.06976095,292.56638,-0.300306,200.34775,6.951419,0.6165345,0.0057289190217424,0.4192667337475413,0.0173848515832807,200.46853453814063,0.419666114435109,1.7899496666666668
0.004491879,0.05653231,0.0025933797,91745.77,0.022792961,280.49826,41.905212,-21.753113,24.141613,0.8856821,0.1085801440069471,0.0581972961250244,0.0615315979095827,53.02888077451269,0.1377051578196681,3.4578474498201968
0.004491879,0.05990154,-0.0025933797,97015.414,0.00023926792,294.13037,46.65391,0.37517554,-27.334562,1.14045,0.135163582580735,0.0043843732060846,0.0791967873688982,54.07315743236896,0.1567180522914443,3.4578474498201968
-0.00031432978,0.056083076,0.0005329707,90317.42,0.99965715,221.49725,5.7593164,980.851,25.348362,0.09890195,0.0050806044514717,0.865688924064046,0.0223626455685281,981.1953900128548,0.8659926175814557,0.4125050721052952
0.0035105823,0.042156924,0.0035105823,94659.35,0.012570307,290.14038,0.22583535,16.695162,2.8436444,0.97366023,0.0030920444167502,0.0449659773600975,0.0088008906057271,16.93711159806196,0.0459233658835884,3.309808733657956
-0.00392167,0.039686155,-0.002264169,95143.0,0.062095013,281.46423,-9.21233,44.03119,0.65136003,0.6620721,0.0398528475666621,0.0971034206525166,0.0283532673757448,44.989298580147725,0.1087254870417772,3.0189002301766195
-0.0003036618,0.038113847,2.8622937e-20,96107.92,0.9999576,205.69,-29.449688,1370.7424,-27.879038,0.11329438,0.0269654939264388,1.2550815214369746,0.0255263046025251,1371.3421352969735,1.255630660481779,0.2024412
-0.0014593768,0.018796923,-0.00544649,97776.95,4.3318317e-07,296.41376,0.7812325,-1.9885362,3.0368862,1.1441687,0.0022582981947349,0.0057487519237575,0.0087787202729326,3.713122436645085,0.0107337779484972,3.7590799089658
0.0013496222,0.06214769,-0.0007791963,98492.06,0.90901774,242.50175,11.550319,369.34888,-10.182785,0.10761975,0.0101819248402332,0.3256995688438074,0.0089697986764489,369.6697095200152,0.3259821130473115,1.0389368404857235
0.0037359586,0.011384616,-0.0021569484,98480.64,1.6182914e-06,299.86426,-4.531685,4.9334164,2.5545137,1.13913,0.0130239882581165,0.0141751949677281,0.0073417817953667,7.169400711252068,0.0206024800073058,2.875939503395293
0.0014593768,0.021941539,0.00544649,98562.8,6.564293e-07,297.3075,0.45293024,1.274034,1.6554787,1.1498924,0.0013073417951738,0.0036760916448184,0.0047781569575523,2.1375027863411424,0.0061687580809687,3.7590799089658
0.00083024846,0.029353846,7.986765e-20,100192.75,0.99980724,217.87312,15.606151,1135.9663,-18.325413,0.11153263,0.0138845700599993,1.0110369767108065,0.0163212955429388,1136.221284542032,1.011264027962272,0.5534989733333333
0.004491879,0.01116,-0.0025933797,98080.17,1.7892907e-08,296.5525,-5.33888,0.110344,3.0002637,1.1471838,0.0154295375295135,0.0008169712142129,0.0086708230764746,6.125144710312866,0.0177178227545893,3.4578474498201968
0.0006890677,0.018796923,-0.0011935149,100034.29,0.89586085,241.47037,37.04935,746.1002,-60.780888,0.11181988,0.0334192704964947,0.6639959985978152,0.0547052391271415,749.4881447504897,0.6670833508508404,0.9187653821431114
-0.0014593768,0.04170769,0.00544649,94732.27,0.0010278237,293.49826,1.2574294,-1.111677,-3.3922174,1.1045024,0.0036291092366847,0.0054944757299151,0.0097983760306932,3.7847183960205175,0.011805416987014,3.7590799089658
0.000644892,0.024412308,0.0024067922,102618.65,0.054392487,325.3744,6.965454,210.76488,35.308613,0.64997613,0.0149903171707513,0.4462117815411042,0.0752296805641973,213.8154586151906,0.4527572952838606,1.6611287174214255
-0.00035669186,0.026658462,-0.001331215,97741.5,0.971716,238.73912,14.953649,786.86584,-60.643314,0.10199885,0.0128806085968505,0.6778296214848105,0.0522656253751279,789.3409107034954,0.6799636765562702,0.9187823969714264
-0.0038263933,0.052264616,-0.0038263933,92436.64,0.011573226,282.0789,-13.701127,-15.819799,-13.340151,0.9888405,0.0377240241977931,0.0437955046345222,0.0367132399348569,24.81827049117909,0.0684763478464097,3.607558199889029
-1.8747665e-19,0.009138461,-0.0026849245,98149.15,0.00017046963,342.51324,0.33323008,81.82634,2.4734826,0.99226415,0.0008974521621512,0.2192824113974254,0.0066748075690515,81.86439443527522,0.2193858118127445,1.7899496666666668
-0.0001279371,0.030926153,-0.00044156975,102643.75,0.99998873,206.28412,9.397291,1449.0587,2.129257,0.1206475,0.0085931523274493,1.3248945642959382,0.0019804330198624,1449.090735205771,1.3249239113559663,0.3064867194305833
0.0035523847,0.004196923,-0.002050962,98076.086,4.3084526e-08,295.939,-11.18675,-0.15898445,6.569186,1.149515,0.0323631360362858,0.0005528615510618,0.0190046810240182,12.973929871879138,0.037534732326506,2.7346242628142687
-0.0035105823,0.0024,-0.0035105823,98171.5,1.4926617e-12,295.44638,6.782691,0.47547638,6.7785473,1.1525538,0.0196386848699658,0.0013766977930165,0.0196266906574162,9.6010248665315,0.0277989249144104,3.309808733657956
0.0027993415,0.0017471564,-0.000746372,98101.45,8.3817266e-11,295.68726,-13.528825,5.186291,3.5714712,1.1507925,0.039155561863228,0.0150102738177838,0.0103366629278353,14.922537543921122,0.0431892688684771,1.9314225035226984
0.0026849245,0.04956923,-1.8747665e-19,91467.02,0.2409805,268.22327,29.173637,370.56335,-7.9767466,0.28137413,0.0430221821239502,0.5481900632850577,0.0117216603806679,371.7955432026464,0.5500005917826468,1.7899496666666668
-1.0156928e-19,0.027781539,-0.0010996894,98041.484,0.9994885,226.0545,-1.1748688,929.2766,-45.65771,0.10521887,0.0012651853266318,0.8120821469977555,0.0398818323934565,930.3983050858924,0.8130618517194461,0.7331262666666666
0.0013613222,0.014304616,-0.0013613222,99230.3,0.07431844,337.2336,15.670344,306.827,-13.665814,0.5505617,0.0299298229671448,0.5950197315388889,0.0270780823318371,307.53068478179694,0.5963870368864717,1.283466878666386
-0.0009523381,0.005769231,-0.0005498259,92456.64,0.992538,208.8305,164.94376,1241.765,89.48018,0.10819188,0.1504489307514578,1.1340465065200798,0.0816213287625314,1255.8636318489243,1.146890753744059,0.7331079584049207
-0.00031432978,0.060575385,-0.0005329707,97016.98,0.998879,227.2905,-35.039364,862.4116,4.4650064,0.10360287,0.0305382637480831,0.7516194552316362,0.0038914161372996,863.1346714888915,0.7522496488234492,0.4125050721052952
-0.0009008322,0.008464616,-0.0033619737,98014.48,9.079711e-05,305.55,2.4445162,11.314861,6.767475,1.11135,0.006957488684627,0.0321707725207689,0.0192588052714917,13.408969266017744,0.0381348506469477,2.32037983596063
-0.0005498259,0.031375386,0.0009523381,99258.52,0.997712,231.03886,19.001625,676.88586,19.974398,0.10439175,0.0164305889459882,0.5854692126772515,0.017286042944358,677.4470501788628,0.5859547512621661,0.7331079584049207
-0.00016102531,0.031824615,0.0005830067,98361.08,0.99992,211.28725,16.07765,1306.9988,25.4489,0.11289275,0.0145181986927355,1.1810616256979514,0.0230022047724769,1307.34540215743,1.1813748106396904,0.4032236559999844
-4.0129963e-20,0.054735385,-0.0010048215,91383.21,0.9998264,224.06175,2.7361233,885.44226,-22.176275,0.09890844,0.0043050454670473,0.776989130989876,0.019455830561044,885.724149686287,0.7772446027060568,0.6698810000000001
-0.0016673111,0.004196923,-0.0009626141,95446.08,0.0072823204,336.23212,-8.721638,140.4632,-5.399923,0.90591925,0.0296410160832197,0.3602951385420553,0.0181653028391442,140.83727025205002,0.3619684446450026,1.2834938790837072
-0.00410197,0.06753846,1.5322009e-19,104974.625,3.4026755e-23,299.71637,-16.597725,30.033987,0.027973771,1.2148638,0.0477136564332736,0.0863388792240567,0.0064006516268049,34.315093367549764,0.0988532418140469,2.7346466666666664
-0.0041669416,0.026883077,0.0011165227,98165.65,0.0008556439,303.0795,-0.1296897,35.959225,0.4493954,1.1108812,0.0014296748917981,0.1021602241317543,0.002361750277738,35.96226686743277,0.1021975206613198,2.8759558980875943
-0.0016814725,0.038787693,-0.0004505431,97260.71,0.7216801,247.08788,-94.33276,585.01276,-21.257359,0.13278662,0.0927433887927252,0.5702663751993038,0.0216239391505759,592.9506507996176,0.5781631859536713,1.1605245659162278
0.0004982899,0.050467692,0.0018596658,89012.55,0.3141165,257.20825,6.9372754,490.71375,57.664413,0.23438488,0.0119363648182711,0.6689548749162023,0.0773886068624631,494.1389427637459,0.6735221584709293,1.2835107603984124
-0.0046863924,0.06956,0.002705682,103337.5,1.29e-43,298.66687,-7.674069,19.77155,4.5095277,1.20012,0.0220995208087416,0.0569372782960117,0.0129862884641677,21.682743472548125,0.0624410615525397,3.607583913671109
-0.00023684214,0.045975383,-0.0008839167,93692.5,0.9987651,225.33337,33.20745,877.0036,8.219907,0.100935,0.0290631268869934,0.7678026046523868,0.0071968625996768,877.6705623521568,0.7683861658610972,0.6100648168910395
0.0008703744,0.035193846,0.0015075472,104318.42,0.82231724,244.1515,21.58538,515.5345,66.02941,0.12509012,0.0251143376146816,0.4746811123495745,0.0617094920621834,520.1938410870918,0.4793338604624403,1.160507581746156
-0.0030142437,0.04912,0.0017402662,94808.54,0.6008901,247.93475,20.255108,186.27863,-24.40473,0.14757775,0.0217888099986388,0.1962350938446017,0.0257383692616327,188.9592237524844,0.1991115967230552,2.3203631449363105
1.5126382999999998e-19,0.052489232,0.0045283833,92729.35,0.43949875,247.55562,9.464671,17.78905,53.084396,0.19264062,0.01462578125796,0.022377224435575,0.0675345136190126,56.780132050969705,0.0726330791072661,3.0189222
0.004149602,0.02823077,0.004149602,99587.92,3.2393865e-07,297.43137,-0.5597565,8.519428,-1.279999,1.1613725,0.0016152674111113,0.0245843318996408,0.0036935933525069,8.633213667370757,0.0249126693795501,3.912282284567013
-0.0043740757,0.058329232,-0.0011720242,100323.05,0.29941276,255.93425,-141.98094,-23.698462,-37.686188,0.32068887,0.1977201948566688,0.0351512331213309,0.0525532297691063,148.79668407064852,0.2075830595286467,3.018916579372005
-0.001400568,0.04328,0.0052270126,94615.73,0.003384085,292.1995,0.19147047,4.039152,-1.288085,1.0752275,0.0045117484401985,0.0114199965579883,0.0097991730697347,4.243886519125013,0.0157097418254633,3.607600091361616
-0.00153905,0.025984615,0.0026657272,100787.75,0.03652665,319.07275,-2.741963,132.16162,6.87363,0.7375963,0.0062702356917969,0.3019207659216155,0.0156991387489028,132.36864791745313,0.3023936634716127,2.0520749831783918
-0.005186804,0.069335386,2.0375435e-19,103348.0,7.98e-42,298.67386,-9.27349,20.39475,-0.014367521,1.2002138,0.0267051169188711,0.0587312482966698,0.0035551536323234,22.40409897247063,0.0646154928286171,3.457869333333333
-0.0018289352,0.021267692,0.0010559278,95904.56,0.051137336,326.9654,-9.237194,249.06187,10.989266,0.6315638,0.0192408537746452,0.5311047561084957,0.023428511195954,249.4752589097951,0.5319693295218259,1.407912163392128
0.0019924412,0.042156924,-0.0011503282,95290.86,0.22344963,269.67474,1.8237075,362.78537,30.580084,0.3094079,0.0334799965956766,0.5510070196043988,0.0459469372773225,364.0764921448919,0.5539320959021377,1.533779196505254
0.002050962,0.034295384,0.0035523847,98996.734,0.020188175,297.75626,-7.166825,66.70964,-6.5865264,0.9124744,0.0183296215476899,0.1704095110178787,0.0168783502365839,67.41603503268433,0.1722215293688418,2.7346242628142687
0.0015075472,0.03452,0.0008703744,100193.96,0.8351066,240.89462,35.125988,547.3638,22.484287,0.11962412,0.0321480893279116,0.5030263546695574,0.0205857562979025,548.9503691093709,0.5044727807344369,1.160507581746156
0.004795607,0.05743077,0.0012849732,93214.75,0.045017023,276.43887,65.12581,-14.9869585,13.936756,0.758974,0.1546589400732684,0.0369668605970838,0.0339358195814585,68.26575437977931,0.16259636028416,3.309850793761437
-0.0032781975,0.04238154,1.5699931e-19,97036.39,0.372272,255.04688,31.297087,224.59787,22.482882,0.22349362,0.0401194030614848,0.2877173769526871,0.0308625085051633,227.87977278874135,0.2921358415767839,2.185465
-0.0021119022,0.03452,1.7622771e-19,92559.21,0.1105735,285.28775,-37.0264,301.67365,-14.189362,0.46709174,0.0684112311903463,0.568579545417751,0.0260300260096868,304.268439696347,0.5732716269575012,1.4079348
0.0007469668,0.0013256546,-0.002817889,98149.23,1.338071e-11,295.70026,-3.2661026,3.8747413,12.03455,1.1513,0.0094526509239099,0.0112141134221809,0.0348300325410868,13.058002911553988,0.0377920641953836,1.9434743021052947
0.00014174538,0.06731384,0.00029804165,110490.5,1.5703078e-09,303.1515,1.8138512,59.35701,3.6902225,1.264205,0.0051845817294582,0.1696612336954063,0.0105477183491615,59.49926415020062,0.1700678349045754,0.2200207847616693
0.0005498259,0.011833847,-0.0009523381,96952.15,0.9920632,219.38788,42.758373,925.82635,-68.6608,0.10796288,0.0380801542391429,0.8243743010515518,0.0611401284594005,929.3530084271368,0.8275150764119912,0.7331079584049207
0.0031915514,0.066415384,0.0018426349,106332.75,4.2288697000000006e-16,300.57825,22.69535,37.528526,13.106837,1.2270513,0.0651479872656603,0.1077279206047894,0.0376247631711062,45.773992086115285,0.1313970620915105,2.4568546932603774
-0.00074549386,0.027781539,0.0027822433,99382.3,0.07160503,305.41077,-2.9332802,161.07213,12.35187,0.5817759,0.0062332566649529,0.3283347292189628,0.0248593867920125,161.57166796182278,0.3293334738705066,1.920259111647012
0.0038263933,0.013855385,-0.0038263933,98125.44,6.1477095e-08,296.56638,-5.4111876,0.89944637,5.19036,1.1476575,0.0156378684836752,0.0025989317154651,0.0149997031876454,7.551807197254173,0.0218240342854347,3.607558199889029
-0.0049647847,0.00532,9.37506e-20,98166.875,3.6080912e-09,295.9505,9.239531,-1.1967208,0.06007251,1.1505338,0.0267294126576258,0.0034620163198781,0.0034793012604324,9.316903051957304,0.0271763241679516,3.3098564666666666
0.0010616601,0.06282154,-0.0039621918,100581.625,4.986733e-05,296.802,16.304588,19.285076,-57.564312,1.1746762,0.0470862906430704,0.0556915547833499,0.1662348921904594,62.860192190358944,0.1815288060399346,2.734640827760201
0.0011720242,0.018572308,-0.0043740757,97578.5,0.00019111682,305.10925,-0.6288084,11.943301,2.6481738,1.1065563,0.001937402569035,0.0339549565998848,0.0075363056622144,12.249516858044569,0.0348351619696089,3.018916579372005
-0.0008839167,0.02081846,-0.00023684214,98026.19,0.99957186,215.3365,2.4596853,1147.2512,-9.957123,0.110443376,0.0053355634145944,1.0273310057842246,0.0089194432055274,1147.2970453425094,1.0273835798520796,0.6100648168910395
-0.0009523381,0.05451077,0.0005498259,91381.45,0.75914085,242.73575,-71.4506,674.76764,59.051662,0.1207695,0.069824411479254,0.650871767039533,0.0583211803780311,681.1047313126609,0.6571992587094687,0.7331079584049207
0.002039934,0.059452306,-0.00054659264,97224.516,0.45360988,259.47025,-15.852895,343.80576,-1.607225,0.18538925,0.019043073193632,0.4005708831873982,0.007963362719013,344.1748074180608,0.4011023388612746,1.4079290131187046
0.0016673111,0.03788923,-0.0009626141,96566.96,0.38995513,256.49875,8.928777,456.61026,-17.082912,0.21476337,0.0158400300556564,0.569139937556034,0.0225162344915086,457.0169345641177,0.5698053666728026,1.2834938790837072
0.0023251872,0.03991077,-0.0013424391,92233.19,0.22893113,267.1634,-12.927435,323.3849,30.40478,0.3046744,0.0356271528282607,0.4967326375693106,0.0439225454727533,325.0682432513789,0.4999417938580634,1.7899271558427734
-0.001007429,0.015427692,-0.0037597984,97947.016,0.00042064762,310.75626,2.5835388,27.150826,10.37205,1.0872438,0.0072799859009036,0.0763839819680831,0.0292039481051335,29.179126896051592,0.082099826314951,2.5949521253287604
0.0026058601,0.015876923,-0.0026058601,97842.35,0.001342789,316.50073,-7.6540213,39.672726,6.961115,1.0536,0.02123576291974,0.1098848453219624,0.0193094224773413,40.99958966105825,0.1135715221991123,2.45682846337794
0.0016267902,0.06304616,0.0016267902,103312.875,0.9159262,239.07225,132.53665,48.190037,116.172264,0.11457925,0.1185319404617794,0.0431969624175458,0.1042348301846331,182.71354132129773,0.1636480928558502,1.533752509317093
-0.0013613222,0.023963077,0.0013613222,107058.25,0.44682002,270.46512,-92.55737,440.75513,83.72646,0.21406001,0.1108216519053695,0.5118012101352187,0.1003133486838641,458.0852229299319,0.5331835379595657,1.283466878666386
0.00037499773,0.008464616,-0.0006495165,75367.984,0.9998871,176.32076,84.5494,1829.58,-159.05313,0.10359425,0.0836240878176437,1.8099881369887296,0.1573097388995292,1838.4258145498168,1.8187348344538583,0.4999977694516481
0.0021578514,0.03788923,-0.0012458276,92490.08,0.14545363,280.30838,-8.064762,308.16586,6.335435,0.39234763,0.0383513603026002,0.5364202240409872,0.028141674321668,308.33646458421924,0.5385252430767471,1.6611119533351038
1.7182793999999998e-19,0.021043077,0.0015584395,97692.125,0.611918,258.15326,-1.7081926,665.6671,98.2883,0.15434988,0.0112716686962194,0.6906072503755958,0.1032636842911168,672.8864658033023,0.6983758395591256,1.0389596666666667
0.0009151009,0.030926153,1.7975756e-20,100184.58,0.9997907,222.04762,21.790249,1006.71173,24.305113,0.10942963,0.0192090213291741,0.8876145972814878,0.0214062627296751,1007.2408156885908,0.8880804512495782,0.6100672666666667
-0.00045754042,0.045526154,-0.0007924895,94604.2,0.9987594,225.06212,16.903376,913.0131,8.57624,0.10204,0.0148080681085713,0.7998182700843735,0.0075249679661053,913.2098317387658,0.7999907306867742,0.610057499491838
-0.002050962,0.04709846,-0.0035523847,93245.0,0.395691,249.19626,20.931978,85.65045,-11.732168,0.21054925,0.0314653324544164,0.1088288556164285,0.0332640343967015,88.94824930359906,0.1180689753728443,2.7346242628142687
-0.0037597984,0.020144615,0.001007429,97211.61,0.004488522,322.445,1.3705761,53.69965,0.9599278,0.98705626,0.0036749914851955,0.1443473870254918,0.0026665137453315,53.7257140515564,0.1444187799389588,2.5949521253287604
0.0026058601,0.027556922,-0.0026058601,98788.25,0.008131951,309.79825,2.5655503,75.74951,-0.427324,0.99871325,0.0071859859074938,0.2032708682795685,0.001985234435572,75.79414831887027,0.2034075353578538,2.45682846337794
0.0010392044,0.010935385,0.00059997645,102077.25,0.94114274,235.94037,25.519562,790.57886,14.535691,0.11108775,0.0260529392870372,0.6953927048197601,0.0160428040302475,791.1241800352325,0.6960654718653907,0.799977090098061
0.001159104,0.008464616,0.00031057486,93197.15,0.96594775,222.80563,84.18458,986.1849,21.537413,0.104817376,0.0752146511860924,0.8827390038188119,0.0192526657288918,990.0058386981964,0.8861467473019028,0.7999941184450516
-0.002372638,0.0064430768,-0.0041095437,98142.7,2.686918e-08,296.39026,4.5539074,-2.0625062,7.6492763,1.1485437,0.0131642931806702,0.0059622587664158,0.0221124844518184,9.138021248966044,0.0264160767938059,3.1635254947783733
0.002317984,0.014529231,0.002317984,98567.65,0.0011970317,324.5785,-3.8645,59.671574,-3.7466238,1.0370612,0.0106106345422449,0.1633674542368204,0.0102858557131218,59.91384058618011,0.1640344765497785,2.185416273442557
0.0015075472,0.053836923,0.0008703744,90056.516,0.5279043,250.97299,-23.746637,521.39453,3.7291725,0.1553335,0.0261033118222804,0.5777829662676204,0.0040931559806441,521.9483359589007,0.5783868021687418,1.160507581746156
-0.000375,0.06237231,0.000375,100153.45,0.9999715,227.49066,-0.5995755,882.75366,-1.9577,0.106747665,0.0020547283169217,0.7685617989225083,0.0021067490627438,882.756034430502,0.7685674329966576,0.3535533905932737
1.1544706e-19,0.044627693,0.0010996894,94096.54,0.9901029,227.625,16.24635,768.4921,35.379425,0.10116675,0.0142061765504796,0.6720394238515037,0.0309350543582369,769.4775860049876,0.6729010181675991,0.7331262666666666
-0.0014401756,0.03946154,-0.0024944716,94019.42,0.257505,264.9641,7.4790225,295.92813,-1.5564961,0.2796245,0.0174793861350023,0.4309791506026498,0.0288553833776713,296.0267159952995,0.4322975715218747,1.9202423830851167
0.0020366963,0.03991077,0.0020366963,94055.125,0.3026835,258.70062,-16.85958,272.11624,-20.516489,0.25320187,0.0230860360799801,0.3777537109606005,0.0284648508414161,273.4088876214545,0.3795274416163014,1.9202156865967344
0.0045283833,0.044627693,-1.5126382999999998e-19,94420.086,0.07308943,274.74875,5.840813,35.048973,4.4326515,0.61844975,0.0351335150837768,0.0746766070024039,0.0119533695855999,35.80773665251896,0.0833897029613572,3.0189222
-0.0027523169,0.03317231,-0.0027523169,99400.92,0.056949988,286.19614,9.841957,87.06076,8.949592,0.68762285,0.0216895638519155,0.192906244574402,0.0197382982916819,88.07119419159658,0.1951226711464783,2.594909258619116
-0.0024067922,0.049344614,-0.000644892,88476.35,0.26035738,263.84238,-4.205065,382.1815,5.2066,0.26127663,0.0264617831746609,0.5541989392030281,0.0408391778606033,382.2400949631845,0.5563313119274111,1.6611287174214255
0.0033709237,0.014978462,0.0019461956,98086.46,0.00019071368,308.5514,-8.589139,26.104563,-4.968579,1.0999012,0.0243093162242921,0.0738264696269795,0.0140589036945804,27.926838264678853,0.0789869814967596,2.594935572283576
-0.0009626141,0.057206154,0.0016673111,94915.23,0.7864398,245.52075,-31.056477,477.7445,98.02765,0.11758475,0.0300468623339877,0.4476548590168688,0.092828603909544,488.685719259755,0.4581646390123591,1.2834938790837072
1.4721278e-19,0.03991077,0.0054114084,94938.58,0.0009520531,295.11276,1.3369495,4.7094626,-6.143636,1.10201,0.0043823916324826,0.0135339167233841,0.0176805767272016,7.855618069053829,0.0226930617524919,3.6076056
-1.5183822e-19,0.032273848,-0.0013781823,101992.25,0.9653976,237.18675,34.190525,652.3688,7.5441217,0.10778862,0.0296381662748871,0.5653406972263921,0.00810839055974,653.3077046732573,0.5661751238248024,0.9187882
-0.004491879,0.010486154,-0.0025933797,98017.19,1.8190574e-08,296.499,5.5954137,-0.61123824,3.2126863,1.146655,0.0161723197119424,0.0017668776994959,0.0092856703821664,6.481019975466337,0.0187320435648783,3.4578474498201968
0.0037359586,0.06124923,-0.0021569484,98034.234,0.0016213441,292.75824,53.80221,8.61091,-31.394062,1.1372063,0.154811219518284,0.0247774183395356,0.0903305923754873,62.88412121332415,0.1809421180024626,2.875939503395293
-0.0019924412,0.01116,0.0011503282,97787.14,0.003089492,384.94174,-6.608696,185.57275,4.5240726,0.8474284,0.0163111238256786,0.4606314671173489,0.0111594256835461,185.7454915691711,0.4610552396847091,1.533779196505254
-0.0015188704,0.0032984614,-0.0056685233,98170.85,2.3789065e-12,295.44476,2.1065025,-0.2525136,7.8427186,1.15255,0.0060992258325099,0.0007311305681675,0.0227079604271437,8.124613894793843,0.0235241700050052,3.9123237593043534
0.0046863924,0.0064430768,0.002705682,98138.37,8.509911e-10,295.95264,-6.547026,-1.7416862,-3.7647738,1.1501925,0.0189401154674274,0.0050385597326389,0.0108911819627231,7.750518823221635,0.0224217060600659,3.607583913671109
0.0012281717,0.06416923,-0.0045836214,102508.75,9.74392e-12,298.16238,10.907474,23.8997,-39.75644,1.1925087,0.0314368926331964,0.0688830582469246,0.114586014759564,47.65231548019756,0.13734303298806,3.163541676540452
0.00410197,0.01116,-1.5322009e-19,98403.14,7.9929505e-06,301.3855,-5.1173563,6.8308887,-0.24802461,1.1323987,0.014668556386719,0.0195758381552492,0.001863208826187,8.538728953427615,0.0245326625762644,2.7346466666666664
-0.002838977,0.01408,-0.0016390758,98330.71,0.0008133812,325.10962,2.6172042,55.9156,1.6025976,1.0381275,0.0072242742750072,0.1533308673782251,0.0044367663217455,55.99975357313658,0.153565067398654,2.185442735178454
-0.0054114084,0.067763075,2.5823509e-19,103464.0,3.979867e-32,298.751,-14.628062,22.329813,-0.104784995,1.2012488,0.042119246012312,0.064295205788521,0.005599337336938,26.69478837499916,0.077066574795087,3.6076056
-0.0010048215,0.058553845,4.0129963e-20,93701.02,0.9704515,234.84175,-27.0192,650.8396,23.9735,0.099491164,0.0234833627216815,0.5654914024122876,0.0208310524012981,651.8412005995402,0.566362010794403,0.6698810000000001
0.0001279371,0.005769231,-0.00044156975,58211.2,0.99999964,159.33937,-143.45436,2105.205,439.904,0.0876559,0.1484910437871806,2.196052340040477,0.4553898932248879,2155.4541921933783,2.2476822340210005,0.3064867194305833
-0.0011019303,0.024636922,-0.0011019303,100950.05,0.7686826,249.176,-63.41375,668.61835,-67.9903,0.12981,0.062810545647346,0.6339176264396036,0.0679212467616015,675.0514665859744,0.6406325136277338,1.0389098500332354
-0.0037597984,0.00824,0.001007429,98063.125,1.4765283e-05,300.4105,7.739065,2.8352487,-1.6223369,1.1320412,0.0222202255737361,0.0081353486877116,0.0046582230513613,8.400222573371392,0.0241168274201769,2.5949521253287604
0.004795607,0.01408,-0.0012849732,98145.06,3.6721963e-07,297.7395,-8.033192,3.7367663,1.9777684,1.1433637,0.023169323603202,0.0107761573804964,0.0057043596959483,9.077839166548294,0.0261817272856448,3.309850793761437
0.0015053301,0.025535384,0.00040334585,108175.375,0.6780954,256.19162,96.15115,615.87134,-1.0902652,0.158207,0.1013469226107148,0.6143496201442494,0.0267730200900153,623.3327680765102,0.6232282479948948,1.038953872289757
-0.001007429,0.030701539,0.0037597984,100124.46,0.0102908695,303.32324,-3.7967424,83.36942,-4.291106,1.0082288,0.0101265144504039,0.2233434518014494,0.0114708797230366,83.56607586031305,0.2238669802340688,2.5949521253287604
0.00028127836,0.004196923,0.00028127836,38192.54,1.0,133.87938,290.69727,2301.125,282.63837,0.06890239,0.330478880944415,2.6133749371622144,0.3213877763226053,2336.571337795341,2.653720964176051,0.2651917810093745
-0.001331215,0.059452306,-0.00035669186,95460.33,0.94641525,239.82526,-31.410912,510.807,18.529501,0.101578124,0.0273250141686012,0.4444178268311791,0.0161373615105816,512.107194881092,0.4455494087541642,0.9187823969714264
-0.002838977,0.063944615,0.0016390758,103875.375,0.00017787665,298.82623,-57.29555,40.922264,33.4934,1.2028837,0.1647531685344872,0.1176743276816529,0.0963100042694988,77.96935028745716,0.2242018529358601,2.185442735178454
0.0026849245,0.02823077,-1.3196548999999998e-19,99020.65,0.07986443,306.51675,15.306411,175.76476,4.1194363,0.55163264,0.0295968813361279,0.3487974445361745,0.0085403481402718,176.47806331379624,0.3501550660009756,1.7899496666666668
-0.00050239643,0.06708923,-0.00087018503,110575.5,4.642072e-09,303.2039,-5.443941,61.357475,-9.112994,1.2649587,0.0155590917223625,0.1753646473593654,0.0260452521833119,62.26895608271543,0.1779696604480432,0.6698670379885004
0.0019252748,0.066415384,-1.6320611e-19,111451.375,3.644099e-08,303.7101,28.1359,65.21399,0.83068126,1.2728562,0.080347902226223,0.1862319054299958,0.0105662430516584,71.02945439665022,0.2031003532357053,1.2835165333333334
-0.0035105823,0.054286152,0.0035105823,93902.42,0.14133967,263.66525,-49.48485,-25.122063,49.165276,0.47100663,0.087840850281742,0.0457950952394726,0.0857136670438177,74.14238189493675,0.1309963298887042,3.309808733657956
-0.0030952666,0.00084010884,-0.0008253035,98164.7,5.4421897e-13,295.65137,11.084038,1.4873224,2.9217112,1.1516738,0.0320817444949835,0.0043048984387887,0.0084565921384296,11.55873793470512,0.0334557084965397,2.135603083407881
4.1633363999999997e-20,0.02081846,0.00045,101639.125,0.99997324,198.71774,-1.4138795,1612.595,-15.246399,0.1240235,0.0021210171728603,1.5022690597298145,0.0142160266518568,1612.6676922920938,1.5023378188507122,0.3
-0.00045754042,0.06484307,0.0007924895,124401.875,0.8364186,241.63326,-117.1887,378.5725,170.37187,0.15202576,0.1106131564166102,0.3554736094797011,0.1617674261025675,431.36632141514815,0.4059131157733415,0.610057499491838
-0.0014932879,0.02373846,-0.0014932879,98308.04,0.095688514,307.18524,-28.527626,278.60474,-16.041233,0.5112636,0.052424900378974,0.523562055525443,0.0296048843904765,280.5204943525941,0.527012376842846,1.407885333805092
-0.0007791963,0.03452,-0.0013496222,98064.586,0.43436027,261.17813,-58.89506,506.45325,-109.4551,0.21570624,0.0691232119816568,0.6135509337734362,0.1263480723382385,521.4824459595703,0.6302274209779397,1.0389368404857235
0.00153905,0.051815383,-0.0026657272,89633.21,0.31795686,262.57324,-4.0358915,308.45624,0.66498935,0.22738162,0.0130245280672863,0.4143053983627758,0.022564621828075,308.4833587504729,0.4151237931053313,2.0520749831783918
0.0010559278,0.02868,-0.0018289352,101489.016,0.41543737,267.155,50.141388,348.76086,-42.77394,0.21334662,0.0592686144042202,0.4172860197883022,0.0503261467023352,354.93366450877795,0.4244680341392793,1.407912163392128
-0.0006890677,0.010710769,0.0011935149,103090.75,0.7397294,253.07063,-44.921997,697.7489,67.6895,0.13483012,0.045578226731179,0.6664711738546525,0.070537777065662,702.4623702917673,0.6717416008589331,0.9187653821431114
0.0004505431,0.03249846,-0.0016814725,104054.6,0.4904975,261.37488,54.325386,505.87863,-105.45075,0.21394637,0.0626727674207136,0.5873342313275758,0.1220939981183956,519.6001313801686,0.6031553029211133,1.1605245659162278
-0.0035523847,0.045301538,0.002050962,98568.89,0.28591037,258.99475,-16.618973,97.54454,8.792566,0.28000736,0.0286229260290437,0.1372648022884678,0.0203086387860879,99.34000585992878,0.1416804102587935,2.7346242628142687
0.0027523169,0.054286152,-0.0027523169,88334.484,0.40334925,250.07837,27.0942,121.9166,15.418258,0.19530775,0.0338978209752895,0.1539381411963414,0.0240481776676243,125.83908657072556,0.1594500813138429,2.594909258619116
0.00074549386,0.0608,-0.0027822433,97711.766,0.84030473,241.36925,11.017178,68.58167,-45.770714,0.11603963,0.0115746028670532,0.0638187616264466,0.0418072402985147,83.18522663996522,0.0771663858713168,1.920259111647012
0.0033709237,0.036092307,0.0019461956,98334.58,0.17337662,268.54163,2.7268562,87.253296,2.6760037,0.39027387,0.0095676601398203,0.1455723141611793,0.004733780855293,87.33690172774341,0.1459631715604252,2.594935572283576
-0.00087018503,0.00868923,0.00050239643,86925.984,0.99843776,197.3705,-59.005848,1452.17,33.59186,0.106961876,0.0551292204227659,1.360170456136721,0.0313937861232369,1453.7564486723554,1.3616491730613831,0.6698670379885004
0.000530325,0.026883077,-0.000530325,97113.06,0.9998578,209.3915,-17.719612,1334.9775,-58.779125,0.11247825,0.0160704913165492,1.2118176051114555,0.053340340834869,1336.3883775652369,1.213097424244895,0.4999952049770078
-1.00559694e-19,0.06596615,-0.003480578,106640.75,1.5733978e-12,300.77814,0.31717622,42.098362,-32.691414,1.22979,0.0125437162865446,0.1208059537327141,0.0938121554008587,53.30198151248201,0.1534670771745616,2.3203853333333333
0.0027822433,0.006667692,-0.00074549386,98016.52,1.4629086e-05,312.065,-8.571411,23.9933,2.547851,1.0893625,0.0241574250373078,0.0674963775337843,0.0071811405517497,25.60545012568852,0.0720479766838755,1.920259111647012
-1.5699931e-19,0.06484307,-0.0032781975,105592.0,5.3447275e-07,300.1479,-0.029227436,44.95835,-52.667625,1.2202425,0.0200942374927114,0.1291475460620591,0.151295534024292,69.2468974908345,0.1999330029033747,2.185465
0.002176526,0.007566154,0.002176526,98112.484,4.5205452e-05,311.00214,-4.971711,20.874763,-4.9521713,1.0936837,0.0140321514041781,0.0588258565321958,0.0139764973725823,22.022661990736584,0.0620703242184383,2.052048392038442
0.0024610888,0.056307692,0.0024610888,88989.7,0.30532876,262.20837,19.305052,195.40837,25.862568,0.232435,0.03135848489641,0.2665383740588313,0.0378987726039336,198.0555187878748,0.2710394369567065,2.32033677277635
0.002838977,0.046649233,-0.0016390758,94839.79,0.34959775,259.7364,-59.710236,252.39188,20.132637,0.23068075,0.0779857845741474,0.3350114732759935,0.0393427253922619,260.1389944735004,0.3462113803205897,2.185442735178454
-0.0014593768,0.035418462,0.00544649,97804.94,0.00015047018,298.11224,4.083015,8.49979,-10.092152,1.1357125,0.0117564897048954,0.0244681593250283,0.0290600918798611,13.811914187592864,0.0397667550977226,3.7590799089658
0.0012281717,0.061698463,0.0045836214,99378.125,3.986403e-05,296.01425,15.248186,13.040237,53.50946,1.1638625,0.0440942282382003,0.0377102248340364,0.1547422783851003,57.14732948089845,0.1652620184457637,3.163541676540452
-0.0039621918,0.01947077,0.0010616601,97261.35,0.00261998,314.91025,1.603105,35.318825,0.0535595,1.0354725,0.0044222405335453,0.0972041469322653,0.0010674500598851,35.35522894342066,0.0973105433228912,2.734640827760201
-0.0035846329,0.00045,0.00096941355,98170.8,2.46216e-14,295.60876,10.79875,0.34704274,-2.9110749,1.1519125,0.0312582458896361,0.0010045532480372,0.0084264565398264,11.189629006329778,0.0323896933165887,2.4756014450980515
-0.0010559278,0.043055385,0.0018289352,92177.75,0.30570313,261.44763,2.220116,376.46387,35.174,0.24485563,0.0067380890966496,0.5156643991759063,0.0476630924259476,378.11001653808427,0.5179063089031908,1.407912163392128
0.0007924895,0.03901231,0.00045754042,94705.36,0.99689025,225.63225,-23.322138,883.1893,-4.848529,0.102068126,0.0204145674013982,0.7733571249813198,0.004591056433766,883.5104809728319,0.773640145753009,0.610057499491838
-0.0009151009,0.04709846,-1.7975756e-20,94034.11,0.99918437,225.22675,17.350687,893.5304,15.449323,0.101311624,0.0151939475333735,0.7823130150004185,0.0135344976154193,893.8323688727603,0.7825775949427595,0.6100672666666667
-0.001331215,0.029578462,-0.00035669186,102124.125,0.993749,235.36737,-12.887596,601.79877,10.83844,0.10582175,0.0110628223913754,0.5166500395807078,0.0093028681958878,602.03431919269,0.5168521962753763,0.9187823969714264
-0.0026657272,0.03317231,-0.00153905,99182.625,0.10147886,280.729,23.2,155.34938,9.046051,0.5229691,0.0448676613799,0.3013858560142205,0.0175624121049798,157.33245343882172,0.3052130068690896,2.0520749831783918
-0.0018426349,0.060575385,0.0031915514,102405.52,0.6039185,246.03987,-97.7588,14.520598,172.87276,0.17548962,0.1076105283834699,0.0207585427378918,0.1913981915723316,199.1296610094418,0.2205543258535851,2.4568546932603774
-0.0016390758,0.021716923,-0.002838977,98504.31,0.022272762,324.6185,-4.4159427,106.86205,-4.8246083,0.81236625,0.0107525870633002,0.2590164710358229,0.0117729636949674,107.06201532467344,0.2595067495664961,2.185442735178454
-0.00037499773,0.06372,0.0006495165,104065.625,0.999887,234.302,-9.612535,717.10785,37.479813,0.107701875,0.0138492872216138,0.6152384226689165,0.0321437855460939,718.1509630594836,0.6162331883580406,0.4999977694516481
0.00071048376,0.045975383,0.00071048376,94203.266,0.991404,225.3085,23.0525,853.84735,10.647745,0.10219637,0.0202459853162291,0.7500741901890939,0.0093563159083476,854.2248470583478,0.7504057111700488,0.6698505128252208
0.0029004794,0.05540923,0.0029004794,89784.586,0.38785937,250.10988,7.0003324,36.818638,11.514019,0.20247087,0.0209926230956944,0.0468911095373074,0.0252604754766285,39.20700691735974,0.0572499606932877,2.7345982032425185
-0.0033709237,0.010261538,0.0019461956,97706.016,1.5069786e-05,302.37326,5.9809127,6.94672,-3.1929889,1.120605,0.0171149461667088,0.019871240639256,0.0091368773821853,9.706874553580288,0.0277717503072753,2.594935572283576
-0.0009626141,0.04372923,-0.0016673111,102411.914,0.8075966,245.83987,-61.67696,514.4324,-82.094215,0.126978,0.060459150336638,0.4772151554228878,0.0801000800917064,524.5800241155471,0.4876531926025061,1.2834938790837072
0.0030781461,0.04170769,-1.5791709e-19,95318.266,0.36354038,256.48276,-4.2230225,240.71887,2.9268644,0.2211015,0.0130219276891184,0.3095955300577825,0.0107855080549668,240.77370044987967,0.3100569141569071,2.0520974
0.00097446906,0.056756925,-0.00097446906,92872.5,0.99201834,233.63837,33.46915,620.7815,22.312626,0.09710234,0.0288538823653775,0.535327638653815,0.0192488792374807,622.0833609919079,0.5364501342959322,0.918738240509974
-0.0005870607,0.055633847,0.0005870607,90171.664,0.9975005,227.32938,8.03125,822.85046,25.772224,0.09640142,0.0070023679920143,0.7175733188223486,0.0224677171241838,823.2931361481646,0.7179591209504814,0.5534861359174952
-0.0038924366,0.009363077,1.5418135999999998e-19,97762.33,3.8674985e-05,301.57513,7.6050873,5.0050025,0.4134415,1.1238587,0.0217894609388113,0.0143316929722726,0.002633656081242,9.11363466129457,0.0262128627930971,2.5949577333333336
-0.0018984762,0.047996923,0.0018984762,91099.016,0.28699037,262.30164,35.050644,343.68637,-10.148425,0.25263152,0.0477580872116009,0.4837097916155569,0.0138254367794781,345.6180827135239,0.4862583059455331,1.7899005265883576
0.0009151009,0.057206154,1.7975756e-20,93079.3,0.99952024,225.80826,19.3195,835.75726,50.0323,0.09999109,0.0168836697807263,0.7306058554959797,0.043728771512914,837.476370870395,0.7321080383715955,0.6100672666666667
-0.0015189121,0.0021044263,-0.0056766337,98201.766,9.187774e-15,295.412,2.0249574,-0.045667462,7.6573453,1.1530426,0.0058634553418669,0.0002402780125172,0.0221724638411976,7.92069915047481,0.0229359105958011,3.917553892786904
0.00045754042,0.05091692,0.0007924895,92928.08,0.9981469,222.65662,9.223361,942.93823,-7.382734,0.10137488,0.0081325452205119,0.8307162060782155,0.006513171358568,943.0122378553652,0.8307815445313491,0.610057499491838
0.0009523381,0.014978462,0.0005498259,98502.7,0.994046,224.41862,42.908863,889.3756,19.784842,0.10702725,0.0377390994048069,0.7819750295381896,0.0174056306647765,890.6298717044458,0.7830786310607493,0.7331079584049207
1.2490008e-19,0.041033845,-0.00075,95063.11,0.9992909,213.205,-21.106625,1200.7225,-2.74012,0.10818425,0.0189892994628306,1.0803176963169157,0.0033810654861604,1200.911120725741,1.0804898657893087,0.5
-0.0036853154,0.04283077,1.5513156999999998e-19,96270.1,0.436809,250.77625,3.8041847,137.38112,5.4561324,0.19565651,0.0172175720502481,0.1651715209908096,0.0080707450308777,137.54204206151823,0.1662624824158366,2.456876933333333
0.00544649,0.053836923,0.0014593768,91140.54,0.0059774593,287.04337,18.247274,-20.84395,4.1759667,1.0206109,0.0500987284639872,0.0592575636043313,0.0114923054648404,28.015566350032707,0.078443702888931,3.7590799089658
0.0011165227,0.023513846,-0.0041669416,98924.17,0.00288788,308.31702,1.5408835,35.90681,-5.0051365,1.0721174,0.004289181709146,0.09970424511019,0.013930645122891,36.28670166493925,0.1007640632679471,2.8759558980875943
-0.0013496222,0.02823077,-0.0007791963,99429.1,0.9240561,242.92226,-62.64736,599.91376,-45.047386,0.106978,0.0549953296782716,0.5241013271329988,0.0394726791391261,604.8557498592043,0.5284550877675537,1.0389368404857235
0.0005329707,0.034744617,0.00031432978,99276.664,0.99997276,210.25626,21.882025,1341.6113,14.5616255,0.114489876,0.0198156294773843,1.2150859525271331,0.0131871482759087,1341.8687507513516,1.2153190659575808,0.4125050721052952
-0.0035105823,0.0059938463,0.0035105823,98171.23,6.243851e-09,296.10538,6.2415123,-1.8820626,-6.061985,1.1499825,0.0180516064276507,0.0054432525842532,0.0175323359020706,8.9020389552953,0.0257463064437952,3.309808733657956
1.6234991999999998e-19,0.046873845,0.0021119022,95720.56,0.6280521,249.28188,17.45577,476.1414,117.3625,0.15468375,0.0185879548952869,0.5066927333165236,0.1258125432377527,490.7028562241134,0.5224096420424401,1.4079348
-0.0032781975,0.0055446154,1.5699931e-19,97975.98,1.4421088e-06,299.99762,13.911213,4.1013675,0.14147,1.1327938,0.0399719717304252,0.0117778233054592,0.0051519124672794,14.5038986573378,0.0419883060851832,2.185465
0.0027523169,0.050467692,0.0027523169,92050.98,0.56440985,245.69313,-6.9161325,150.00388,-3.7726986,0.15304475,0.00923055680318,0.1637336326047249,0.0090327443400342,150.21061932679194,0.164242187318448,2.594909258619116
0.00045754042,0.02081846,-0.0007924895,97164.04,0.99928635,216.01062,-4.0105357,1110.1587,2.9652715,0.10915913,0.0044628243819779,0.9927387540768694,0.0060088545071601,1110.169904301751,0.9927669701294698,0.610057499491838
1.4721278e-19,0.0028492308,0.0054114084,98233.55,4.358666e-12,295.489,0.0012225062,-0.1314879,-8.696983,1.153115,0.0032902172326764,0.0003806838508297,0.0251795338013195,8.697976998397777,0.0253964440834592,3.6076056
0.0012458276,0.038113847,-0.0021578514,90635.14,0.14691438,280.62625,-15.634433,316.8765,4.2824497,0.3797855,0.0322155424313147,0.5472577854780736,0.0396285536980466,317.29086202239506,0.549635649506751,1.6611119533351038
-0.003667574,0.047996923,0.003667574,93635.7,0.015669573,283.96176,-0.5325562,6.1854887,4.5225782,0.9518304,0.0180365486880298,0.0167657499016285,0.0120097207269475,7.680989528641565,0.0273978256487426,3.457821927871294
-0.004795607,0.05451077,-0.0012849732,93119.14,0.116943575,264.29987,-55.11055,-23.68875,-9.856725,0.517632,0.1042902514205042,0.0461976277287989,0.0189402123535893,60.79049782318472,0.1156261605049641,3.309850793761437
-0.0008839167,0.031824615,0.00023684214,99814.65,0.99973786,224.14412,9.670197,947.52,39.340374,0.108008124,0.008470762472335,0.831512514884868,0.0345105906414677,948.3856431518132,0.832271468388436,0.6100648168910395
0.00069490174,0.010710769,0.0025934312,97996.73,0.00040967998,350.90338,0.15913898,96.28734,-0.90631175,0.96408224,0.0004738626784736,0.2545312352166541,0.0027004161278722,96.29173677153582,0.2545460007425326,1.7899439863847344
-0.0010048215,0.05990154,4.0129963e-20,96342.5,0.984778,232.414,-38.3309,660.7025,15.586762,0.10195512,0.0332500170190556,0.573137751526828,0.0135220492747205,661.996977750431,0.5742606478539022,0.6698810000000001
0.00248237,0.0028492308,0.004299605,98208.9,2.404586e-11,295.50375,-4.8315873,0.267535,-8.33615,1.1527687,0.0139881013819246,0.0007745488793435,0.0241342417621781,9.638838500371625,0.0279057078690499,3.3098347708290348
-0.00074549386,0.029578462,-0.0027822433,102889.625,0.04475714,307.45523,-3.5669374,160.06125,-20.400038,0.7292941,0.0079673738820539,0.3592736185007825,0.0457880457667792,161.39544090332743,0.3622672454588779,1.920259111647012
0.004313942,0.029803077,-1.5224762e-19,100614.2,0.00367183,301.50537,-3.5752387,47.29625,-0.58915013,1.1037062,0.0100156731510909,0.13226733036844,0.0021742250474477,47.434846829099776,0.1326638143806383,2.8759613333333336
0.0007775554,0.047996923,-0.0007775554,92324.13,0.99719435,230.09975,24.654701,754.958,6.744224,0.09754204,0.0213764664815856,0.6544635881110603,0.0058467512389537,755.3905748702201,0.6548387022637653,0.7330862614509579
0.0008703744,0.05990154,-0.0015075472,94160.08,0.46363974,257.20425,-8.118671,361.3265,-10.154214,0.17718588,0.0157067540323707,0.4183635992480876,0.0242160539969734,361.5603137555532,0.4193581054054305,1.160507581746156
-0.0033709237,0.04575077,0.0019461956,97064.586,0.38501525,253.62688,-1.8761901,124.69038,3.0520763,0.21757287,0.0229555205776806,0.1572096339819289,0.0134265196349207,124.74183790363504,0.1594430819171257,2.594935572283576
-0.000796675,0.014753846,-0.002973254,98432.29,0.0017510746,334.74237,0.68625724,82.55725,3.1141126,0.99718213,0.0018490838853919,0.2216296032429675,0.008427139508913,82.61881246936093,0.2217974680314297,2.0520916596531995
0.001159104,0.0073415386,-0.00031057486,106520.125,0.8722965,244.12625,102.65414,733.0924,-32.25135,0.12052912,0.0920495132557167,0.6566442355919093,0.0289492796685659,740.9470217051432,0.6636963355481376,0.7999941184450516
0.0006495165,0.02373846,0.00037499773,101197.125,0.9998881,207.70175,-3.8308966,1356.845,23.93305,0.11815775,0.0040141666462409,1.236612560977746,0.0218037918841035,1357.0614653272205,1.23681128101353,0.4999977694516481
0.002973254,0.056083076,-0.000796675,90134.414,0.33462438,261.28326,32.256638,301.14526,16.882652,0.21958588,0.0428468197860876,0.3963653072362368,0.0223866703257971,303.3380659496657,0.3993024790237769,2.0520916596531995
-0.0041095437,0.013181538,-0.002372638,98209.9,9.244455e-07,298.415,6.2143164,4.0277486,3.597665,1.1415225,0.0179031798981944,0.0116019226113102,0.0103645001194223,8.233084510457543,0.0237181643782027,3.1635254947783733
0.000848475,0.030476922,-0.000848475,102195.25,0.99765223,232.43475,33.38475,700.1646,25.601524,0.10684138,0.0287877325277645,0.6038620294515168,0.0220675104654468,701.4274350614218,0.6049504601002774,0.7999499015563412
-1.5026859e-19,0.04507692,-0.004745321,95675.63,0.050002314,279.21988,-7.879486,32.01859,-6.0759463,0.7402674,0.0188697981003569,0.0733106009729237,0.0251373237857174,33.52899534213305,0.0797646446896585,3.1635473333333333
-0.0037597984,0.019246154,0.001007429,97295.336,0.00314008,322.63626,1.2985078,50.876213,0.14367287,1.0043283,0.0035357386603267,0.1378798017838725,0.0013485360682464,50.892983933167095,0.1379317212876046,2.5949521253287604
2.7755577e-20,0.054735385,0.0003036618,89911.89,0.99983466,216.18912,-13.022503,1123.715,-12.296204,0.100856,0.0116306162460649,1.0036810092086388,0.0109872864881792,1123.8577238432783,1.0038085275313755,0.2024412
0.004491879,0.04867077,0.0025933797,93071.266,0.015914131,284.1305,4.1008015,1.9185851,2.0597925,0.94577384,0.0141405419354583,0.0104522224595104,0.0055944089463666,4.973960883581666,0.0184526770965823,3.4578474498201968
-0.00508224,0.06574154,0.0029342247,102671.5,4.142334e-24,298.2469,-20.122313,21.0555,11.809097,1.1940625,0.0579882607378287,0.0606772946218511,0.0340313885519269,31.427636447486435,0.0905676977337811,3.912307532088964
-0.001159104,0.0064430768,-0.00031057486,97384.125,0.8920641,239.64725,88.414474,876.9884,19.574402,0.10991837,0.078743650959366,0.7850289913411878,0.0175470643458107,881.6512520043933,0.7891634680341768,0.7999941184450516
-0.0018289352,0.061923075,-0.0010559278,99358.31,0.810398,243.20801,-24.86072,224.0195,-55.30691,0.12039025,0.0234523441751893,0.207783611287648,0.0513793355984485,232.0811195959648,0.2153227291615679,1.407912163392128
-0.0009008322,0.067987695,-0.0033619737,105547.125,5.2717337e-23,300.078,-3.3192213,31.813211,-13.52995,1.2200187,0.0095359107698195,0.0913983565691778,0.0388711539535312,34.7297735548534,0.0997775515205482,2.32037983596063
0.0027523169,0.010935385,-0.0027523169,98216.516,1.4771514e-05,303.24548,-3.835195,9.109907,3.9491913,1.123225,0.0109599960162972,0.0260217905825401,0.0112854021349414,10.644023588881682,0.0304074891950348,2.594909258619116
-0.00392167,0.018572308,-0.002264169,97558.11,0.00035664413,304.92886,2.08186,12.578456,1.47566,1.1045512,0.0059227478119807,0.0357290459544599,0.0041966479639297,12.83469005621624,0.0364589566580474,3.0189002301766195
-0.00074549386,0.040135384,-0.0027822433,94021.4,0.26337314,263.44363,4.8782377,306.46512,-0.2163076,0.27580324,0.0189597937892973,0.4432190878116726,0.0326219771974046,306.5040191720982,0.4448222419994438,1.920259111647012
0.004491879,0.023289232,0.0025933797,99221.15,1.7607968e-05,299.53387,4.2465224,8.749975,2.24313,1.1487162,0.0122084976613826,0.0251512839340367,0.0064487703456023,9.98131490291869,0.0286918305036265,3.4578474498201968
0.0045836214,0.04328,-0.0012281717,93266.266,0.0391706,279.80838,0.5303299,27.328362,4.875516,0.77772427,0.0219874101282748,0.0658022912772593,0.0121581201931852,27.76492887929184,0.0704358405083532,3.163541676540452
0.0058684936,0.00532,-1.4511581e-19,98120.7,7.223808e-11,295.63873,-7.4201975,-1.1681613,0.026308507,1.1512051,0.0214775282590143,0.0033812021882491,0.0028448230812642,7.511632572175273,0.0219273748250508,3.9123290666666666
-0.0024944716,0.029578462,0.0014401756,98070.85,0.045603674,310.47827,-6.2616816,163.3045,8.119845,0.68520665,0.0147813912401738,0.3630595357279132,0.0178311634692882,163.62609895592388,0.3637975623896227,1.9202423830851167
-0.0024610888,0.06506769,-0.0024610888,105379.75,7.00125e-09,300.00076,-32.1132,42.246674,-31.632889,1.2183962,0.0922721709851601,0.1213883171792732,0.0908927334395085,61.77927439512864,0.1775127208907463,2.32033677277635
-0.0014593768,0.03699077,-0.00544649,97048.94,0.00028400484,296.2195,3.1713226,4.9709024,8.454453,1.132125,0.0091568260048156,0.0143354476229143,0.0244048075276764,10.307518286804322,0.0297480613064904,3.7590799089658
-0.003667574,0.06461846,0.003667574,102480.25,7.0538336e-16,298.13336,-23.252586,23.305637,23.531662,1.1922951,0.0670223344153663,0.0671743094251429,0.0678254570916623,40.46695674430448,0.1166390748716868,3.457821927871294
0.0056685233,0.02284,-0.0015188704,98660.55,1.7579106e-07,296.6219,1.6284187,1.074597,-0.5441958,1.1537,0.0047050311726158,0.0031044039110485,0.0015723869281624,2.025501232696818,0.0058520972847412,3.9123237593043534
-0.000644892,0.034744617,0.0024067922,97314.02,0.078101285,294.49188,-2.0391238,263.24164,-7.198585,0.5624624,0.0080574702083153,0.5343641005960122,0.0170167743189401,263.3479422394706,0.5346956942412803,1.6611287174214255
-0.005186804,0.029578462,9.2732045e-20,100602.625,0.00018148981,300.23502,2.9652576,19.161913,-0.042287968,1.1594551,0.0085114295734476,0.0549622967763094,0.0007170599096168,19.39003483045258,0.0556220520587369,3.457869333333333
0.0030142437,0.054286152,0.0017402662,90241.4,0.3326021,259.27213,-9.581161,199.07475,-6.7025447,0.22254062,0.0326098609771345,0.2651280909294994,0.0151510547745559,199.41784985082435,0.2675553439826058,2.3203631449363105
0.0004982899,0.030252308,0.0018596658,90836.8,0.18579613,281.94537,10.3918495,306.34686,52.619164,0.33511275,0.0239885422942191,0.490536015026415,0.0832618938916327,311.00669701462886,0.4981300785676551,1.2835107603984124
0.00044156975,0.0059938463,-0.0001279371,77378.9,0.9999985,169.74051,-517.3789,1950.7025,173.59723,0.11032657,0.5213134228379375,1.9671402937917588,0.1749526517924861,2025.6004462714588,2.042551602936718,0.3064867194305833
-0.0041669416,0.03249846,0.0011165227,98973.586,0.01531325,297.461,4.96696,59.876614,-2.7864761,0.96063876,0.0130564075062156,0.1574828913002068,0.0117249058174547,60.14685398923594,0.1584575786943284,2.8759558980875943
-0.00045754042,0.025086153,-0.0007924895,96707.625,0.9994441,217.955,-12.411841,1075.6807,-8.772535,0.10765338,0.0110544838312918,0.9574780314662856,0.0078118454453871,1075.78807370217,0.957573708537673,0.610057499491838
-9.37506e-20,0.013630769,-0.0049647847,98268.164,4.2662708e-07,297.7095,-0.07353875,3.005415,7.9006586,1.1449113,0.0029552475604651,0.0086672972830427,0.0227884452702605,8.453303116754451,0.024559494460838,3.3098564666666666
-0.00153905,0.057206154,0.0026657272,90301.875,0.30739924,262.69473,-20.324963,296.25363,59.656025,0.234439,0.0276112758830356,0.4022339617043154,0.0810668527295526,302.8830776519693,0.4112497746087075,2.0520749831783918
-0.0010392044,0.06327077,0.00059997645,101287.875,0.977469,239.30887,-18.673458,421.9285,-2.9242864,0.10481975,0.0160220872869721,0.3619493583228736,0.007204483363199,422.3516409307261,0.3623754266667401,0.799977090098061
-0.0005830067,0.031824615,-0.00016102531,100218.55,0.9999599,210.44063,3.4095032,1341.3962,25.924225,0.115482,0.0032940983590716,1.21449343518773,0.0234622549561779,1341.6510185321522,1.2147245089343182,0.4032236559999844
0.0010616601,0.019246154,-0.0039621918,97470.08,0.0020252161,315.65375,-0.13089213,34.26679,-0.714522,1.0432688,0.0015946492558115,0.0945403442802214,0.0037239666324822,34.274488637210624,0.094627097230929,2.734640827760201
-1.3285194e-19,0.016326154,-0.0024917016,96358.56,0.0032685588,375.67938,-0.97643524,197.2615,-3.3847632,0.85286826,0.0030443447668384,0.4955682175344458,0.0115767539601158,197.2929533205583,0.495712767131915,1.6611344
-0.0031915514,0.030701539,-0.0018426349,101281.75,0.01622423,302.04962,-2.6297455,104.71677,0.5818487,0.9584851,0.00802725397972,0.271982070529417,0.0100777078166017,104.7514010815004,0.2722870611886662,2.4568546932603774
-0.0035105823,0.059003077,0.0035105823,94973.06,0.01475404,282.93976,-48.77331,-7.15326,49.5027,0.9807455,0.1318785410938334,0.0196398991753899,0.1338046944081457,69.86073435252239,0.1888951335696995,3.309808733657956
-0.0003036618,0.051141538,2.7321895e-20,92093.164,0.99992,214.69424,6.4189734,1167.5575,-34.569775,0.10401288,0.0057532511681942,1.0464194500905335,0.0309811189149862,1168.086806863818,1.046893784085092,0.2024412
0.0011935149,0.03362154,0.0006890677,99400.086,0.9881304,236.4875,31.7481,708.49915,27.236214,0.10306037,0.0272498092655988,0.6084242338235867,0.0233791323337944,709.7329066327601,0.6094827185716679,0.9187653821431114
0.0018426349,0.045301538,-0.0031915514,92293.664,0.41086924,250.74338,19.529493,156.1905,12.285326,0.19911025,0.0237746192567461,0.194610796915728,0.0275719959139098,157.88540978194698,0.1979868928885309,2.4568546932603774
0.0005870607,0.046424616,-0.0005870607,93006.0,0.9982275,221.05376,45.02815,996.20703,16.74415,0.10218663,0.0397946563563834,0.8807604308714662,0.0148011611344254,997.3647013370112,0.8817832078432547,0.5534861359174952
0.0009705788,0.035193846,-0.00026006208,97864.05,0.99976873,224.58737,-1.6821375,948.46173,-22.86545,0.10568263,0.0035327935887239,0.8314003289731062,0.0200223175171235,948.7388005477926,0.8316488927701919,0.6698774323920479
0.002973254,0.054735385,0.000796675,88519.484,0.34776163,258.50162,-7.394249,292.77026,28.828476,0.21286587,0.0247836807966427,0.383942064660806,0.0374417618907035,294.27908707080115,0.3865586959095766,2.0520916596531995
0.0012849732,0.05069231,-0.004795607,93694.05,0.068494126,274.66602,2.0966887,2.122528,-24.13005,0.65205497,0.0050789661444637,0.0114035392249886,0.0531846340375404,24.31379323795429,0.0546300457775715,3.309850793761437
0.0008703744,0.012507692,0.0015075472,98441.15,0.24017169,299.654,51.778248,477.87698,78.1934,0.33424836,0.0668489879921153,0.6992006722913435,0.0992401103122976,486.9924052625769,0.7093651857985658,1.160507581746156
-0.0015075472,0.06551693,-0.0008703744,112110.125,0.0003624279,304.18314,-46.697674,87.96669,-24.857775,1.27226,0.1329082686338625,0.2503824985615195,0.0707469415542403,102.64852792182164,0.2921662766241842,1.160507581746156
0.0037597984,0.038113847,-0.001007429,96742.75,0.27704862,260.07812,35.018726,96.83995,-3.6593013,0.28931087,0.0508496205105886,0.1384016298644828,0.0077957184415362,103.04211552889312,0.1476532027462861,2.5949521253287604
0.002838977,0.05204,-0.0016390758,92726.36,0.50329524,253.318,-34.279224,303.03162,10.284665,0.16763775,0.0381731466687229,0.3448705154091809,0.0190279767724078,305.13767753594243,0.3474980941318055,2.185442735178454
0.003667574,0.01789846,0.003667574,97554.89,9.458334e-06,298.0984,-3.727645,0.44662797,-3.543175,1.1349863,0.0107445426774671,0.0029420430409012,0.0102127390413138,5.162257536217688,0.0151129366215968,3.457821927871294
-0.0052270126,0.0062184613,0.001400568,98128.7,6.3911376e-10,295.90012,7.50984,-1.5851775,-1.9099652,1.1502825,0.0217273552756669,0.0045861989511114,0.0055259675101886,7.909390090096536,0.0228833455818393,3.607600091361616
0.0039621918,0.059452306,0.0010616601,101497.54,0.35655048,254.72488,160.04387,24.639446,39.70495,0.281099,0.2149993539370321,0.0367875555249266,0.0528976311464557,166.7261997355734,0.224446443089988,2.734640827760201
0.0032019995,0.022166153,0.0032019995,98444.94,0.0014942269,308.33588,3.3786926,24.233662,3.0388951,1.0860524,0.0094810643403606,0.0679096047683501,0.0085218715149582,24.656050394261094,0.0690957834816064,3.018874079741246
0.0007244437,0.012507692,0.00019411351,85521.89,0.9998701,188.6785,51.404427,1679.6837,13.964643,0.10989625,0.0491672056889599,1.606316015806668,0.0133515568384266,1680.5281189004263,1.6071237727139371,0.4999994352148855
0.0030781461,0.0064430768,-1.8567266e-19,98029.73,7.427001e-06,305.82074,-10.54441,12.64057,0.18946002,1.1117837,0.0300102057368115,0.0359378186940461,0.0039265815313229,16.462213923776424,0.0469846496568188,2.0520974
-0.0016390758,0.0032984614,-0.002838977,97994.95,5.0246186e-08,295.91913,8.544495,2.8590012,14.772013,1.1486412,0.0247198931533194,0.0082712854938893,0.0427366430258109,17.303024323475807,0.0500590445209309,2.185442735178454
-0.001007429,0.06821231,-0.0037597984,104843.5,7.003459000000001e-27,299.63162,-3.1632977,28.29795,-12.6456375,1.2136875,0.0090947182199019,0.0813595561682725,0.0363575350772288,31.155939631517,0.0895765685672856,2.5949521253287604
0.00026006208,0.0026246153,0.0009705788,93832.31,0.67983276,208.53,84.619965,426.55182,294.18674,0.19368425,0.110010255925689,0.400258399697656,0.3740539841845258,525.0265056297075,0.5587713539737712,0.6698774323920479
