x,y,z,p,H2,T,U_0,U_1,U_2,rho,Mach_0,Mach_1,Mach_2,U_mag,Mach_mag,rad_dist
-0.0033619737,0.067763075,0.0009008322,92325.79,0.32975075,259.8521,-79.91555,186.38875,0.8743886,0.22967,0.1063677919979107,0.2480097985087412,0.010571465936788,202.8004581202636,0.2700642946094686,2.32037983596063
-0.0036853154,0.010261538,1.5513156999999998e-19,98856.44,1.8248336e-05,306.21936,4.35525,12.98622,0.20031151,1.1195225,0.0123872594327539,0.0369072811057126,0.0012937015255141,13.698548724296982,0.038952089270122,2.456876933333333
0.0007924895,0.065292306,0.00045754042,92338.2,0.99452263,227.41263,4.288445,758.28186,27.679512,0.09895424,0.0037443825370823,0.662025607693451,0.0241673093879415,758.7990019432918,0.66247715770849,0.610057499491838
-0.0015188704,0.027781539,-0.0056685233,97849.42,3.5344542e-07,296.97412,-0.22060688,3.929605,0.016100565,1.1428576,0.0006370331039832,0.0113471751272099,0.0001988563941234,3.935825463574529,0.011366782236351,3.9123237593043534
-0.0014932879,0.055633847,-0.0014932879,93022.64,0.27547875,264.04712,4.133251,390.1544,8.036575,0.26293525,0.0140284945038164,0.553491305131512,0.0157214477794264,390.2590500435828,0.5538922164415288,1.407885333805092
0.0,0.038787693,0.0,99238.3,0.99995816,206.526,-2.1587887,1355.4575,-27.130287,0.11651012,0.0043884896330702,1.2385629242965324,0.0247910414937496,1355.7307059839,1.2388187809448088,0.0
0.0032781975,0.06708923,-1.5699931e-19,92984.52,0.3793099,258.1425,58.94925,224.75626,-17.338875,0.20674987,0.0741061796437799,0.2827898861223101,0.0217412282580525,233.00434989719767,0.293145913429872,2.185465
-0.0031915514,0.015203077,-0.0018426349,98059.01,0.00011226573,313.88824,2.97512,29.789164,1.8069875,1.0820725,0.0083539763265992,0.0835552433879425,0.0050746855605678,29.99184613621596,0.0841250263097868,2.4568546932603774
0.002372638,0.027107691,-0.0041095437,97703.23,0.000524892,308.5575,1.3458354,26.750513,-2.0061076,1.0908024,0.0037872325150371,0.0754522928530149,0.0056572992216477,26.85936868933892,0.0757588058339314,3.1635254947783733
1.5699931e-19,0.047323078,0.0032781975,96050.05,0.30698225,255.92924,2.6316001,214.36063,-44.979763,0.26472637,0.0327400111371337,0.3028189182344733,0.0638086175384664,219.0447079767493,0.3111956703460486,2.185465
-0.0046863924,0.005769231,0.002705682,98075.11,1.0031664e-10,295.71237,7.178434,-1.2610288,-4.07528,1.150385,0.0207751497882636,0.0036495508511505,0.0117943300589325,8.35033025725243,0.0241667600575451,3.607583913671109
-0.0033709237,0.047772307,0.0019461956,98029.79,0.13852613,273.22375,-11.558604,102.75535,5.9677258,0.4491496,0.0286100417455425,0.1838117524479882,0.0223134924975152,103.57546539251128,0.187358444629856,2.594935572283576
0.0004505431,0.009363077,-0.0016814725,101647.55,0.22313088,306.63388,30.94687,452.95123,-92.53826,0.335577,0.0437885712314438,0.6572044289661415,0.1270988553845469,463.342049770078,0.6708123578641537,1.1605245659162278
0.00084845215,0.042156924,0.0031664888,101842.64,0.09923092,279.95337,-0.98353255,140.752,-0.73886704,0.5556085,0.0113961048827602,0.2756827739898049,0.006199952832584,140.75737552533334,0.2759878665744909,2.185459257238885
0.0007924895,0.024636922,-0.00045754042,97646.04,0.9993521,219.35887,3.134997,1053.7788,-3.8923047,0.10801025,0.0034996189280404,0.935017160085636,0.0034674193966095,1053.7906516815888,0.9350301385434168,0.610057499491838
-0.0014593768,0.012956923,-0.00544649,98214.81,1.0836617e-09,296.32764,1.305927,-0.37082887,5.0584836,1.1496313,0.0037756538377539,0.0010721949298961,0.0146245351107103,5.237481810147261,0.0151420669353506,3.7590799089658
0.0032781975,0.06304616,-1.5699931e-19,90331.55,0.3245165,258.22375,-6.0048037,261.38626,20.878366,0.22986525,0.0159025122802192,0.3522917025727398,0.027460499364696,262.28751543124025,0.3537179845919355,2.185465
0.002317984,0.029353846,0.002317984,96399.44,0.023316875,319.38275,-6.417891,116.08063,-0.69664663,0.7994486,0.0155999405501803,0.2825280564628785,0.0030440690642817,116.25999872102128,0.2829747818981909,2.185416273442557
0.00031057486,0.04485231,0.001159104,95832.3,0.9428917,232.44087,20.3044,733.787,51.93415,0.10566987,0.0179993765657704,0.6495659099517564,0.0461038994532743,735.9027014249796,0.6514487074766573,0.7999941184450516
0.0016390758,0.050243076,-0.002838977,98019.04,0.42654914,252.24263,-20.318413,226.24574,19.130276,0.20251675,0.02474841669804,0.274740309413491,0.0235308335213179,227.96039181143365,0.2768545139091804,2.185442735178454
0.0041095437,0.048446152,-0.002372638,98481.25,0.022919487,289.12338,-7.6140437,40.6765,3.2077563,0.9075206,0.0193945714316023,0.104112158291926,0.008165459355747,41.50712004217709,0.1062175391906107,3.1635254947783733
-0.0017618468,0.0064430768,-0.0017618468,98012.016,1.3169338e-06,330.06113,5.1132936,62.748737,4.8732114,1.030525,0.0140396912046262,0.1714246583471512,0.0133828165117804,63.145054880679766,0.1725184807385769,1.6610850929224252
0.00075,0.029803077,1.2490008e-19,96840.64,0.9999135,210.25087,15.119613,1313.3812,-4.1160774,0.111695,0.013703909029627,1.1897260541231227,0.0037308449367654,1313.47467478588,1.189810825377719,0.5
-0.00074549386,0.03452,0.0027822433,99496.875,0.07184486,308.0825,-6.415704,195.80862,8.054364,0.57509786,0.0131855298785461,0.3967763971799076,0.0163513756646045,196.079192428887,0.3973320211653861,1.920259111647012
-1.5126382999999998e-19,0.038113847,-0.0045283833,98974.14,0.010527473,300.1544,1.1676712,53.706688,-8.868197,1.0048901,0.0077235051927789,0.1443819036899299,0.0236573885148767,54.44645727677295,0.1465109507065424,3.0189222
-0.0010392044,0.0028492308,0.00059997645,105775.52,0.21278024,275.9954,-152.09457,176.8272,90.932014,0.48844925,0.2183555517020419,0.2442066376448848,0.1298926996329969,250.3382672573674,0.3524033800162409,0.799977090098061
-0.0013424361,0.031375386,-0.0050100614,98926.27,0.00014392547,300.63962,0.5944656,17.886862,1.0514865,1.13918,0.0017047690875009,0.051280960639519,0.0030148765770499,17.92760010197432,0.0513977883038603,3.4578638180467665
0.0050100614,0.05091692,-0.0013424361,96502.71,0.00937576,292.264,-3.7327917,30.173563,0.49011928,1.0209361,0.0104807270669633,0.0826942295039104,0.0031602137084566,30.407529575734788,0.0834156351278385,3.4578638180467665
0.0013613222,0.017224615,-0.0013613222,97190.234,0.10068055,316.24863,6.0275574,324.34338,-6.7218113,0.48149374,0.0139750412938563,0.5939290882159503,0.0131514142536455,324.46901600181724,0.5942390287628927,1.283466878666386
-0.004313942,0.013855385,1.5224762e-19,98315.56,2.1120861e-06,301.81876,4.70052,8.360585,-0.077063,1.1298525,0.0134656024421341,0.023942728519177,0.0017902054187839,9.591673916402392,0.0275278319799083,2.8759613333333336
-0.0006890677,0.04912,0.0011935149,100313.31,0.971144,237.92462,-17.397278,654.22076,65.8588,0.10507375,0.0156356496267701,0.56466127487271,0.0568301405352694,657.7574398167055,0.5677292433487848,0.9187653821431114
-0.0043740757,0.043504614,0.0011720242,99143.234,0.008769887,298.80664,10.443864,54.899925,-0.15085188,1.0313256,0.028452308406355,0.1494352781906654,0.0046226249993147,55.88469214861813,0.1521900288568741,3.018916579372005
-0.0039621918,0.069110766,0.0010616601,97501.984,0.5357486,245.932,-95.674515,0.6078083,15.738865,0.16955812,0.1061720768676349,0.0056511945215574,0.0172131993029452,96.96233352649368,0.107706732083702,2.734640827760201
-0.0015075472,0.0046461537,-0.0008703744,93633.02,0.078200765,329.68887,-68.679985,327.09662,-42.185925,0.55408686,0.1234645340409239,0.6294286903889987,0.0765462657186565,336.88097515759216,0.6459746885491905,1.160507581746156
0.0015075472,0.030926153,-0.0008703744,101883.016,0.78229785,249.5085,93.01071,564.39685,-31.762062,0.12693013,0.0890866171011206,0.527274292803777,0.0311179900634941,572.8905873263396,0.5356518780923264,1.160507581746156
0.0011935149,0.028006153,0.0006890677,100477.69,0.76012677,249.05687,59.493034,684.87213,11.4462,0.13094975,0.0600226715461738,0.651929069989052,0.0302976919542802,687.5465591795962,0.6553870486468942,0.9187653821431114
-0.0012458276,0.036316924,0.0021578514,94725.83,0.18442675,281.2295,-18.817648,253.99013,8.568049,0.3384564,0.0303257949321,0.4053541071414805,0.0244635586075033,254.83033861244857,0.4072223860674575,1.6611119533351038
-0.004491879,0.009363077,-0.0025933797,98088.44,1.1851271e-08,296.51636,5.658639,-1.4726788,3.2324686,1.1474226,0.0163544181745105,0.0042563608536549,0.009342357405977,6.6811549473333125,0.0193096670982256,3.4578474498201968
0.0008019567,0.046873845,0.00021488206,98093.23,0.9998159,219.84587,25.676825,1019.3707,36.78725,0.1082065,0.0227351319514359,0.902970960883056,0.0325783455168026,1020.3574006803368,0.9038444506769574,0.5534975051172251
-0.00045754042,0.021941539,-0.0007924895,94002.516,0.9991934,215.445,-7.8429275,1118.74,-11.686405,0.105886996,0.0070301050507989,1.0017463971935534,0.0104621625745327,1118.8285262602103,1.0018256951750768,0.610057499491838
-0.0021569484,0.057655383,0.0037359586,92116.2,0.54417926,244.61313,15.384291,104.32921,9.502342,0.16003224,0.0171248511862115,0.1158362161713961,0.0107876302690509,105.88463048186809,0.1175910816000858,2.875939503395293
0.0056685233,0.048446152,-0.0015188704,97700.86,0.00017910571,295.9629,-7.47847,7.25981,1.5802684,1.1423062,0.0216101550471808,0.0209718396667098,0.0045633395518628,10.541802644379118,0.0304571982958868,3.9123237593043534
3.469447e-20,0.055184614,-0.0006,93860.65,0.9988695,221.98763,13.3130245,989.88086,-8.9163885,0.1026295,0.0117380278532596,0.8729972920799685,0.0078593874213993,990.010533075058,0.8731115754859062,0.3999999999999999
-0.00069490174,0.06888615,0.0025934312,96975.336,0.86311764,243.509,-31.071682,208.5575,46.19734,0.110736996,0.0282059347833738,0.1879077294154412,0.0415026009139239,215.8607756208495,0.1944925587617455,1.7899439863847344
-0.003667574,0.03249846,-0.003667574,98846.73,0.00075469835,300.784,0.81435287,18.866375,-0.05115264,1.1286012,0.0023295452155632,0.0538455791251734,0.000558773191595,18.884011566139257,0.053898844140819,3.457821927871294
-0.0046863924,0.04283077,0.002705682,99425.375,0.0003133194,298.92914,6.4177337,22.039288,-2.4868798,1.1488937,0.018434824175111,0.0632972273472508,0.0071385345530713,23.089003714554416,0.0663124453461204,3.607583913671109
0.0041669416,0.036316924,0.0011165227,97968.46,0.007395395,303.80676,-1.0497818,56.878338,-1.4515784,1.0187944,0.002883993092716,0.1548069958283187,0.0050306837320169,56.90654141064278,0.1549155613628259,2.8759558980875943
0.00392167,0.006667692,0.002264169,98061.766,1.470716e-08,296.6349,-8.141074,-1.7864913,-4.7009664,1.14665,0.023524325994048,0.005162370000461,0.0135840556744914,9.5691024726659,0.0276508688120931,3.0189002301766195
-0.0050100614,0.020593846,-0.0013424361,98329.555,1.4546207e-06,299.458,7.746951,7.2548723,2.0375748,1.138925,0.0222790756341235,0.0208602118141283,0.0058604549613826,10.807411019818916,0.0310781366943979,3.4578638180467665
-2.0677499e-19,0.012732307,-0.0045283833,98278.55,4.6665562e-07,299.4016,-0.022238739,4.195761,5.50837,1.1385638,0.0020180952632008,0.0120651074973123,0.0158433407816673,6.924380476803201,0.0200162677474372,3.0189222
0.0045836214,0.014529231,-0.0012281717,98305.5,3.118164e-07,299.0585,-4.4940686,4.791214,1.1476066,1.140185,0.0129335225462575,0.0137860725648021,0.0033026246081284,6.668536952260633,0.0191895578771048,3.163541676540452
-0.00031432978,0.060126156,-0.0005329707,92063.65,0.9997671,220.66,-37.3164,1023.8125,-49.194298,0.101182126,0.0329902681836513,0.905157246504518,0.043492098875882,1025.672768392007,0.906801831360689,0.4125050721052952
1.2490008e-19,0.04754769,-0.00075,98255.44,0.9999052,219.6125,0.95913374,1058.8925,20.287113,0.108492374,0.0025644105565308,0.9384477663652018,0.0179848671363602,1059.0872548792454,0.9386235890085286,0.5
0.0016267902,0.0608,0.0016267902,90548.21,0.19189824,272.38724,-7.647486,385.97974,-14.12811,0.32502225,0.0152333083469889,0.617291194746166,0.0225650594759296,386.31392315675066,0.6178912968342375,1.533752509317093
-0.0007244437,0.021043077,0.00019411351,100375.6,0.999875,206.48538,-5.932826,1405.8163,28.872625,0.11789675,0.0059025699481669,1.2850717206242988,0.0263816763530496,1406.1252775782202,1.2853560441867793,0.4999994352148855
0.0013781823,0.029129231,-1.5183822e-19,98877.21,0.91591126,242.75375,64.6215,774.437,29.73745,0.10787038,0.0577639091032704,0.6805166658177761,0.0264701528931908,777.6971911764582,0.6834766057772735,0.9187882
-0.0006495165,0.06978462,0.00037499773,98086.56,0.9994785,227.71375,-21.129549,780.2184,-26.685638,0.1044905,0.0183910634867504,0.6791274886382702,0.0232278611531291,780.9605193701987,0.6797734259104621,0.4999977694516481
-0.001007429,0.03788923,0.0037597984,99542.125,0.02458025,304.9205,-0.23848262,88.95428,10.513786,0.85517037,0.0050787075030677,0.2199447937413952,0.0259768057170734,89.57377127447654,0.2215317133033308,2.5949521253287604
-0.0007791963,0.03654154,0.0013496222,100534.89,0.9540262,242.11612,-51.989662,675.48975,38.95856,0.105307505,0.0449030138706816,0.5827467134213442,0.0338218060986751,678.6067319937301,0.5854519000104323,1.0389368404857235
-0.0033619737,0.06619077,0.0009008322,89957.4,0.3745425,255.95512,-21.508087,234.45638,-3.6049323,0.20385487,0.0273366555674049,0.2975213495656554,0.0058756946875957,235.4684426117257,0.2988323442551721,2.32037983596063
-0.0006495165,0.069110766,0.00037499773,96759.734,0.99955165,226.9045,-26.982063,803.05786,-22.139263,0.1034375,0.0235253318296582,0.7002288232726216,0.0193034567081849,803.8159647566716,0.7008897699498408,0.4999977694516481
-0.0001279371,0.06978462,-0.00044156975,97764.58,0.99995726,225.76276,-12.792274,848.1035,-34.56999,0.10500012,0.0111806233100325,0.7412173287784859,0.0302128821025408,848.9041601941536,0.7419170796416922,0.3064867194305833
-0.0009705788,0.05069231,-0.00026006208,96137.04,0.9957434,230.40012,-2.496725,716.1005,8.948236,0.101574376,0.0023601879392965,0.6207952005108602,0.0077615971354741,716.1607575562119,0.6208482051633244,0.6698774323920479
-0.004299605,0.05540923,-0.00248237,93469.5,0.08111929,273.09338,-1.3418072,37.431812,-0.23988253,0.5930263,0.018610385625928,0.0778703526175532,0.0110566996118062,37.45662210869414,0.08082319516224,3.3098347708290348
0.00083024846,0.030252308,7.63982e-20,97629.11,0.99986476,214.92801,13.788213,1198.735,-2.3691356,0.1101605,0.0123585556487838,1.074099366381583,0.0021277113552529,1198.8166364570625,1.0741725698949185,0.5534989733333333
-1.3285194e-19,0.018796923,-0.0024917016,98423.46,0.00550289,372.4019,-1.3221929,185.27776,-10.436737,0.8555045,0.00508005388624,0.4610668366384686,0.0257893541643683,185.57618926977025,0.4618154670249867,1.6611344
0.002264169,0.03744,-0.00392167,98530.8,0.012745436,299.115,3.242755,49.212227,-4.956311,0.97801113,0.0086422180183772,0.1308597043159364,0.0131933277722212,49.56736592777828,0.1318067298875013,3.0189002301766195
-0.0030781461,0.011609231,1.8567266e-19,98415.08,0.00042515612,327.26837,2.2792,51.6835,0.35283363,1.0374675,0.0062569359258928,0.1415797241654352,0.0010081973659507,51.734934197894354,0.1417215015580563,2.0520974
-0.0054114084,0.03204923,2.5823509e-19,98603.02,0.000113844835,299.83276,0.8442454,13.200388,-0.969589,1.1389625,0.0024251410908172,0.0379025107105482,0.0027841786127387,13.262846469551178,0.038081928496614,3.6076056
-0.00035669186,0.05406154,0.001331215,96100.11,0.99387,233.87312,13.603487,655.08215,1.0871162,0.1002028,0.0117187312779448,0.5641409299504578,0.0037190711074138,655.2242821575021,0.5642748877967494,0.9187823969714264
1.5183822e-19,0.04328,0.0013781823,96925.21,0.7086051,244.84662,13.157907,629.00146,29.838219,0.13441575,0.0129361604155946,0.6199930339523243,0.0297436370543374,629.8462403728739,0.6208408736068576,0.9187882
-1.5513156999999998e-19,0.061923075,-0.0036853154,90141.086,0.366021,254.1305,-0.46187115,203.9875,-14.890915,0.20983188,0.0215873733491296,0.2627681095490574,0.0201299402876031,204.5308114459688,0.2644207037659543,2.456876933333333
-0.0041095437,0.05159077,0.002372638,96932.67,0.028395362,283.8679,6.4092736,43.23639,-6.4931087,0.86559,0.016071043508344,0.1085672755347584,0.0162708593822372,44.18851286139615,0.1109498653515351,3.1635254947783733
-1.2490008e-19,0.031375386,0.00075,98665.21,0.99990165,213.94012,-9.327011,1243.0575,0.669308,0.1118415,0.0083674037901315,1.116329541392721,0.0014523751846383,1243.0926712894911,1.1163618444867895,0.5
0.0054114084,0.06731384,-1.4721278e-19,94934.95,0.075898886,270.94287,84.80946,-5.2779875,-0.38141382,0.649213,0.1816929305169092,0.0108890117533507,0.0267381170156956,84.97439104838494,0.1839723307411525,3.6076056
0.001159104,0.036316924,0.00031057486,97665.15,0.96328336,235.13025,-4.239051,677.8115,-24.301039,0.104304,0.0041960940038843,0.590635616490942,0.0211970755545013,678.2602299870679,0.5910307561240682,0.7999941184450516
0.0052270126,0.024187692,0.001400568,97427.914,9.337324e-06,300.46375,-2.4557724,4.366665,-0.7105351,1.1245975,0.0070511843112486,0.0125280179721605,0.0020399544610942,5.05998433111791,0.0145200498864608,3.607600091361616
0.0008019567,0.017673846,0.00021488206,102028.5,0.99967086,210.44388,-1.0983576,1289.76,-7.698049,0.11761312,0.0100554806975731,1.168139955776862,0.0069612351823486,1289.7834407170158,1.1682039752413498,0.5534975051172251
0.002973254,0.06237231,0.000796675,90392.39,0.25960135,262.8874,8.362894,308.17212,4.6647463,0.2683375,0.0159894287563614,0.4479330995557855,0.0106821354905085,308.32086111613177,0.4483456607666071,2.0520916596531995
0.00087018503,0.01655077,-0.00050239643,95351.875,0.99830925,215.89325,-14.46224,1050.1927,18.334246,0.107269004,0.0138732729833843,0.9399251355653936,0.0164341871113347,1050.4522873960036,0.9401711603090712,0.6698670379885004
0.0025934312,0.05091692,0.00069490174,94367.31,0.24217474,266.90625,-3.860521,308.871,11.281196,0.290615,0.0306903747354856,0.4578470738734453,0.0168916247831644,309.10105733656405,0.4591853320215007,1.7899439863847344
0.002039934,0.06035077,-0.00054659264,91349.63,0.24007575,266.50412,-6.955131,421.73813,7.9847484,0.283583,0.0112538279152857,0.6270604780977048,0.0137329449067934,421.87104706312255,0.627311792979123,1.4079290131187046
1.2490008e-19,0.020144615,-0.00075,99666.92,0.9998619,205.30887,-0.42250472,1413.8275,32.67865,0.117729,0.0018551868137041,1.2962223510640676,0.0299691943555303,1414.2051733862068,1.2965700820728867,0.5
0.00016102531,0.015652308,0.0005830067,90915.42,0.99993086,192.12888,19.065632,1670.6887,75.50906,0.11473137,0.0180690037721203,1.583192744358788,0.0715300955746386,1672.5028695859785,1.58491082060176,0.4032236559999844
0.0037359586,0.0077907695,-0.0021569484,98069.04,2.8851892e-07,297.808,-7.1507225,-0.3057467,4.2146125,1.142215,0.0206220612348177,0.0013287466043553,0.0121544282872135,8.305978078572288,0.0239742591981519,2.875939503395293
0.0032019995,0.039686155,0.0032019995,100052.516,0.0045264447,302.6321,0.25943714,54.646824,-0.6579352,1.0821037,0.0036642366584876,0.1516684764820071,0.003085239995407,54.65140034476689,0.1517441006909059,3.018874079741246
-0.0030503666,0.047996923,-0.0030503666,98184.4,0.063978,279.97824,8.66694,63.40715,12.177464,0.66301435,0.0194538379590358,0.1384666982295775,0.0263917396145987,65.1450163063714,0.1422954751558252,2.875913210619937
-0.0008019567,0.037664615,0.00021488206,99575.08,0.99988025,214.89587,-27.824062,1190.305,-28.541525,0.1123735,0.024921512974704,1.0665318026572397,0.0255638904256352,1190.9722037480578,1.0671291769893387,0.5534975051172251
-0.00019411351,0.0044215387,-0.0007244437,30459.363,1.0,128.08737,-141.56557,2287.7537,-555.16876,0.057158723,0.165713790388155,2.65865442389453,0.648919070855447,2358.40415420111,2.741714858722304,0.4999994352148855
-0.0019252748,0.029353846,1.6320611e-19,93312.86,0.22673613,277.73236,-4.1962585,352.90012,-14.134548,0.290939,0.0205957463496821,0.5260619706216254,0.0208689732932199,353.2079964108649,0.5268784449456264,1.2835165333333334
-0.00023684214,0.045975383,0.0008839167,97588.61,0.9942321,225.93575,15.1925,821.6992,20.75645,0.10529388,0.0133065312743831,0.7198692387106922,0.0181803853282667,822.1017075480945,0.7202217096333267,0.6100648168910395
-0.00025366183,0.010036923,-0.00041642482,93399.766,0.9999779,185.45837,117.932,1807.015,175.78,0.12199862,0.1138071381513445,1.74298243404174,0.1695346158628992,1819.3707085827784,1.7549022240706311,0.3250667997750489
-0.0009705788,0.06461846,-0.00026006208,91624.08,0.999502,227.89525,-0.7534411,724.9714,36.42585,0.09752738,0.0014848481482346,0.6308150828417525,0.0316972735287651,725.8863141289232,0.6316126903916891,0.6698774323920479
0.0018426349,0.06372,0.0031915514,92106.56,0.3836099,255.7625,-0.49720013,232.623,13.42095,0.20512988,0.0187472502330364,0.2924102176226407,0.016820199265079,233.0103629366552,0.2934929536883929,2.4568546932603774
0.0012281717,0.053387694,-0.0045836214,95032.52,0.0726875,275.51837,-1.58331,58.240524,3.44849,0.61904585,0.0115052995250072,0.1237498610365337,0.0206332822322238,58.36400936905188,0.1259846512849725,3.163541676540452
0.0015584395,0.018123077,-1.7182793999999998e-19,101388.17,0.56903076,263.3485,111.92683,633.3769,-10.587733,0.17261413,0.1197827657553621,0.6777352880773826,0.0150488379513413,643.2775550394543,0.6884035874405525,1.0389596666666667
-0.00084845215,0.06506769,0.0031664888,90887.734,0.37586224,256.0056,12.015443,310.00085,11.466177,0.20554863,0.0151214745302436,0.3934696515223901,0.014552817081364,310.445439789674,0.3940289458226687,2.185459257238885
-0.00392167,0.036092307,-0.002264169,98140.95,0.016964912,299.75638,-8.115804,49.094727,-6.7116237,0.9288265,0.02107358953596,0.1273740403574744,0.0174325413858537,50.21159613536844,0.1302771500766237,3.0189002301766195
-0.0052270126,0.051141538,0.001400568,96519.44,0.001804969,294.26624,8.831823,16.045675,-3.697085,1.1112113,0.0253667792141783,0.0459549546458609,0.0105685574634733,18.6851069359043,0.0535446145850611,3.607600091361616
1.588243e-19,0.03923692,0.0028803973,101832.27,0.06501089,301.43713,-3.1098785,163.42725,26.547375,0.6422395,0.0138077814130862,0.3432503380697934,0.0555360559902419,165.5986126337956,0.3479880787146742,1.9202648666666664
-0.00044156975,0.05496,-0.0001279371,94007.69,0.99987715,219.11012,7.9343214,1073.0062,-8.781919,0.10404025,0.0070413362249475,0.9519771781216756,0.0077884785811712,1073.0714704975812,0.9520350773364136,0.3064867194305833
-0.00071900955,0.053836923,-0.0004151182,95176.19,0.99824536,225.915,8.273067,846.9766,-8.459058,0.10231675,0.0072295807487594,0.7406673814563213,0.0073934601714106,847.0592424661888,0.7407395628994531,0.5534930905771464
0.0021578514,0.03654154,-0.0012458276,94857.42,0.055312462,309.33,-0.8225789,191.89938,-11.786869,0.6128073,0.0222933564255779,0.4120746946220693,0.0254367094258198,192.2627862100575,0.4134604864736207,1.6611119533351038
0.00035669186,0.0028492308,0.001331215,96009.734,0.039336797,292.8914,13.5838785,87.804565,53.436512,0.83248764,0.029670119971702,0.2022283434263024,0.1154426234724679,103.68039450478636,0.234741598823659,0.9187823969714264
-0.001331215,0.032947693,-0.00035669186,101239.96,0.9860779,235.767,-22.545725,646.14923,50.543537,0.10549125,0.0194086997745376,0.5562299356484129,0.0435092515437633,648.5150624911028,0.5582665079585862,0.9187823969714264
0.00045754042,0.021492308,-0.0007924895,96368.02,0.99899316,216.02037,22.714262,1089.299,0.45544788,0.108282626,0.0203106169656663,0.974187348825776,0.0036698145994492,1089.5358904285697,0.9744059622728682,0.610057499491838
-0.004149602,0.052713845,-0.004149602,96153.984,0.0010542742,293.93036,6.6619987,3.394718,5.3677287,1.1190275,0.019205964650441,0.0097646996402818,0.015477493061587,9.204284240239945,0.0265286869009829,3.912282284567013
0.0011503282,0.007116923,0.0019924412,98381.92,1.947634e-05,358.87326,1.3429317,121.82582,1.2943792,0.95165074,0.0037776115259487,0.3189898771276423,0.0042542536751025,121.8400972657879,0.3190406098494068,1.533779196505254
-0.0041669416,0.03586769,0.0011165227,98087.02,0.01903745,302.57025,-11.709091,61.623425,-0.42750093,0.8975496,0.0299412010203426,0.1573476648699394,0.0016202250814385,62.72744278082805,0.1601792380050481,2.8759558980875943
0.0039870623,0.055858463,0.0039870623,93440.586,0.013322775,289.72174,-3.7527802,8.852729,-2.4877756,0.9546404,0.0217254917053493,0.0238124631804758,0.0150494281785254,9.9319281820253,0.0355740872133258,3.759038385790977
-1.6320611e-19,0.044627693,-0.0019252748,96635.734,0.65892714,243.27112,3.9882462,459.49387,-4.662675,0.14145525,0.0065679226130322,0.4680899659124146,0.0216411963952707,459.5348335148103,0.4686359943247583,1.2835165333333334
0.0025934312,0.05990154,-0.00069490174,92318.25,0.239168,267.15726,-1.8079131,341.66574,33.027462,0.28894,0.0295975795438217,0.5106058360940424,0.0493943996170462,343.2631056284468,0.5138425277083218,1.7899439863847344
-0.001331215,0.067763075,0.00035669186,95444.086,0.90981615,240.029,-31.088614,602.98737,-29.6413,0.10550438,0.02775387652515,0.5341634630565527,0.0263712250140197,604.5154067231438,0.5355336818870335,0.9187823969714264
1.00559694e-19,0.03586769,0.003480578,97024.984,0.018679975,309.11115,-2.4669025,108.242004,10.7225485,0.8745239,0.0062125221819556,0.2740557990421265,0.0268785489320407,108.7997706073656,0.2754407972925794,2.3203853333333333
0.001007429,0.06843692,-0.0037597984,96055.81,0.7266664,244.66638,2.4107213,2.3760152,-56.236626,0.129593,0.0107427219597542,0.0143865225502973,0.0536193414934277,56.33839835565776,0.0565456619767035,2.5949521253287604
-0.00095382205,0.025086153,-0.0035597347,98227.96,0.014251812,332.13974,-1.2291256,91.0807,-11.93792,0.86272526,0.0051642880252607,0.2278866533529277,0.0299226928943376,91.8679410684542,0.2299007703276658,2.4568713291004243
0.0023251872,0.054735385,-0.0013424391,92242.77,0.24441963,264.60098,-8.658366,320.43024,1.0038699,0.28470287,0.0268728719848623,0.4747912487107836,0.0126435917307881,320.5487697106693,0.4757191834611201,1.7899271558427734
0.0035105823,0.009587692,-0.0035105823,98082.71,5.0782674e-08,296.9245,-4.4860177,-0.9247449,4.530894,1.1457775,0.0129565460054794,0.0026710761643111,0.0130859832180111,6.442709707415452,0.0186077857105493,3.309808733657956
-0.0045283833,0.04867077,1.5126382999999998e-19,98794.35,0.036841713,289.7305,-8.565306,51.24346,1.0357187,0.81587976,0.019844730013579,0.1231810002828231,0.0088580224527043,51.9646935223404,0.1250833190387963,3.0189222
-0.0031664888,0.03901231,-0.00084845215,97004.984,0.10328851,284.36624,-41.12821,150.5745,-21.718193,0.51691115,0.0787281718199652,0.2909191093785417,0.0417923727187991,157.5940659264788,0.3042674081415636,2.185459257238885
0.00050239643,0.069110766,-0.00087018503,96323.54,0.9948775,233.87476,-18.300188,615.52765,-31.400414,0.10034002,0.0157525441693324,0.5298212752831155,0.0270265201522519,616.5996843939586,0.530743967635972,0.6698670379885004
-1.3877788e-20,0.04036,-0.00015293711,99974.86,0.99994624,208.17963,25.340061,1312.2324,-29.157738,0.116444245,0.0230622564834585,1.1942998096204434,0.026536492483308,1312.8008851255854,1.1948171778003749,0.1019580733333333
0.0028192918,0.04575077,0.0048831706,98834.414,0.00079187367,297.3695,-2.9523926,12.1922245,-5.51791,1.1409062,0.0084894107117797,0.0349920761001106,0.0158490602735108,13.704535420474311,0.0393409226579981,3.7590637937450806
0.0045836214,0.010935385,0.0012281717,97788.875,7.026215e-08,297.56436,-6.470584,0.28388917,-1.8301787,1.13989,0.0186680781351699,0.0013422726607992,0.0052804097534146,6.730423793182193,0.0194468908651407,3.163541676540452
-1.5126382999999998e-19,0.003523077,-0.0045283833,98094.29,2.463595e-10,295.51974,0.014694989,0.27255425,11.136587,1.1513612,0.004255673970734,0.0007890620985301,0.0322409856909106,11.139931407798873,0.0325302096252394,3.0189222
-0.0025933797,0.021716923,-0.004491879,97680.2,2.5364568e-06,299.7555,4.7004275,5.9327965,7.575489,1.1302675,0.0135114442932703,0.0170479085681093,0.0217749983947054,10.70888073433865,0.030778902977952,3.4578474498201968
-1.6320611e-19,0.024412308,-0.0019252748,98893.31,0.10501266,306.48236,12.142496,343.42236,-13.711955,0.5065341,0.0223309684637977,0.6372301486913117,0.0372939326156124,343.91041750287485,0.6387110238312943,1.2835165333333334
-0.0049647847,0.05496,9.37506e-20,95307.48,0.0756504,275.11737,5.228896,25.5368,-0.9249995,0.6171881,0.0145441255470479,0.0538238987735032,0.0029478203185137,26.083042991449755,0.055832188849613,3.3098564666666666
0.0024067922,0.06888615,-0.000644892,96538.06,0.76650316,244.8385,22.365925,233.76524,-23.239613,0.122548,0.0211613359980712,0.2225391137505138,0.0222911082942085,235.9798755100803,0.2246516254093691,1.6611287174214255
0.0007791963,0.06686462,-0.0013496222,88231.52,0.3224805,254.77899,3.9871113,492.96237,-26.843466,0.22735475,0.0166462686844707,0.6673309053308061,0.0362241089448783,493.7087876060428,0.6685206216262886,1.0389368404857235
0.002317984,0.0064430768,-0.002317984,98014.016,8.1176097e-07,302.30063,-7.835606,7.125899,8.177125,1.1246225,0.0224294720410699,0.0203835019655312,0.023406674980641,13.38060279699917,0.0382941353482398,2.185416273442557
0.004299605,0.008464616,0.00248237,98184.89,3.466411e-08,296.72812,-6.0912876,-1.326035,-3.5260687,1.1477325,0.017598617246477,0.0038312902351527,0.010187332192234,7.162074694127286,0.020692313815736,3.3098347708290348
0.0013424361,0.029129231,-0.0050100614,98410.46,2.3713666e-05,300.27286,-0.20003757,15.5661125,-0.54849535,1.1364375,0.0005988495875906,0.0446900113662252,0.0015747773418193,15.577057505865456,0.0447217582438146,3.4578638180467665
0.0041669416,0.052264616,-0.0011165227,96367.766,0.117750034,269.69363,-9.657415,87.93059,2.60287,0.48690388,0.0197102279186057,0.1659146918006231,0.0107554044587627,88.49762287466949,0.1674271685389522,2.8759558980875943
-0.0010559278,0.025086153,-0.0018289352,100253.914,0.05283205,325.32986,5.1884503,254.78775,-18.0485,0.651715,0.0131596056368249,0.5428631528281062,0.0389619504664336,255.4788952513065,0.544418599519834,1.407912163392128
-0.001159104,0.024412308,0.00031057486,99790.56,0.98851,234.36125,-16.145174,809.1553,14.851091,0.10436712,0.0138792852949531,0.6979873150492142,0.0127906553189864,809.4526058179506,0.6982424560232633,0.7999941184450516
0.0028803973,0.03699077,-1.8657987e-19,98906.81,0.069529615,296.973,14.690531,141.79124,-14.6538,0.6069245,0.0306948751608345,0.2952365828667159,0.0303137615378175,143.30143508087963,0.2983718139545457,1.9202648666666664
-0.00544649,0.06956,-0.0014593768,96780.164,9.7937416e-05,294.11987,-52.910774,0.30480364,-14.676353,1.1398575,0.1534389224685105,0.0029654550694846,0.0425692968187896,54.90936393656953,0.1592621797028815,3.7590799089658
0.00023684214,0.023064615,-0.0008839167,95280.96,0.9990513,217.45975,-25.050526,1068.6729,9.079996,0.106350124,0.0223041449529216,0.9525611500325024,0.0080673762467076,1069.0050244852205,0.9528563910646928,0.6100648168910395
-1.588243e-19,0.02373846,-0.0028803973,96924.73,0.0031019712,365.40787,2.4725685,180.46976,-8.259587,0.8836399,0.006311309059258,0.4604154670648285,0.0210661403489772,180.6755895157267,0.4609403618731695,1.9202648666666664
-0.0026657272,0.041033845,0.00153905,99776.56,0.09236953,284.43826,13.675607,163.02362,-10.25101,0.5485997,0.0321997226212023,0.3232878466517381,0.0200290295028311,163.9170708338303,0.3255042487471176,2.0520749831783918
0.0037359586,0.012507692,-0.0021569484,98183.164,8.7864566e-07,300.73788,-4.664219,6.049386,2.659245,1.1324025,0.0133854325567721,0.0173558143896916,0.0076314477697853,8.088361628103803,0.0232084702840209,2.875939503395293
-0.0007775554,0.056083076,-0.0007775554,96997.54,0.7534436,248.32974,-74.20484,624.4271,-86.98771,0.127828,0.0753241964834562,0.5983808128166427,0.0870711508445745,634.8089658983084,0.6093559854735021,0.7330862614509579
-0.0038263933,0.02531077,-0.0038263933,97749.95,1.110512e-05,299.38348,-0.07083885,5.6170635,0.07525491,1.1323488,0.0006599679691353,0.0161484111017697,0.0007554215235505,5.618014222764186,0.0161795364739008,3.607558199889029
-0.0001279371,0.026658462,-0.00044156975,98583.48,0.9999735,202.20262,10.335003,1513.8313,-16.915874,0.11822087,0.0095439046113418,1.398062503861355,0.015614269626316,1513.9610840242506,1.3981822686024432,0.3064867194305833
-0.0025933797,0.023289232,0.004491879,97647.836,2.5267824e-05,302.40762,2.2496276,7.2309327,-2.6929188,1.1196625,0.0064377779227955,0.0206775936597739,0.007706601633474,8.037351784885647,0.0229869435306005,3.4578474498201968
0.0029342247,0.0062184613,0.00508224,98128.08,1.7344416e-11,295.69174,-3.57387,-1.229545,-6.1580563,1.151085,0.010343491634119,0.0035585549940009,0.0178227259162426,7.22537093012495,0.0209117357461288,3.912307532088964
0.0025934312,0.039686155,0.00069490174,95510.7,0.06617255,299.21426,27.856127,177.61537,-3.4805243,0.6002525,0.0575501428500278,0.3735777517732372,0.0098677379093629,179.82018107287047,0.3781133795747684,1.7899439863847344
1.2490008e-19,0.014753846,-0.00075,105180.5,0.9997792,203.70413,3.187037,1435.7087,-56.172714,0.12523663,0.0069320884780106,1.3213655517681349,0.05171574716528,1436.8107050891062,1.3223953621194524,0.5
0.0014593768,0.024636922,0.00544649,97709.94,1.5852526e-06,298.9276,-0.11988376,2.8618813,-1.3331816,1.1337563,0.0011134464827749,0.0082332664537987,0.0038381808518826,3.159447715943403,0.0091519436089286,3.7590799089658
0.0033709237,0.010486154,-0.0019461956,98569.83,3.8498497e-06,303.519,-4.09538,8.625994,2.502865,1.1264112,0.0116998406335694,0.0246292815032809,0.0071504473656764,9.87138506191816,0.0281889459850503,2.594935572283576
0.0004151182,0.04507692,0.00071900955,96801.19,0.99943936,220.9465,23.692112,992.5818,31.53705,0.10628675,0.0209396070993799,0.8772143420910643,0.0278663466318801,993.3652557770296,0.8779066023161822,0.5534930905771464
0.0039870623,0.029129231,-0.0039870623,98738.27,8.288843e-06,298.26138,0.7310129,8.259648,-0.6962751,1.1481426,0.0021064644579511,0.0237980312399601,0.0020062420623581,8.321115547734596,0.023975164037468,3.759038385790977
-0.0018984762,0.061024614,-0.0018984762,91765.64,0.32566726,258.032,-12.347396,330.04437,-2.73334,0.23164387,0.0192422732783883,0.4419947754292728,0.0077169251012715,330.28656573380835,0.4424807312422905,1.7899005265883576
0.00014174538,0.03586769,-0.00029804165,96114.7,0.9999765,207.88188,-29.291725,1388.99,5.0090613,0.11210713,0.0266738720349414,1.2650896402285248,0.0046729611738661,1389.3078549941993,1.2653794410488133,0.2200207847616693
9.37506e-20,0.004870769,0.0049647847,98070.56,6.9352424e-10,295.67487,0.0054800063,-0.93454987,-9.683454,1.1504787,0.0037184388138228,0.0027048576358217,0.0280267243318049,9.728447710714288,0.0284014140284104,3.3098564666666666
9.37506e-20,0.06753846,0.0049647847,98599.766,0.24810125,258.6374,-7.1742,-1.9097122,146.32103,0.36126477,0.0317006553413676,0.0108809813078399,0.2186666739900549,146.50924874077995,0.2212203463001689,3.3098564666666666
0.0027523169,0.030027693,0.0027523169,97400.27,0.015006525,316.96576,2.1750383,77.75536,3.3200798,0.89011335,0.0057251525578753,0.1981831177700401,0.0083910784643337,77.85659721702737,0.1984432809108414,2.594909258619116
-0.00025366183,0.01744923,-0.00041642482,105508.25,0.9999606,198.57988,24.0469,1624.2712,26.817013,0.1288125,0.0224443194836821,1.5137599991331396,0.0250351972199165,1624.6705317495275,1.5141333638595011,0.3250667997750489
-0.0026657272,0.051366154,-0.00153905,96533.52,0.3491599,255.4505,24.991987,242.69838,8.104633,0.23380537,0.0323278942532642,0.3192389087471466,0.0161959203760263,244.11634141305916,0.3212800669847817,2.0520749831783918
0.0010616601,0.024412308,0.0039621918,97986.016,0.008251853,321.57437,2.6721437,54.619762,4.9340687,0.95260465,0.0070518359234292,0.1437594169916012,0.0130327538178296,54.90722891228817,0.1445211093084058,2.734640827760201
-4.1633363999999997e-20,0.0017507585,-0.00476546,98235.375,1.9387515e-14,295.4734,-0.036640003,0.37778512,9.574114,1.153195,0.0036323468406353,0.0010937922982589,0.0277197440957551,9.581634671166984,0.027978108190093,3.176973333333333
-0.0004505431,0.017673846,-0.0016814725,101713.234,0.42407274,271.80927,-39.290012,482.98865,-100.468834,0.21121937,0.0464973939515569,0.568374136958904,0.1147523876556548,494.8896116075808,0.5817037714169807,1.1605245659162278
0.00069490174,0.020593846,-0.0025934312,98723.1,0.001597865,364.06573,0.042673115,177.87537,4.6500664,0.92109215,0.0034286386675901,0.458898175982129,0.0119944097440754,177.93614638728144,0.459067704535994,1.7899439863847344
-0.0004505431,0.020369232,-0.0016814725,108644.45,0.4477169,270.9215,-25.752138,483.077,-85.542534,0.22076488,0.0292474049429472,0.5647799811330929,0.0991889205685532,491.2678349573806,0.5741692082898109,1.1605245659162278
-0.00054659264,0.030476922,0.002039934,87981.04,0.07873039,307.609,-13.922258,287.8305,42.793327,0.48818326,0.0271630461371919,0.5695593350231599,0.0835159621510047,291.3271268416271,0.5762903635507741,1.4079290131187046
-0.0024944716,0.061473846,-0.0014401756,91798.58,0.30755338,259.1565,-6.6704626,315.9465,9.917325,0.24149737,0.0127003114633485,0.432445249210533,0.0136297990731729,316.17248341483423,0.4328463502200303,1.9202423830851167
0.0037597984,0.014304616,0.001007429,98139.734,2.0136378e-05,307.87677,-4.039131,18.9192,-1.1353854,1.1054125,0.0114560039317057,0.0536263362627661,0.0032206529444306,19.37884949840145,0.0549308344414955,2.5949521253287604
0.0030142437,0.0062184613,-0.0017402662,98015.8,3.5430475e-07,299.78036,-10.165435,3.05964,6.07916,1.1340913,0.0292196463226528,0.008789742774409,0.0174739414336245,12.233300943507643,0.0351622800524501,2.3203631449363105
0.004149602,0.022615384,-0.004149602,97868.516,1.5320491e-07,297.18036,-4.0895276,-0.31363213,4.33306,1.14229,0.0118060700992677,0.0016169878596467,0.0125089753029742,5.966406797037066,0.0172763538994049,3.912282284567013
-0.0046863924,0.012956923,-0.002705682,98171.336,5.2523883e-09,296.62048,4.486641,-0.11531571,2.6284437,1.1479875,0.0129649847835041,0.0008425937964366,0.0075953461573632,5.201150013210875,0.0150495873030611,3.607583913671109
-0.00044156975,0.033396922,0.0001279371,98875.79,0.999985,206.83937,-13.693475,1409.3337,45.706726,0.115908876,0.0124997556476468,1.2868537926779378,0.0417303197502352,1410.14116102428,1.2875909083273696,0.3064867194305833
0.0009626141,0.06843692,0.0016673111,96007.766,0.67349535,247.25587,-11.079863,413.35913,-4.125385,0.13551725,0.0111480584076497,0.4144490781870616,0.0073234367085144,413.5281762103447,0.4146636592970128,1.2834938790837072
-0.0005954578,0.036766153,0.0022223014,99026.0,0.27630964,275.58975,-20.880737,311.05438,43.661438,0.27444375,0.0289504461944728,0.4346963972935772,0.0594951834471607,314.79700389786973,0.4397030395713519,1.533796090173774
0.0032781975,0.03452,-1.5699931e-19,99502.46,0.026013639,315.59412,7.5891013,130.22012,-7.428055,0.81644064,0.0182443425028385,0.3141844389421086,0.0179328504354694,130.65240186249576,0.3152242135868838,2.185465
0.0019924412,0.027781539,-0.0011503282,97002.15,0.05343981,320.13025,9.929574,221.42026,-9.298558,0.6244732,0.0210744878241904,0.4699143342212022,0.0195363657368651,221.83775864168945,0.4707921889005936,1.533779196505254
0.005186804,0.05204,-2.0375435e-19,96800.836,0.011104592,293.22537,-6.263405,32.1437,-0.8769123,1.0003872,0.0170617940224679,0.087017838713464,0.0058608543091888,32.75998576107622,0.0888682096301095,3.457869333333333
-0.0052270126,0.050018463,0.001400568,97070.69,0.0021302628,294.6739,6.5600615,17.6483,-3.4567962,1.111415,0.0188266864242673,0.0503881496471326,0.0098751767864425,19.142788191434303,0.0546893852876681,3.607600091361616
-0.0027523169,0.05293846,0.0027523169,96525.83,0.247266,262.2429,-13.224711,138.7045,8.942303,0.3021295,0.0195682016842758,0.2054053085804553,0.0130897372236329,139.62018508878768,0.206750082299312,2.594909258619116
0.0012849732,0.03788923,-0.004795607,98201.125,0.0025277212,300.4745,2.4977536,36.11379,-3.63933,1.0968875,0.007054990552777,0.1019073746269973,0.0102708967867559,36.382541473340105,0.1026663392542616,3.309850793761437
-0.0028192918,0.02284,0.0048831706,97649.8,7.514546e-07,298.34137,2.8870475,1.0192741,-4.2069626,1.135295,0.0083184752577829,0.0029342476572253,0.0121215388928245,5.203123799794295,0.0149912823020092,3.7590637937450806
0.00095382205,0.014978462,0.0035597347,98137.625,5.337545e-05,313.53937,-0.6936817,29.195675,-3.323135,1.0849925,0.0019500029876979,0.0819713656813248,0.0093378967794149,29.39237757029473,0.0825245637345421,2.4568713291004243
0.00083024846,0.018347692,7.63982e-20,99019.33,0.9997154,209.08224,42.52756,1300.8625,-10.433849,0.1148765,0.0386304612833732,1.1820569427842116,0.0094708712275492,1301.5992864437037,1.1827259301821076,0.5534989733333333
0.004491879,0.06349538,-0.0025933797,95125.81,0.47001138,248.78987,56.0107,-13.770673,-30.698664,0.18479475,0.0670620203849695,0.0164958654872136,0.0369139082923257,65.3394055738788,0.0783075014395207,3.4578474498201968
0.00074549386,0.023513846,-0.0027822433,96297.94,0.0025962887,364.4425,2.9128926,178.97313,-6.9059587,0.8860216,0.0074664478898668,0.4586730972589621,0.0177175015952153,179.1300043846986,0.4590758846378209,1.920259111647012
-0.0048831706,0.040135384,0.0028192918,99773.836,8.2390536e-05,299.0885,0.120270565,18.82865,0.5319879,1.1558275,0.0020088361958804,0.0541465519427247,0.0015301096761206,18.83654790446094,0.0542054032894232,3.7590637937450806
0.0031915514,0.05159077,0.0018426349,97733.15,0.3004405,260.75037,20.170702,179.97012,20.8493,0.2670104,0.029267188832231,0.2498395721386255,0.0297658361574294,182.293155720332,0.2533029513264775,2.4568546932603774
-1.8747665e-19,0.01655077,-0.0026849245,97945.414,0.00085251685,370.72437,0.06590073,157.15425,0.17119373,0.9063066,0.0004127226458511,0.4036257274217864,0.0019416198357861,157.1543570610179,0.4036306084334231,1.7899496666666668
0.002176526,0.019246154,-0.002176526,99375.67,0.00168653,346.01138,1.1960335,108.84489,-0.75947565,0.9747421,0.0038676120288356,0.2876014647152706,0.0033141203529878,108.8541105264664,0.2876465614654357,2.052048392038442
-0.00084845215,0.057655383,0.0031664888,93001.69,0.42667362,250.1975,17.37144,261.01562,-28.991724,0.19432138,0.0214179589682218,0.3187579866107344,0.035799529042941,263.1946824541677,0.3214762654912333,2.185459257238885
0.0039621918,0.05540923,0.0010616601,93615.25,0.46821624,247.91225,7.7700086,136.207,-0.2642001,0.18147574,0.017650000336325,0.1597240353211361,0.0055350973609871,136.42869816991185,0.1607915646852639,2.734640827760201
-0.0016814725,0.060575385,-0.0004505431,92768.65,0.83807826,237.67438,-47.0867,592.5774,-15.835717,0.11223063,0.0437160441804913,0.548759602857498,0.0145282577799995,594.6561209981397,0.5506898078966341,1.1605245659162278
0.00087018503,0.067987695,0.00050239643,95598.7,0.99619275,233.85425,2.9095738,648.37524,-11.269961,0.09947276,0.0031261027813667,0.5577951255961175,0.009687654414852,648.4797063021299,0.5578880042673886,0.6698670379885004
0.001331215,0.05069231,-0.00035669186,98452.52,0.9614341,235.42674,0.3841797,590.7574,-10.486777,0.105187126,0.00422565518601,0.5148964511667053,0.0091478214881834,590.8505951089916,0.5149950429118693,0.9187823969714264
0.00248237,0.040135384,0.004299605,100262.875,0.0012257961,301.01413,0.15775564,34.586437,-1.6954076,1.1368837,0.0009417769808207,0.0983657108746572,0.0048178695442106,34.62832537283688,0.0984881306894556,3.3098347708290348
0.0005954578,0.062596925,0.0022223014,92287.83,0.31871098,259.07788,-1.913686,380.74075,-3.7244065,0.23648863,0.0132301933024876,0.5144993241541598,0.0084769285293336,380.7637746798483,0.514739206673826,1.533796090173774
0.002050962,0.0462,0.0035523847,100431.586,0.091645665,282.56876,15.183065,70.79478,22.73985,0.59562236,0.0287705621673073,0.142759091522564,0.0436908275295192,75.8915483836318,0.1520420726969508,2.7346242628142687
-0.0021578514,0.067763075,0.0012458276,92798.36,0.3733521,258.49536,-27.290901,344.38214,-1.6415837,0.20877412,0.0345997898285604,0.4354694655841787,0.0061725074617816,345.465695005185,0.4368854549658486,1.6611119533351038
-0.004299605,0.033846155,-0.00248237,97930.29,0.002802909,301.23813,-0.49820718,27.2211,-0.36460024,1.0873888,0.0017547898306284,0.0765758992725298,0.0020679821446259,27.228099987682054,0.0766239139361648,3.3098347708290348
-0.0009008322,0.028455384,0.0033619737,97486.02,0.0232459,314.1625,1.5135925,95.19568,-2.2533975,0.822244,0.0036954956594172,0.2335146737091153,0.0055341512772193,95.23437537576156,0.2336094740287784,2.32037983596063
-0.0018289352,0.048446152,0.0010559278,99287.164,0.17011912,274.84525,-23.938759,330.96988,12.787849,0.39205724,0.0412877717069309,0.5529499868896129,0.0320442763918918,332.0807954876664,0.555414443225261,1.407912163392128
0.0004505431,0.05653231,0.0016814725,93478.4,0.8150957,238.89062,-12.667811,592.363,36.25001,0.11618187,0.0129911974446713,0.5548959700355892,0.0335901329708564,593.6063177136273,0.5560634908045876,1.1605245659162278
-1.4847213e-19,0.016775385,-0.0021119022,99303.08,0.044909548,341.601,-0.65523237,239.76712,-15.17821,0.6585326,0.0058896057639685,0.5174042924630967,0.0323391370556817,240.2479536257431,0.5184474024438727,1.4079348
-0.0010048215,0.027107691,4.0129963e-20,98211.96,0.99959373,223.21437,-1.1515121,956.71423,-13.857135,0.1067305,0.0052326989031162,0.8413276095476248,0.0121784395215376,956.8152716460048,0.8414320187122136,0.6698810000000001
0.0024917016,0.02531077,-1.3285194e-19,97690.79,0.00776826,360.66864,1.660901,201.848,-3.9787102,0.85244036,0.0049978024972145,0.5035153365822947,0.009945268144285,201.8940410982637,0.5036383430218995,1.6611344
0.0005329707,0.010261538,-0.00031432978,102409.31,0.99989736,192.342,-160.662,1672.4775,96.88125,0.12905724,0.1522398663441398,1.5840578851374354,0.0917618220178212,1682.9673920940395,1.5940001858063244,0.4125050721052952
-1.8923934e-19,0.00868923,-0.0023007027,97518.484,0.0019479203,372.55237,-0.0014484823,162.98238,-3.041947,0.88592637,0.0020795839889333,0.4138910194104114,0.007658561402464,163.01076539331171,0.4139670931135853,1.5338018
-0.0010996894,0.0026246153,1.0156928e-19,83261.54,0.22729264,226.59262,-155.59981,105.412346,-1.3314077,0.44908312,0.3165820505003782,0.1399544590028931,0.0432174711588835,187.9490255567276,0.3488254507732849,0.7331262666666666
-1.6405244e-19,0.025086153,-0.0017407954,94982.12,0.18710351,284.51337,23.917788,438.73724,-36.528126,0.36655375,0.0386928089040242,0.7017177479990766,0.0795751248035881,440.9044458096362,0.7072744388179779,1.1605302666666666
-0.0031664888,0.03586769,0.00084845215,97942.44,0.04944951,302.99713,-9.378729,124.559006,-1.1120296,0.6787906,0.0208680492444095,0.276351137616891,0.0035337332422941,124.91654471363972,0.2771604481379777,2.185459257238885
0.0019461956,0.01744923,0.0033709237,98487.875,0.0001425051,310.70886,-1.7065876,30.097736,-2.24846,1.0974487,0.0048158968660124,0.0848541661617982,0.0063467164987208,30.229815181932054,0.0852273617329156,2.594935572283576
-0.0010616601,0.046649233,0.0039621918,101235.875,0.10774038,278.53525,-3.0699937,79.26197,24.829662,0.5507399,0.0126091962426171,0.153466034878597,0.0469044382784812,83.11676644716867,0.1609684503915703,2.734640827760201
0.00084845215,0.058553845,0.0031664888,89014.33,0.33420238,252.66325,-15.403563,256.13312,-2.1466262,0.22694363,0.0391360631192018,0.345154015302004,0.0163168788701636,256.6048575496417,0.3477487113586904,2.185459257238885
-0.00074549386,0.01116,-0.0027822433,98393.0,0.00021926644,336.95374,0.71837723,69.23814,1.6962969,1.0103128,0.0019540186133504,0.1871276819348677,0.0046692974971716,69.26264158749024,0.1871961267606128,1.920259111647012
0.0004982899,0.056307692,0.0018596658,95450.23,0.6334011,246.34338,-6.704406,516.82837,42.45805,0.14517325,0.0197016217758387,0.5340280868875107,0.0440992222810275,518.612764118347,0.5362078821605706,1.2835107603984124
-0.0003036618,0.0062184613,2.8622937e-20,117155.414,0.999999,191.56537,462.65375,1795.4613,2.7985754,0.14568675,0.4452709566133119,1.7123469738453512,0.1233991832458688,1854.113697757239,1.7735911992526388,0.2024412
3.469447e-20,0.010486154,-0.0006,114591.75,0.9999009,197.95187,-1.1888621,1601.0188,138.97787,0.1402815,0.0181181011561355,1.4946960341536442,0.1299622165516539,1607.039968294588,1.5004448266548005,0.3999999999999999
0.0004505431,0.032273848,-0.0016814725,105477.23,0.68993723,249.30063,14.328934,474.70862,-71.81262,0.14590837,0.021443729152811,0.468669032269935,0.071243076779162,480.3234791712197,0.4745377448820884,1.1605245659162278
1.00559694e-19,0.065292306,0.003480578,90881.6,0.353691,257.42087,7.708065,278.49576,27.761185,0.21469176,0.009979174798086,0.3609202157450153,0.0361350300040768,279.9821172800614,0.3628618558852318,2.3203853333333333
-0.0006470514,0.058104616,0.0006470514,92009.766,0.9995992,225.71475,-36.85726,852.1578,-32.310814,0.09887486,0.032220509682725,0.7450273724918188,0.0282436306300589,853.5662612925198,0.7462584335720737,0.6100459102883323
0.002264169,0.061923075,-0.00392167,91188.11,0.36499864,252.48537,10.724929,101.659615,8.691618,0.21416537,0.0163765055766085,0.1315476788195104,0.0131538995078971,102.59261984890136,0.133214138926638,3.0189002301766195
0.0029004794,0.004196923,-0.0029004794,98039.56,4.2384114e-09,295.802,-9.223795,-0.12166911,9.276387,1.14962,0.0266906284360665,0.0004766207322123,0.0268426849021345,13.08222279844378,0.0378569220406231,2.7345982032425185
-0.0037359586,0.069110766,0.0021569484,99458.83,0.4764034,247.29388,-137.6059,9.888871,77.19467,0.19700037,0.1647243303175805,0.0131284356336818,0.0929821853964446,158.08918546464062,0.1896105155888298,2.875939503395293
0.001400568,0.0037476923,0.0052270126,98121.89,1.7072585e-11,295.46423,-2.3060663,-0.306194,-8.585011,1.1518987,0.0066768268228969,0.0008865278392901,0.0248563805626889,8.894611313360056,0.0257527785434894,3.607600091361616
-0.0054114084,0.025086153,1.4721278e-19,98136.25,7.733543e-06,299.68588,0.12770183,6.1248164,-0.006718997,1.1357312,0.0010451536636823,0.0176003958733543,0.0007596309758842,6.12615122536287,0.0176477568064334,3.6076056
-0.00050239643,0.034295384,0.00087018503,99307.164,0.99979335,223.47575,-0.6603322,985.3359,47.090313,0.10777237,0.0018374217910343,0.8659051342726463,0.0413526622426737,986.4607287904888,0.8668939498884073,0.6698670379885004
-0.0010622129,0.06349538,0.0002846142,91091.266,0.99327403,228.90025,16.34856,677.603,50.647224,0.09709682,0.0142371499051628,0.5899867428400274,0.044096653097277,679.6898133133817,0.5918036566115389,0.7331216324027761
-1.8657987e-19,0.043504614,-0.0028803973,98159.2,0.13067089,277.57538,-1.1906784,221.21075,35.65735,0.4533049,0.0091351978888492,0.4025514399100124,0.0642416371433492,224.0693201659639,0.4077475954030268,1.9202648666666664
-0.00019411351,0.00824,0.0007244437,79622.69,0.99986964,179.07425,-57.26954,1807.8325,239.80826,0.10776512,0.0561904544553499,1.7746702540564838,0.2353696134268912,1824.5673870351536,1.791092050322799,0.4999994352148855
0.0024067922,0.053387694,0.000644892,93001.73,0.313428,260.04138,7.9725833,332.2785,-12.929939,0.24218738,0.0358608279687277,0.4513580099625646,0.0174709138057772,332.6255356542386,0.4531172971418969,1.6611287174214255
0.00054659264,0.022615384,0.002039934,100602.54,0.07895152,323.28735,4.740988,289.932,50.654037,0.5829779,0.0155373628690468,0.5764935099197225,0.0974391151851997,294.3618063805383,0.5848765320925094,1.4079290131187046
-0.0035523847,0.04372923,0.002050962,97435.414,0.029847387,292.62262,2.8331988,70.627235,0.81297624,0.8389781,0.0123463400533302,0.1742216095411131,0.0092053927875642,70.6887138767735,0.1749009451094586,2.7346242628142687
-0.000644892,0.06551693,-0.0024067922,88882.4,0.25082925,265.607,2.544685,393.78186,-4.972762,0.26793262,0.0046634674745873,0.5767104591483894,0.0229216624846302,393.8214786533582,0.5771846361703437,1.6611287174214255
0.0001279371,0.059676923,0.00044156975,92000.25,0.9999305,220.353,-30.374264,1029.1125,-34.54911,0.101238124,0.026871950431783,0.9104126444927572,0.0305656195722735,1030.14017229287,0.9113218652441852,0.3064867194305833
-0.0011165227,0.06416923,0.0041669416,91478.83,0.34016937,257.03024,4.911847,117.0935,10.698198,0.223437,0.0064588240119869,0.1544961455514723,0.0157700215718845,117.68375174019825,0.1554331656315898,2.8759558980875943
0.00045754042,0.04867077,0.0007924895,97864.586,0.99552613,224.21037,6.6694,887.9629,24.41515,0.106277,0.0058593781502077,0.7804480923381403,0.0214614711364494,888.3235290266111,0.7807651067317815,0.610057499491838
0.002317984,0.029353846,-0.002317984,97715.664,0.020872675,319.9705,3.9041862,112.316124,1.5295447,0.8291114,0.0095956154057487,0.2762360247556738,0.0040545050934554,112.39436768475964,0.2764323718730951,2.185416273442557
0.0015188704,0.046873845,-0.0056685233,98776.08,0.00010428811,297.08725,-3.0148776,9.460954,6.917289,1.15165,0.0086977626086194,0.0272940346325355,0.0199597719823123,12.101571164217429,0.0349142936131299,3.9123237593043534
-0.00037499773,0.0026246153,-0.0006495165,148669.86,1.0,189.85538,-384.963,1731.245,-664.51,0.1815835,0.3768339024070771,1.660871540448008,0.6495525826654355,1893.9322325505732,1.8227497418792364,0.4999977694516481
-0.0006470514,0.05990154,-0.0006470514,92193.914,0.9991584,224.55562,-34.561226,879.0454,-47.8806,0.09962489,0.0302986504323873,0.7706620041997927,0.0419754733314585,881.0265861256079,0.7723987786737271,0.6100459102883323
0.00071900955,0.013630769,0.0004151182,97189.05,0.99964726,201.94537,-75.00783,1436.2412,-49.03495,0.11674412,0.0693758156093477,1.327905458424438,0.0453421844517341,1439.034184951925,1.330489317505306,0.5534930905771464
-7.63982e-20,0.030701539,0.00083024846,97195.92,0.99983114,216.80388,-3.5004663,1146.4525,8.840998,0.10872625,0.0031159586551635,1.022877025098313,0.0078790906734748,1146.4919324906757,1.0229121163336352,0.5534989733333333
0.00028127836,0.060126156,0.00028127836,91436.734,0.9999335,219.99825,-24.46645,1040.1088,-35.424362,0.10077938,0.0216622665641857,0.9208648936955997,0.0313633410187002,1040.9994276829116,0.9216534410468836,0.2651917810093745
0.001159104,0.038787693,0.00031057486,99396.164,0.99117124,235.33376,14.987589,586.569,-44.12686,0.10325575,0.0128739042803414,0.5042263169791272,0.037926758057236,588.4173683351746,0.5058145461752626,0.7999941184450516
0.0033553978,0.04822154,0.0033553978,98306.11,0.016060645,292.53775,-2.5971014,39.937775,-1.3542433,0.962337,0.0147501533262486,0.1052447718173855,0.0118416767741952,40.04503443060203,0.1069310727846022,3.1634993839445635
-0.0016814725,0.0037476923,-0.0004505431,96304.95,0.023951957,326.394,-39.04849,163.86775,-10.595818,0.8104495,0.089702572043562,0.3875470591688761,0.0242885155351839,168.78890787143487,0.3985338210096825,1.1605245659162278
-0.0045836214,0.022166153,-0.0012281717,97426.375,5.98549e-05,304.87476,8.430149,13.12385,2.0384455,1.1075838,0.0240187711345733,0.0373716948434795,0.0058090450360494,15.730801347711797,0.0448027894948519,3.163541676540452
-0.0015584395,0.049344614,1.5101126e-19,102896.71,0.76325625,245.75163,-99.75385,519.4516,-10.987119,0.13545862,0.1005607971072881,0.4990603954839969,0.0173802974738686,529.0571917253395,0.5093876981197885,1.0389596666666667
-0.0026058601,0.021267692,-0.0026058601,97353.086,0.0036196737,320.69086,9.131006,62.104076,8.569275,1.0047408,0.0247884783109998,0.1684323529642251,0.0232613515085134,63.35395804850268,0.1718284512414717,2.45682846337794
-0.0012458276,0.0032984614,-0.0021578514,97797.25,1.1601969e-08,297.85526,10.834765,11.564921,18.783663,1.1388838,0.0312436999672153,0.0333398280340176,0.0541651884463606,24.57571008209193,0.0708631114220155,1.6611119533351038
-0.002317984,0.06349538,-0.002317984,92822.125,0.4322845,253.90837,16.400288,259.49677,22.004625,0.18793213,0.019722079370959,0.3116533091683842,0.0264574955263509,260.94395300199324,0.3133955082636727,2.185416273442557
0.00035669186,0.06349538,0.001331215,96314.1,0.89991164,238.76175,16.912155,565.9989,104.29596,0.10849573,0.0162641668340613,0.5054038146591074,0.0942848509329605,575.776365492954,0.5143803768712744,0.9187823969714264
-0.00040334585,0.06956,-0.0015053301,97566.45,0.957355,238.16713,-20.761225,449.22763,-47.39596,0.1034585,0.0180556562961367,0.3900400385607874,0.0411815706350927,452.197820697136,0.3926234330306303,1.038953872289757
-0.00392167,0.0608,0.002264169,91979.766,0.5156885,247.29813,-15.160293,106.44729,14.364968,0.1649145,0.0170107189475487,0.1198331795797741,0.0161240331296644,108.47678248284733,0.1221038080146454,3.0189002301766195
-0.0015075472,0.052489232,-0.0008703744,85008.6,0.19061138,271.18338,-34.53409,415.2444,-43.046124,0.3166515,0.0812736862914452,0.6775775424023394,0.0804883439425794,418.89555248881726,0.6871645447503918,1.160507581746156
-0.0016673111,0.03991077,0.0009626141,101151.75,0.46394876,258.49637,-76.25889,368.78925,42.17109,0.20027988,0.0862882641829626,0.4323345074108758,0.0477518622774637,378.94502246550576,0.4434399972768348,1.2834938790837072
0.0015188704,0.06416923,0.0056685233,93407.81,0.0653053,274.46613,10.042985,-20.782024,44.850475,0.6608248,0.0220192450615663,0.0462525988975046,0.099468515030802,50.441244799989086,0.1118844740805784,3.9123237593043534
-0.00019411351,0.051141538,0.0007244437,97190.95,0.9996915,218.97575,-2.1126685,1058.2188,22.791824,0.10764763,0.0020844161871109,0.9392395898807636,0.0202316751581205,1058.466324113752,0.9394597770367444,0.4999994352148855
0.004149602,0.0046461537,-0.004149602,98116.36,1.1540266e-11,295.49838,-5.617045,-0.79368377,5.624259,1.1517012,0.0162622157662095,0.0022978367016692,0.0162831253877101,7.988330098203717,0.0231274704091515,3.912282284567013
0.00153905,0.028455384,-0.0026657272,98309.484,0.015124577,334.85526,-0.1245654,132.149,-1.625065,0.8485121,0.005640514977793,0.3280296010773654,0.0086006185940299,132.15905021523537,0.3281908061362935,2.0520749831783918
0.00071048376,0.04709846,0.00071048376,97993.27,0.99461377,226.02776,14.202915,816.92474,34.15389,0.10565138,0.0124268808072028,0.7154054575532736,0.0299002629215503,817.7617268010878,0.7161378511057651,0.6698505128252208
-0.0041095437,0.069110766,-0.002372638,96186.71,0.05176934,272.241,-73.46045,-0.8744609,-47.243385,0.7609385,0.1719005327423986,0.0052321860550182,0.1109159818705347,87.34494731995866,0.2046448727975846,3.1635254947783733
0.0014401756,0.049793847,-0.0024944716,97507.35,0.3450851,256.74023,-5.945051,292.6609,3.204606,0.236118,0.0090546976526485,0.3844588463182117,0.0152356712102018,292.7388179244732,0.3848671429716189,1.9202423830851167
-9.37506e-20,0.034744617,-0.0049647847,97878.54,0.0032559074,300.50125,-0.6132851,28.134825,-2.567217,1.0831649,0.0041718371557425,0.0790147095717778,0.0071991849262703,28.258363355289987,0.0794516004720425,3.3098564666666666
-0.0010622129,0.053163078,0.0002846142,96379.016,0.99835926,231.30475,-2.4024305,696.3656,-6.4623876,0.10118388,0.0025546304637877,0.601756071104702,0.0060091274267641,696.3997293143931,0.6017914961684028,0.7331216324027761
-0.0012463098,0.0017464056,-0.002171707,98112.766,1.5821183e-11,295.801,7.3564253,8.225263,12.988625,1.1504837,0.0212871615572336,0.0238011079828588,0.0375848898865499,17.043365982231155,0.0493179474041605,1.6692778759990854
-0.002264169,0.039686155,-0.00392167,99789.15,0.012677828,298.62726,-1.1247088,58.49685,-4.2843113,0.99483466,0.0051645647931332,0.1558640368772783,0.0113866903984444,58.66431413664192,0.156364725687778,3.0189002301766195
-0.00045,0.06506769,4.1633363999999997e-20,91829.89,0.9999583,221.13538,2.5302713,970.4289,39.306213,0.10069,0.0022347785865152,0.8569527288306087,0.034709771480658,971.227898388665,0.8576582897178788,0.3
1.3285194e-19,0.029578462,0.0024917016,96304.18,0.023088213,333.78735,-1.2334747,191.02362,0.7326406,0.76865214,0.0029176173910751,0.4554241993941259,0.0086055568489494,191.029007273735,0.4555148400367454,1.6611344
0.002264169,0.02823077,0.00392167,97321.375,0.0011564865,311.7509,-0.8902925,38.049263,-0.821371,1.0666387,0.0024908026395823,0.1063006075282374,0.0027708154675713,38.06853931921169,0.1063658811697484,3.0189002301766195
-0.00029804165,0.008913846,-0.00014174538,50174.71,0.9999982,160.398,-70.22726,2145.9163,-40.45614,0.07580412,0.0728594675258112,2.225199980619351,0.0419681288251397,2147.4462353960103,2.2267879961041617,0.2200207847616693
0.00025366183,0.015203077,-0.00041642482,99724.42,0.99995935,193.97238,45.123238,1691.8225,-69.63066,0.12464187,0.0425528443066278,1.5953148717612171,0.0656645095317342,1693.8559286214074,1.5972326419257576,0.3250667997750489
-0.00015293711,0.02576,2.2551406e-20,96652.52,0.9999967,197.49025,-0.9986605,1610.515,-4.0280128,0.11866075,0.0016432871829024,1.5048945639309168,0.0037627009297789,1610.520346793207,1.5049001650806864,0.1019580733333333
-0.0026657272,0.015652308,-0.00153905,98114.56,0.0010085716,341.6865,-0.48646712,83.211784,-0.21987471,0.98322487,0.0017638571502596,0.2221658648679739,0.0009041821529682,83.2134964510541,0.2221747065935884,2.0520749831783918
1.5513156999999998e-19,0.014978462,0.0036853154,98215.336,9.088931e-05,313.49426,0.15199475,29.10655,-3.3683224,1.0854688,0.0010178687765177,0.0817054007940669,0.0094636942923394,29.301193680409494,0.0822579484635021,2.456876933333333
-0.0033619737,0.026433846,-0.0009008322,98287.164,0.013588199,330.66937,-4.1383615,107.62335,0.54443747,0.8736855,0.0104384633120248,0.270791653864335,0.004882430558498,107.70426135156364,0.2710367492556256,2.32037983596063
0.00021488206,0.039686155,0.0008019567,100731.5,0.9996222,222.88925,24.215363,1033.047,-19.138987,0.1096255,0.0212961188731099,0.9090405262984932,0.0168308824385527,1033.5080013418417,0.9094457002678936,0.5534975051172251
-0.0019461956,0.034295384,0.0033709237,97749.27,0.010133898,313.186,-7.2878375,90.60158,2.8184485,0.9543,0.0192143711818556,0.2390270254986117,0.0082354452202668,90.93790478051471,0.239939437226572,2.594935572283576
-0.0018289352,0.01947077,-0.0010559278,102579.48,0.088272825,317.17188,-32.2133,250.5865,-13.541006,0.54670936,0.0630853020538678,0.4805539433789449,0.026811064151155,253.0111648181401,0.4854180476591277,1.407912163392128
-0.001331215,0.030252308,0.00035669186,97252.1,0.950249,240.81262,-44.60904,722.7019,-5.5366783,0.10278094,0.0388436310198453,0.6262840607123317,0.0062412029523117,724.0985136843808,0.627518529596876,0.9187823969714264
0.0018426349,0.04485231,0.0031915514,98679.7,0.15423074,271.814,1.9144404,108.745316,3.314763,0.42182612,0.0131986820718434,0.1878222095545546,0.0191073916831964,108.8126669452191,0.1892524240989364,2.4568546932603774
0.0012458276,0.012507692,-0.0021578514,97997.625,0.0007747821,378.311,1.93828,167.27988,-2.573245,0.889854,0.004922467807301,0.4251647584234014,0.0065323807063145,167.31089854520184,0.4252434296873209,1.6611119533351038
-0.0038924366,0.06327077,1.5418135999999998e-19,92397.95,0.40218687,253.98337,-5.3131886,191.50012,12.953105,0.2002825,0.0112367104879081,0.237116913782075,0.0159723340114833,192.01122066758128,0.2379197552072955,2.5949577333333336
-0.00016102531,0.048895385,0.0005830067,97595.48,0.99966687,216.76312,-2.3717706,1104.7087,34.53361,0.10920225,0.0021166465085808,0.9855060378827778,0.0308069968287308,1105.250879832765,0.9859897068171952,0.4032236559999844
1.6060752e-19,0.01408,0.0024917016,97816.85,0.0015842455,375.72226,0.22025888,164.6415,0.703391,0.8847459,0.0008909038007004,0.4180571296267612,0.0027818990688272,164.64314985787627,0.4180673346528976,1.6611344
-0.0009705788,0.00868923,-0.00026006208,89951.734,0.99840415,199.11575,-54.88485,1421.9275,-17.611706,0.109726,0.0511199860318932,1.325968974084669,0.0163924200837259,1423.095335599131,1.3270552681193244,0.6698774323920479
-0.0011165227,0.061024614,-0.0041669416,93493.75,0.57576627,247.30875,7.533953,124.22275,-3.8436763,0.15199862,0.0097082662621344,0.1337349031825229,0.013196235740323,124.51034460183575,0.134734610997952,2.8759558980875943
0.004149602,0.009812308,0.004149602,98447.67,1.7798306e-10,296.215,-3.4117837,-1.4435875,-3.4044487,1.1527951,0.0098656947998753,0.0041743502036751,0.0098444717442123,5.0313501007854375,0.0145489091491356,3.912282284567013
-0.001007429,0.016326154,-0.0037597984,98408.31,8.054587e-05,310.29526,0.6200235,25.067087,3.3464713,1.0989325,0.0017509777378123,0.0707472093563757,0.0094487535770435,25.29707789385653,0.0713968661701118,2.5949521253287604
0.0019924412,0.02284,0.0011503282,96427.56,0.0151682,353.84363,14.867344,234.96538,11.027823,0.791669,0.0354679121124954,0.566770868587251,0.0264516137482311,235.6934038030722,0.5684952753881533,1.533779196505254
0.00023684214,0.033396922,-0.0008839167,101257.125,0.9993341,225.39137,-3.946918,937.5279,23.263012,0.109002374,0.0040482143109844,0.8205903873753883,0.0203447605266763,937.8247753004936,0.8208525331464144,0.6100648168910395
0.0058684936,0.043504614,-1.4511581e-19,99624.31,1.5381345e-05,297.649,-7.00038,10.967414,0.62667495,1.1607163,0.0201912868203356,0.031632025516194,0.0018369071269311,13.026212476570214,0.0375718954740265,3.9123290666666666
0.0012849732,0.009363077,-0.004795607,98148.69,3.9957875e-08,296.918,-1.4734565,-0.9146824,6.269364,1.1465738,0.0042556519443684,0.0026419729376071,0.0181072777607065,6.504816900940257,0.018787338884952,3.309850793761437
-1.7975756e-20,0.013181538,0.0009151009,94493.98,0.99946886,204.17175,5.6446505,1360.0525,-57.51285,0.11228725,0.0077287238119387,1.2511759772066662,0.0529043226035266,1361.2796893918016,1.252317821665473,0.6100672666666667
-0.000848475,0.026658462,-0.000848475,98585.266,0.98989826,232.2805,33.43495,791.82153,-27.944988,0.1038915,0.028962516333403,0.6855679541101495,0.0241779821187744,793.0196426365262,0.686605288265736,0.7999499015563412
-0.00410197,0.041932307,1.5322009e-19,99597.3,0.035529174,290.62726,3.2705805,79.33574,3.860306,0.81492126,0.0113483542632761,0.1906208106694998,0.0091202579503254,79.49690749059498,0.1911759862269908,2.7346466666666664
-1.0156928e-19,0.02823077,-0.0010996894,98376.96,0.9989399,226.98288,26.273212,891.18274,-25.457937,0.10519762,0.0229157199936464,0.777318739505068,0.0222189684850044,891.9333295146002,0.7779738013385237,0.7331262666666666
-0.0004982899,0.024412308,-0.0018596658,100832.15,0.16410471,298.803,-2.4401848,371.2596,-55.815556,0.43047625,0.0229291498141849,0.6202942593483568,0.0864846844249574,375.43977064984375,0.6267139018178968,1.2835107603984124
0.00019411351,0.045975383,0.0007244437,97318.75,0.9993005,219.25713,15.490488,1030.4102,22.798162,0.10769162,0.013744632757712,0.9141925688411908,0.0202266148867681,1030.7787792116678,0.9145195918097532,0.4999994352148855
0.0004505431,0.058329232,0.0016814725,94297.414,0.5279036,250.9045,34.8602,527.2575,91.83191,0.17858163,0.0433616108219098,0.6085209392049347,0.1076948406517965,536.3290077410863,0.6194966839676725,1.1605245659162278
0.00040334585,0.06124923,0.0015053301,87541.555,0.20921212,268.76413,17.975107,473.04437,38.975243,0.30816188,0.0328942743924196,0.7488850675173591,0.0584792139781179,474.98752618070654,0.7518847625173566,1.038953872289757
0.00031432978,0.062596925,0.0005329707,90610.75,0.9978604,222.81575,12.484374,921.28503,18.822838,0.09879741,0.0109945877057439,0.8112900845153403,0.0165745438915755,921.5618619097944,0.8115338549296272,0.4125050721052952
-1.2490008e-19,0.029129231,0.00075,94764.4,0.9998935,209.84863,8.529292,1315.2675,-7.917301,0.10951575,0.0077273760511959,1.192599156220237,0.0071968325368425,1315.3189837577029,1.1926459047665494,0.5
-0.0010622129,0.014529231,0.0002846142,102562.625,0.9934935,226.1995,-14.465867,847.96875,22.435163,0.11062,0.0144425344379012,0.7428201882755561,0.0196583284889741,848.3888252584783,0.7432206057354054,0.7331216324027761
0.00410197,0.012956923,-1.5322009e-19,98143.81,5.170899e-06,303.165,-5.2516537,10.252985,-0.15322113,1.1228325,0.0150106062093159,0.0292945467275275,0.0020198351242077,11.520722403982624,0.0329783034838274,2.7346466666666664
-0.0023251872,0.003972308,-0.0013424391,97850.58,9.114105e-08,299.6425,16.806562,11.067369,9.931663,1.1327175,0.0483209274167412,0.0318016606155108,0.0285551564351475,22.440702145600834,0.0645108874791987,1.7899271558427734
0.00041642482,0.03901231,-0.00025366183,99225.85,0.99918085,211.682,-0.019328833,1241.38,-28.348862,0.11374763,0.0013577628605002,1.120946336157917,0.025595727653383,1241.7036533530452,1.1212393470352124,0.3250667997750489
-0.0018289352,0.045526154,-0.0010559278,99027.69,0.4083706,258.81375,-103.820564,367.91425,-36.24875,0.23980887,0.1299566535773005,0.4742925336541647,0.0456242015748404,383.9968446991499,0.4938863300987779,1.407912163392128
-0.0008703744,0.03901231,-0.0015075472,100623.15,0.8439805,245.49138,42.254814,437.50012,-46.412212,0.11641862,0.0383877039514906,0.396406414307395,0.0420013748380141,441.9795444688837,0.4004694452851512,1.160507581746156
-0.002973254,0.04709846,0.000796675,99098.266,0.376163,253.2635,21.846199,231.22424,-1.2536299,0.22626688,0.0279270860629773,0.2950769699271041,0.0077263448917585,232.2573511479268,0.2964962676370757,2.0520916596531995
0.00015012702,0.06731384,-0.00015012702,94063.31,0.99994385,222.56537,-2.3280125,934.5194,-6.31056,0.10247738,0.0020486452006235,0.8225878913105567,0.0055540457768362,934.5436061447716,0.8226091923279227,0.1415411118417712
0.0007244437,0.046424616,-0.00019411351,97827.516,0.9999288,216.85738,23.4765,1115.3938,31.731289,0.10938863,0.0209299094840418,0.9947183220735176,0.0282937008225817,1116.0919988210162,0.9953407129651648,0.4999994352148855
-2.1064273e-19,0.006667692,-0.0036853154,98110.33,4.6813537e-07,299.319,0.18182124,2.0375135,10.236873,1.1369288,0.0038595355909437,0.0058580389026898,0.0294476347193018,10.439257111697476,0.0302717000732469,2.456876933333333
0.002039934,0.040584616,-0.00054659264,101159.734,0.48546025,252.48575,15.661586,313.29675,10.648523,0.18827225,0.0205116425392292,0.3593461127540502,0.0120979454595582,313.8686506783999,0.3601343034417106,1.4079290131187046
0.002705682,0.007566154,-0.0046863924,98152.11,9.598082e-10,296.06064,-3.4311614,-1.9894062,6.1678925,1.1499337,0.0099243016896331,0.0057541645901842,0.0178400122054109,7.333041897671433,0.0212100968797173,3.607583913671109
0.0017618468,0.027332308,-0.0017618468,96949.766,0.021363713,341.35413,9.829931,182.67513,-12.741686,0.7727719,0.0231994121315863,0.4343494569565626,0.0300545046022812,183.38260884310773,0.4360056613492542,1.6610850929224252
-0.00040334585,0.024187692,0.0015053301,101548.96,0.65704614,258.1695,-55.511425,678.6157,113.15472,0.15142387,0.0577756895712884,0.6847907834382876,0.1175134106687963,690.2208177462477,0.6971985721976737,1.038953872289757
0.0038263933,0.0316,0.0038263933,98281.05,2.1221027e-05,299.64438,1.7086425,10.919012,0.60671335,1.1373563,0.004910901906654,0.0313810023369527,0.0017433583014709,11.06853121864046,0.0318107460361418,3.607558199889029
-0.00084845215,0.04485231,-0.0031664888,99563.06,0.2675076,257.942,2.3694527,188.73074,13.244032,0.294017,0.0064925380066566,0.2735117299044157,0.0203280940660471,189.20970088941573,0.2743429438739622,2.185459257238885
0.0004526625,0.009812308,-0.0004526625,86465.11,0.99993914,182.90538,-144.368,1786.9825,134.13962,0.11457175,0.1401842072250721,1.73569124027844,0.1302375004227523,1797.8159005815903,1.7462066029112928,0.4267742977851408
-0.0029342247,0.041932307,-0.00508224,100048.33,1.4363509e-05,298.15964,0.7977584,15.6693,1.1663084,1.1636775,0.0022990200799332,0.0451544196509032,0.0033613245602746,15.732884549207151,0.0453376842167452,3.912307532088964
0.003480578,0.022166153,-1.00559694e-19,96852.57,0.0048911427,334.10037,-4.71306,88.35254,-0.61940825,0.9442025,0.012460734644886,0.23291005089643,0.0016739474299783,88.48032507623019,0.2332491453713522,2.3203853333333333
-0.0004526625,0.015427692,-0.0004526625,93876.57,0.99990475,194.18488,-60.4993,1630.6262,-62.979126,0.11722262,0.0570088411380782,1.53698885402603,0.0593506790818996,1632.9630552277213,1.539190452307848,0.4267742977851408
0.002050962,0.018572308,0.0035523847,98685.336,0.0001831223,307.63025,-3.0501614,28.329687,-4.2993727,1.1100299,0.0086447632005673,0.0802571143263197,0.0121900031795883,28.815954880890622,0.0816365880491107,2.7346242628142687
-0.0015053301,0.030926153,0.00040334585,99601.33,0.8804041,244.819,-57.6067,635.26935,19.978125,0.111695625,0.0519759938487242,0.5658873249295675,0.0181153357136735,638.1886902890305,0.5685579423774886,1.038953872289757
0.0030781461,0.020144615,-1.8567266e-19,98394.664,0.0022344487,343.15738,-3.3311255,115.84238,0.504264,0.9661273,0.0088557622083465,0.3064312874988781,0.0013325612337178,115.8913615561697,0.3065621212771605,2.0520974
-0.004491879,0.0024,-0.0025933797,98193.016,1.1613882e-13,295.431,7.8448486,0.22731575,4.5277762,1.152865,0.0227146795189303,0.0006581895936064,0.0131101045178098,9.06057831070437,0.0262347997830503,3.4578474498201968
-0.0010392044,0.031375386,0.00059997645,97551.02,0.9968901,232.6505,-16.416676,738.36664,5.1967063,0.101964,0.0141568273575277,0.6366662906620161,0.0055391144336307,738.5674025247439,0.6368477551305889,0.799977090098061
0.0008019567,0.03564308,-0.00021488206,96437.85,0.998384,221.62387,-29.614275,1012.05035,1.5345027,0.105670996,0.0261322591404413,0.8935700275476259,0.0041924105202942,1012.4847015720457,0.893961892591188,0.5534975051172251
0.0011165227,0.023513846,0.0041669416,97591.086,0.0036866926,319.6139,1.42393,40.693386,2.2420547,1.0102077,0.0038483570237331,0.1104750557625769,0.0070765013902139,40.77997118767604,0.1107683378472941,2.8759558980875943
0.00045,0.06596615,-4.1633363999999997e-20,92711.95,0.9998764,222.31349,6.3215837,943.3064,21.713638,0.10112637,0.0055674468819349,0.8308293346367438,0.0191254102639766,943.5774524524372,0.831068084500592,0.3
0.000644892,0.06956,-0.0024067922,97446.625,0.48717436,253.11337,1.3413813,238.96964,-80.37737,0.18049413,0.0151712279572902,0.2738451313942597,0.0917249066406494,252.12855798905147,0.289196785328446,1.6611287174214255
0.0018426349,0.0462,0.0031915514,99148.5,0.2730205,259.12823,11.625449,119.324135,19.903,0.291255,0.0191992726685453,0.1705363212751213,0.0289681658629206,121.52995378485842,0.1740413846719056,2.4568546932603774
-0.0050100614,0.06574154,0.0013424361,94429.56,0.27944463,256.42624,-115.885765,-43.14245,24.947327,0.311616,0.1684807362174189,0.0649134866412543,0.0363554678910179,126.14733705505896,0.1841771953034974,3.4578638180467665
-0.0024917016,0.0037476923,1.6060752e-19,97876.086,8.9818386e-08,300.8715,19.059774,15.268475,-0.069488764,1.1284,0.0546954265692129,0.0437733228598531,0.007281679291878,24.421427936241223,0.0704323529004311,1.6611344
0.0029004794,0.023513846,-0.0029004794,97748.984,0.00542973,324.08426,0.14658514,49.237373,-0.028925998,0.97608364,0.002710157086415,0.1312404982473184,0.0024832759898175,49.23759969634749,0.1312919646866442,2.7345982032425185
-0.0028803973,0.05743077,1.8657987e-19,91124.1,0.24903663,262.9355,-3.833491,313.81836,-4.316128,0.27877614,0.0150559266158518,0.4632145543868184,0.0115233295508908,313.87145089550444,0.4636024066438602,1.9202648666666664
-0.0015188704,0.029353846,0.0056685233,97712.516,1.4712485e-06,297.26825,0.36885676,3.3195412,-0.9881459,1.1401125,0.0010647623186994,0.0095802132153146,0.0028523243105471,3.483079299640183,0.0100523608181734,3.9123237593043534
0.00014174538,0.041932307,0.00029804165,99274.48,0.999977,210.482,36.697063,1277.4813,-15.516763,0.114361376,0.0332146324106427,1.156292654100601,0.0140477548664168,1278.1024670254392,1.156854897188914,0.2200207847616693
0.0017618468,0.052489232,0.0017618468,96171.75,0.37074924,258.75125,11.9516,330.36438,27.409725,0.22220938,0.0151147387149162,0.4237773819545756,0.0360492491407029,331.71487355848245,0.4255764010683662,1.6610850929224252
-7.63982e-20,0.03699077,0.00083024846,98232.4,0.99986875,215.3475,-23.180489,1192.5675,-0.109257504,0.11062175,0.0207516131870266,1.0674235558419582,0.0019046865380159,1192.7927687003018,1.0676269502251066,0.5534989733333333
0.0011503282,0.067763075,-0.0019924412,94527.234,0.37294438,261.59775,9.494365,345.89526,-64.93239,0.21327725,0.0118599065353676,0.4380465633309294,0.0819212418771327,352.06517738670624,0.4457987650271782,1.533779196505254
0.00071900955,0.008015385,-0.0004151182,88467.734,0.99961525,187.41087,224.59737,1640.9838,-123.68659,0.11446837,0.2155601073996509,1.575121194703648,0.118619745316985,1660.8943924943528,1.594221936207711,0.5534930905771464
-3.469447e-20,0.029129231,-0.0003036618,96177.71,0.9999927,200.68575,7.532445,1542.2837,-11.779894,0.11619987,0.0069809546894803,1.4296244495119572,0.0109189492317919,1542.3470799129548,1.429683190019058,0.2024412
0.001007429,0.066415384,0.0037597984,91611.98,0.35577837,257.57275,7.216124,153.03238,64.6623,0.21532024,0.0111252895078282,0.1978199846694313,0.0836495582149788,166.28949099488452,0.2150668895734723,2.5949521253287604
-0.0023251872,0.03901231,0.0013424391,105902.75,0.28135526,268.54688,-30.306767,225.13887,18.71625,0.29050225,0.0454652123248189,0.313685779872249,0.0298619489567272,227.9392658690724,0.3183670680539934,1.7899271558427734
-0.0012849732,0.007566154,0.004795607,98150.35,6.351791e-09,296.47638,2.072005,-1.6100175,-7.3579526,1.1482987,0.0059887430630215,0.0046536043648519,0.0212672727627686,7.811838934218882,0.0225791489614966,3.309850793761437
-0.0015188704,0.05204,0.0056685233,96721.95,0.0009339742,295.10748,4.033801,7.471035,-9.331892,1.1230049,0.0116275468869992,0.0215144224583151,0.0268797306678886,12.616343478935963,0.0363399248912604,3.9123237593043534
0.0012458276,0.053163078,-0.0021578514,96800.33,0.2689465,265.68298,-18.04885,330.13974,27.199726,0.27769974,0.0261862007461976,0.4716478500723531,0.0392312720911761,331.7496556261441,0.4740005319588628,1.6611119533351038
-0.0031915514,0.013181538,-0.0018426349,98294.35,3.121303e-05,310.4331,3.5524974,22.103437,2.1177676,1.0978925,0.0100348039907841,0.0623801673530095,0.0059818717686309,22.48704303810497,0.0634646780499142,2.4568546932603774
0.0002846142,0.022166153,0.0010622129,96724.19,0.9988159,223.77112,6.174864,931.97577,31.351562,0.104931876,0.0057149455171691,0.8188059284176714,0.0275854948578998,932.5233966246376,0.8192904054977969,0.7331216324027761
-0.002264169,0.023513846,0.00392167,97531.94,0.0013743648,314.67975,0.9009296,28.945812,0.58243203,1.0560125,0.0025124572149645,0.0803633357501964,0.0027693589315957,28.96568544939115,0.0804502798195744,3.0189002301766195
-0.00059997645,0.033846155,-0.0010392044,102054.06,0.86326265,241.04587,-47.05136,674.51697,-11.623363,0.11950787,0.0438787889934516,0.6124785364929043,0.0450106206531723,676.2559248267332,0.6156957542159971,0.799977090098061
0.0018289352,0.030027693,0.0010559278,90893.08,0.119458064,299.29425,30.089272,314.55038,43.1774,0.42938325,0.0540569601100037,0.564584373643563,0.0751366541505061,318.9225512854091,0.5721216537553544,1.407912163392128
-0.00016102531,0.06439385,-0.0005830067,91895.39,0.9997725,221.99637,7.8890276,945.4183,33.141376,0.10038899,0.0069527302134913,0.833339467276329,0.0292130251403017,946.0318966792488,0.8338803325511793,0.4032236559999844
0.0008019567,0.04283077,-0.00021488206,99188.39,0.999667,219.95474,18.084175,1074.3588,-18.817513,0.1093785,0.0160242538161107,0.951586556076879,0.016671093979503,1074.6757498512636,0.9518674675558,0.5534975051172251
-0.001007429,0.028904615,-0.0037597984,97767.35,0.007757421,316.73926,-1.8748076,75.395615,-2.3939884,0.97200775,0.0049629123084741,0.2005421949215973,0.0062968757445705,75.45690720685933,0.2007023993047818,2.5949521253287604
-0.0031915514,0.04283077,0.0018426349,100103.69,0.100626074,276.6585,6.4438114,112.092766,2.8907576,0.5457176,0.0251652685596894,0.2192528001175436,0.0124713760363122,112.31503627917093,0.2210443763620869,2.4568546932603774
0.0009705788,0.028904615,-0.00026006208,95575.7,0.9993799,223.08162,10.024902,981.09827,0.031803064,0.103952125,0.0087949849811648,0.8631226272929526,0.0040195613545538,981.1494866066728,0.8631767943934725,0.6698774323920479
1.0156928e-19,0.055184614,0.0010996894,94316.39,0.9982125,229.15775,-1.2327013,785.1914,0.12344462,0.0999602,0.0046897352312574,0.6817373863282574,0.0018489780517799,785.1923773350256,0.6817560239954312,0.7331262666666666
-0.0045836214,0.04754769,-0.0012281717,97727.664,0.012825814,294.18137,2.9467416,39.551376,0.6452187,0.9878525,0.0091100773025465,0.1061941358522768,0.0042553471082637,39.66624429816082,0.1066690956973105,3.163541676540452
0.0007244437,0.037215386,-0.00019411351,96542.35,0.9957949,220.26399,-30.295963,1063.767,-19.729599,0.10670562,0.0268532226232879,0.9434479560923416,0.0174847687465953,1064.3811970998916,0.9439919801344684,0.4999994352148855
0.0010559278,0.05204,0.0018289352,97253.945,0.42807412,256.23663,-10.4268675,396.41162,-0.09498571,0.19683188,0.0126170035562164,0.4759237274438467,0.0044631599298591,396.5487373062384,0.4761118596709621,1.407912163392128
0.00014174538,0.049344614,0.00029804165,98139.55,0.9999484,214.631,5.571964,1171.705,36.42635,0.110870376,0.0049943147638981,1.0502536444732504,0.0326506575499942,1172.284322501218,1.0507729185450834,0.2200207847616693
0.0006470514,0.049344614,-0.0006470514,97529.71,0.999245,225.64987,21.883024,831.856,31.119274,0.104872376,0.0191369589725133,0.7275469858365076,0.0272147389668606,832.7254533696395,0.7283072715657434,0.6100459102883323
-0.001007429,0.06349538,-0.0037597984,91786.336,0.34905076,256.30176,6.81282,177.76875,-2.2424212,0.22047362,0.008939034939406,0.2319432229463478,0.0048256287241544,177.91338186250383,0.2321655696027525,2.5949521253287604
-0.0009151009,0.015203077,-1.7975756e-20,98412.36,0.99926925,210.589,-72.57054,1208.0825,1.6435001,0.11340713,0.0657360695437561,1.0943656690715236,0.0118831980810899,1210.2613400314497,1.0964025989015438,0.6100672666666667
0.0024944716,0.039686155,0.0014401756,99828.08,0.04690625,304.97852,6.048599,152.96013,-2.4430676,0.7002759,0.0208518458176576,0.3417894106535841,0.0156273128807467,153.09916883764544,0.3427812912292625,1.9202423830851167
0.0004982899,0.009587692,-0.0018596658,99333.21,0.06298066,352.86575,14.073766,305.81137,-29.861214,0.5773783,0.026684568651003,0.6065258927930499,0.0565573670150416,307.5879662994856,0.6097413062899466,1.2835107603984124
0.0007924895,0.03362154,-0.00045754042,99321.625,0.999509,224.94612,2.9287193,955.45764,52.359985,0.107115254,0.0041930400928907,0.8369845699455063,0.0458415088717225,956.8957347905298,0.8382494830584274,0.610057499491838
0.0029004794,0.053163078,-0.0029004794,94974.11,0.19989075,263.87888,-2.6092443,123.1495,2.1393926,0.34311926,0.011652818836032,0.1964441026801369,0.0107412650359804,123.19571626791256,0.1970823392371897,2.7345982032425185
0.0019924412,0.0030738462,-0.0011503282,97791.89,4.526821e-09,298.06937,-19.241762,14.884188,11.165962,1.138005,0.0554708983801933,0.0428913482253987,0.0321900496141982,26.7668295595394,0.0771549584528608,1.533779196505254
0.0011019303,0.06731384,0.0011019303,94768.25,0.69455373,245.43237,54.412,488.1275,44.914925,0.13394512,0.0533039757154589,0.4874531276767385,0.044482875893019,493.20023569338,0.4923724116526256,1.0389098500332354
0.0009626141,0.04283077,-0.0016673111,97924.336,0.6328787,245.7425,3.578163,434.53888,-69.16528,0.15216413,0.0270877414986043,0.4516414985130836,0.0693054024375424,440.0234964630723,0.4577303002049008,1.2834938790837072
0.0006890677,0.059676923,0.0011935149,93566.67,0.5639189,248.58313,34.02521,585.35724,58.264904,0.16832675,0.0409643276406979,0.6523455664140179,0.0669001172385866,589.233071351304,0.6570452342461796,0.9187653821431114
-0.0008839167,0.038787693,0.00023684214,101848.0,0.99981624,222.09276,-16.155275,1060.8159,-20.378412,0.111221746,0.0142302598678475,0.9351610617730318,0.0179676004576435,1061.1346032802708,0.9354418990074028,0.6100648168910395
0.0024067922,0.03362154,0.000644892,102257.02,0.08010937,306.88824,9.712744,207.61761,10.6183605,0.5622929,0.0262837677216595,0.4111802453164065,0.0206688822628284,208.11573452728075,0.4125375537791694,1.6611287174214255
-0.001007429,0.03564308,-0.0037597984,98638.734,0.033117324,300.97925,-1.9222058,78.67774,-5.2518888,0.79122984,0.0053611068956322,0.187766572893424,0.0154369418739328,78.87625740749061,0.188476328852477,2.5949521253287604
-0.0003036618,0.03699077,2.8622937e-20,96475.92,0.99998623,205.31075,-30.870975,1399.83,-12.169409,0.11393475,0.0282914372035857,1.2828712257464177,0.0111526080468422,1400.2232466692087,1.283231611180697,0.2024412
-0.0005969555,0.0013238153,-0.0022585439,98211.64,7.167865e-12,295.9276,3.0060425,7.022345,11.894213,1.1511488,0.0086966929244974,0.0203160254551522,0.0344107810888983,14.135838273699946,0.0408959070478388,1.5574018845082929
0.0004526625,0.05540923,0.0004526625,94098.27,0.99990475,218.58188,13.368862,1082.9163,-6.357115,0.10438825,0.0118747960071239,0.9618964061588484,0.0056454597320522,1083.0174754767295,0.9619862671457972,0.4267742977851408
0.002372638,0.056981537,-0.0041095437,90358.414,0.21110424,261.13663,9.882623,60.016075,-6.76019,0.325089,0.0183467642765809,0.0939851366746896,0.0364603723101145,61.19882077787001,0.1024654499047004,3.1635254947783733
0.0007775554,0.014304616,0.0007775554,100195.31,0.99192953,224.15974,-3.9960725,870.18463,1.1910075,0.10920625,0.0075436493129743,0.7663001042240102,0.0099689638838615,870.1946204054167,0.7664020724264802,0.7330862614509579
0.00026006208,0.063944615,0.0009705788,91392.83,0.97866637,228.076,-2.6356654,704.3101,39.701973,0.09912498,0.0044784401289813,0.6186079293723024,0.0348679345815361,705.4331366998601,0.6196060034975924,0.6698774323920479
0.0020366963,0.046873845,0.0020366963,98306.86,0.14887075,278.3979,20.444344,246.44,-3.2119365,0.41552076,0.0368949818623745,0.4280102873208716,0.0182122914101229,247.30742273063777,0.4299834104910644,1.9202156865967344
0.0006470514,0.0044215387,-0.0006470514,62126.312,1.0000175,153.93013,126.95235,2075.4138,-129.1616,0.097643375,0.1349128202778943,2.1985479694047783,0.1372645028911022,2083.3007606477568,2.2069563173300804,0.6100459102883323
-1.6148376e-19,0.0073415386,-0.0023007027,98482.55,0.00012776071,363.3155,0.08093125,129.73026,-5.47216,0.9396131,0.0029041332515969,0.3374295342697651,0.0141865159782894,129.84564468860873,0.3377401098819266,1.5338018
-1.5418135999999998e-19,0.03744,-0.0038924366,99197.5,0.04253285,297.03738,5.3514423,78.700966,-14.446215,0.74309075,0.0124448247865969,0.181431141188128,0.0328015085723327,80.19459527829547,0.1847919684981367,2.5949577333333336
0.0012849732,0.01655077,0.004795607,98051.61,5.4985884e-07,298.36426,-1.5861589,5.9185224,-5.359635,1.1398826,0.0045702657729313,0.0170503966598592,0.0154422347634207,8.14066918555078,0.0234534852416941,3.309850793761437
-0.0007244437,0.051815383,-0.00019411351,96127.766,0.9995526,222.95638,-9.150206,956.269,12.565882,0.10458487,0.0080492052398818,0.8412574182716741,0.0110578604050083,956.3953304054136,0.8413685932924124,0.4999994352148855
0.0037359586,0.03923692,-0.0021569484,98828.39,0.0132721,301.45187,7.706715,66.0367,-1.7036324,0.9704929,0.0202197071525864,0.1744110084045014,0.0052262832642096,66.50670316844426,0.1756569111841864,2.875939503395293
1.4617036e-19,0.030476922,0.0056386283,97973.4,1.0595859e-05,298.39014,0.18899952,6.53362,0.27058288,1.1387212,0.0006008547060763,0.0188191163360257,0.0007793175127789,6.541951254626507,0.0188448269249788,3.759085533333333
-0.000530325,0.045975383,0.000530325,97204.83,0.99797565,222.21675,16.398026,979.53827,22.412212,0.10626563,0.0144571019818657,0.8638251791998492,0.0197581918967252,979.9318470679594,0.8641720512515975,0.4999952049770078
-0.0005329707,0.046649233,0.00031432978,97543.234,0.9993701,218.74887,2.905895,1075.46,23.228212,0.108185,0.0027392520309638,0.9552575610628946,0.0206293383597571,1075.7147417686847,0.9554842128840644,0.4125050721052952
-0.0012308755,0.020593846,-0.0012308755,107322.48,0.40444613,274.5266,-70.41381,495.81387,-56.398026,0.23799486,0.0822111285101887,0.6015538344587171,0.0659451212504539,503.9545968237513,0.6107163371153923,1.160480550461843
-0.0031915514,0.03496923,0.0018426349,97634.484,0.018119987,310.04938,-8.109448,100.85435,-2.0663364,0.8809831,0.0205211470613452,0.2557784268540916,0.0057171032742753,101.20095259880296,0.2566639951191362,2.4568546932603774
1.5183822e-19,0.0062184613,0.0013781823,101471.17,0.70472413,259.62537,-0.060483932,757.38135,34.52801,0.13704562,0.0161762809577991,0.7302335543286932,0.1042377224665954,758.1679869664035,0.7378131326549867,0.9187882
0.0024944716,0.04036,-0.0014401756,99732.8,0.10102279,288.2649,29.394743,168.83687,-8.431395,0.5325978,0.05521882849182,0.3267901734780353,0.0199187851053013,171.58388038821997,0.332020623609264,1.9202423830851167
-0.00071048376,0.010486154,0.00071048376,100693.71,0.9948245,217.72913,63.189148,995.59076,-60.624527,0.112696245,0.0565049362742211,0.8888710815294665,0.0542192303351305,999.4344216087004,0.8923140323567993,0.6698505128252208
0.0003036618,0.017,-1.7564074999999998e-20,95427.05,0.99999136,190.85788,-52.735264,1759.2863,9.065734,0.12119488,0.0500887702046494,1.672427054137975,0.0123320264252499,1760.0998497158614,1.673222404580154,0.2024412
-0.0004982899,0.067763075,0.0018596658,94768.73,0.57090175,249.79237,-12.663305,439.828,-23.124525,0.15337013,0.0135152560967948,0.4722119983337591,0.0247569508903966,440.6174900455026,0.4730536334657134,1.2835107603984124
0.00025366183,0.047996923,0.00041642482,98037.89,0.9999043,215.0305,-2.060275,1148.6025,27.389376,0.11055525,0.0018447612232958,1.0286348342678984,0.024528731986275,1148.9308620004056,1.028928901385403,0.3250667997750489
-0.0013496222,0.06619077,-0.0007791963,91405.016,0.52747315,250.44275,-61.907738,543.44934,-30.868536,0.16514237,0.0685724998595676,0.6109583322740963,0.0335260162211316,547.8344820157778,0.615707938292008,1.0389368404857235
0.00508224,0.017224615,0.0029342247,98559.734,6.684361e-09,296.589,-3.8871775,1.9707413,-2.1859138,1.1526537,0.0112332571028086,0.0056948380795219,0.0063168667789653,4.875673218034857,0.0140897143971397,3.912307532088964
-0.0039870623,0.03204923,0.0039870623,98238.734,2.8894032e-05,298.71286,-0.563971,8.48518,-0.33189815,1.140295,0.0016233282421797,0.0244244375483715,0.0012280916473458,8.51037597895736,0.0245091116369083,3.759038385790977
-0.0008839167,0.012058461,-0.00023684214,91983.42,0.9992955,200.8985,-100.9776,1380.0787,-23.149517,0.111099,0.0936717207868836,1.2799928403575735,0.0214523045337281,1383.9615580039726,1.283595054529127,0.6100648168910395
0.00095382205,0.03788923,-0.0035597347,97019.6,0.045707338,299.28488,7.6449876,93.41125,-6.994494,0.6997786,0.0191329901108996,0.2115690580126236,0.0158572441768543,93.98420297200316,0.2130234489717436,2.4568713291004243
-0.0011019303,0.061698463,0.0011019303,92699.19,0.53026736,250.8365,-41.140312,547.9355,134.41159,0.18180588,0.0473959503897935,0.6396145667352197,0.1552901512019629,565.6786304590579,0.6599001448352342,1.0389098500332354
0.004795607,0.03923692,0.0012849732,99843.17,0.0013180464,302.20026,2.4500847,33.795788,0.5956269,1.1263638,0.0069621157194393,0.0958751750967865,0.0027295303402969,33.88971780617422,0.0961663693346532,3.309850793761437
0.0007244437,0.036092307,0.00019411351,97047.85,0.99981874,216.15675,-20.4554,1166.9763,5.1215916,0.1088845,0.0182891163335846,1.0426055054318446,0.0054418520274527,1167.1667999268002,1.0427801040902842,0.4999994352148855
1.5224762e-19,0.061024614,0.004313942,90109.21,0.3410105,253.20613,4.7938285,117.24205,1.086895,0.2234445,0.006266231441455,0.1556740914908625,0.0053333153405755,117.34504855608922,0.155891413074952,2.8759613333333336
0.0054114084,0.023513846,-2.5823509e-19,97500.11,7.4987065e-06,300.0785,-4.4649215,3.6600425,-0.087588,1.1268988,0.0128275358553192,0.0105077297218141,0.0016577013877831,5.774002663725788,0.016664514211859,3.6076056
-0.0010616601,0.05069231,-0.0039621918,100804.125,0.2113355,265.78464,-9.988277,109.558014,-37.50943,0.36394688,0.0154688548978329,0.1708068791838747,0.0584815526305211,116.23115523807644,0.1812025591609053,2.734640827760201
0.0024067922,0.06619077,0.000644892,90729.33,0.33997312,258.44513,23.719662,373.6126,7.4433336,0.22128226,0.0311698001664581,0.4922653478699771,0.0145447367927188,374.4387806561109,0.4934655798780052,1.6611287174214255
0.0012458276,0.033396922,0.0021578514,92556.4,0.06695491,314.4106,30.118517,226.35263,40.285587,0.55439824,0.0602615940505022,0.4629627388646135,0.0800825358047808,231.8740319529782,0.4736867845269232,1.6611119533351038
-0.002264169,0.048895385,0.00392167,101137.35,0.052450012,284.32074,1.1640887,54.5018,4.6769977,0.7485843,0.0270069331125499,0.1244643508462437,0.016712204881541,54.71449180269587,0.1284525081877547,3.0189002301766195
0.0014401756,0.03249846,-0.0024944716,99833.8,0.02436455,329.1541,2.432283,172.08913,-3.1487129,0.79510915,0.0078962310868061,0.4104651309081991,0.0075373213780468,172.13511860650522,0.4106102596994104,1.9202423830851167
0.0005329707,0.045526154,0.00031432978,97486.61,0.99995923,215.0565,29.3767,1162.4487,28.075912,0.10991625,0.0263060445890848,1.040983096247213,0.0251356044924137,1163.1587284069235,1.0416187465995206,0.4125050721052952
-0.00016102531,0.04283077,-0.0005830067,99186.8,0.999767,214.3225,31.553225,1212.6326,-30.799,0.11223825,0.028305619455665,1.087907795908864,0.0276308012852084,1213.43397306638,1.088626676906144,0.4032236559999844
0.002039934,0.04867077,-0.00054659264,98323.875,0.27091375,266.569,76.66786,377.0761,-18.254349,0.294198,0.1074615779908918,0.5427639491072779,0.026415984433742,385.2240480624274,0.5539300492195959,1.4079290131187046
-0.0018596658,0.023513846,-0.0004982899,96048.46,0.24611975,275.8156,-41.4628,386.57275,2.9767275,0.28498212,0.0598834685701663,0.5583966513085854,0.0061218510658395,388.8013833990457,0.5616318429906804,1.2835107603984124
-0.002838977,0.014978462,0.0016390758,97953.95,0.00027941357,328.6021,1.7677426,56.01915,-1.089084,1.0304,0.0048630828072347,0.1533152494022756,0.0029955530252371,56.05761486704024,0.1534216041227538,2.185442735178454
-0.0004982899,0.024861539,-0.0018596658,98109.36,0.1060304,301.405,19.310947,326.7221,-11.747399,0.49304876,0.0346037223049998,0.6043449242913492,0.0341527611889342,327.50304530753914,0.6062974651199743,1.2835107603984124
0.000375,0.01610154,0.000375,85018.42,0.999965,187.20117,20.911587,1766.6017,23.48855,0.1101135,0.020066494192437,1.6956762772785223,0.0225401057031375,1766.8815956070318,1.6959447980047675,0.3535533905932737
-0.0004505431,0.021941539,-0.0016814725,92555.33,0.21625137,282.73224,-8.989836,445.33463,-40.510403,0.305228,0.0134508733025152,0.6687420012293532,0.0587157712255813,447.2637282183368,0.6714494262351077,1.1605245659162278
-1.5699931e-19,0.023064615,-0.0032781975,96275.586,0.0083439145,341.34613,1.7675301,118.95175,0.91565853,0.8806567,0.0045143736360743,0.3039584732705139,0.0044146826665749,118.96840513876138,0.3040240491561717,2.185465
-0.0020366963,0.063944615,0.0020366963,90994.06,0.37714276,255.39912,20.6903,348.8274,12.794908,0.20592487,0.0265608400934756,0.4429991898386783,0.0177475654540152,349.6746390225898,0.4441494528914125,1.9202156865967344
1.7975756e-20,0.010710769,-0.0009151009,105769.5,0.9978958,213.2115,-0.45696375,1129.5775,54.685425,0.12055625,0.007842018373409,1.0176173215939903,0.0493463484312877,1130.900540732716,1.018843252205067,0.6100672666666667
-0.0033553978,0.06349538,0.0033553978,91328.81,0.3854915,252.814,3.2078962,50.02224,1.6319369,0.206008,0.0140105316686567,0.0638134721896049,0.0086404821537005,50.15155342253274,0.065902292542675,3.1634993839445635
-0.00014174538,0.02373846,-0.00029804165,101435.0,0.9999836,199.45262,-10.596907,1583.3588,8.058976,0.123311125,0.0098507788470927,1.4722527443611055,0.0074967597213078,1583.414769120705,1.4723047858813134,0.2200207847616693
0.0038924366,0.04507692,-1.5418135999999998e-19,99857.48,0.13832682,272.5085,4.4592237,92.64869,4.58343,0.45663625,0.0134073240896571,0.1651671336406794,0.0081193083914141,92.8691136238935,0.1659091966802263,2.5949577333333336
0.0012,0.021492308,-1.6653346e-19,96689.02,0.9929465,230.71338,24.727325,829.35126,20.281563,0.102296375,0.021419772947197,0.7195244125743703,0.0175971068495224,829.9676468772541,0.7200582234327135,0.7999999999999999
-0.0013496222,0.02531077,-0.0007791963,100686.77,0.7824575,246.01762,-39.488583,627.8523,-42.87456,0.12717588,0.0394398934266429,0.5906381264776739,0.0419170914536262,630.5522077495499,0.5934357119338988,1.0389368404857235
0.0026657272,0.021716923,0.00153905,96921.836,0.0031774512,344.80664,-4.082012,131.91174,-0.56787276,0.93563324,0.0107244433290548,0.3462658466845014,0.0031749473578571,131.97610560729277,0.3464464324474678,2.0520749831783918
0.0039621918,0.053163078,0.0010616601,97779.336,0.20748313,264.11987,2.5703726,128.3335,-3.2909815,0.34350848,0.0120272776316536,0.2022269055263926,0.0083743668710932,128.40141976156715,0.2027572606505154,2.734640827760201
-0.0010616601,0.047323078,0.0039621918,99462.914,0.11158871,278.07175,0.5546663,88.072716,30.485888,0.54577684,0.0149653767118472,0.1701008357233199,0.0578772718378705,93.20139658540292,0.180299848611401,2.734640827760201
0.00025366183,0.012956923,-0.00041642482,76549.14,0.99997264,179.695,-27.432487,1851.5425,58.1042,0.103249736,0.0268488369325499,1.814199962257132,0.0568605722231399,1852.6570834093648,1.815289367503692,0.3250667997750489
-0.0007791963,0.046873845,-0.0013496222,97628.93,0.88998735,236.66388,-3.0654707,541.7092,6.516069,0.11164275,0.0044560632917995,0.4880147731337452,0.0059617634389259,541.7570614495627,0.488071529511959,1.0389368404857235
-0.0016814725,0.0032984614,0.0004505431,95991.58,0.005818351,313.23837,-13.188941,91.9198,3.767537,0.9933495,0.0464029738846012,0.2464913564886538,0.0129591478393986,92.93757115283276,0.251155657554583,1.1605245659162278
0.0031915514,0.027107691,-0.0018426349,97885.164,0.013010288,322.54437,3.3457487,86.58979,1.3165861,0.89751565,0.0085585978072784,0.2215592985317018,0.0033671048961968,86.66440541287042,0.2217501065561604,2.4568546932603774
-0.0039621918,0.03991077,-0.0010616601,101034.52,0.03896004,292.92188,-3.9604094,85.89241,-1.9000975,0.79042226,0.0094027326539328,0.2023572768682595,0.0074618509274707,86.00465864552463,0.2027129944087516,2.734640827760201
0.002039934,0.010935385,0.00054659264,96682.086,0.011905039,381.967,16.309017,229.15076,4.5157466,0.76323235,0.0379002448829422,0.5414783511500822,0.0104848481655232,229.77477409724355,0.5429043795802838,1.4079290131187046
-0.000375,0.034744617,-0.000375,95624.836,0.9999638,208.63983,-16.2996,1366.4784,32.036034,0.11113383,0.0148199864983099,1.2423571666566475,0.0291269581752303,1366.951060609402,1.2427869251144723,0.3535533905932737
-0.00087018503,0.025086153,-0.00050239643,99131.766,0.999387,223.36725,-17.066923,956.98676,6.6709347,0.1076785,0.0149967602191456,0.841410822123508,0.0058619487328956,957.1621806390792,0.8415648738193481,0.6698670379885004
-0.0039870623,0.03586769,0.0039870623,98443.96,0.00024625208,299.8354,-2.4582825,11.9843,2.9214864,1.1351249,0.0070493792164141,0.0343760633552871,0.008382119559221,12.577825015684994,0.0360786281259224,3.759038385790977
-0.0032019995,0.0077907695,0.0032019995,98180.96,1.6899396e-07,297.30087,5.7376423,-1.0619669,-5.399536,1.1454712,0.0165610359391998,0.0030655410726691,0.0155848502674979,7.950050432213679,0.0229467429346305,3.018874079741246
0.0018426349,0.054735385,-0.0031915514,94574.77,0.392813,252.61275,-6.839671,182.628,25.8491,0.20908175,0.0086578123410029,0.2294641558635824,0.0326202220023487,184.57503475334423,0.2319328252408463,2.4568546932603774
0.0010616601,0.004196923,0.0039621918,98023.39,5.2381877e-09,295.79324,-3.3400676,-0.04495235,-12.421949,1.1494625,0.0096651749414591,0.0003953575898123,0.0359454912968977,12.863237898948354,0.03722432348409,2.734640827760201
-1.5513156999999998e-19,0.030027693,-0.0036853154,98515.15,0.010934448,317.93088,0.13008174,90.79132,-4.889975,0.9408565,0.0026858284728045,0.2365477398425184,0.0126231949475124,90.92300349252716,0.236899539784002,2.456876933333333
0.0004151182,0.023963077,-0.00071900955,99705.86,0.99956137,215.12888,-16.747463,1174.9375,-9.667257,0.11243638,0.0149963939719267,1.0525845482549552,0.0086502216292811,1175.0966182748934,1.0527269111177338,0.5534930905771464
-0.0014401756,0.00868923,0.0024944716,98065.08,1.827733e-05,325.71738,2.4088364,49.44225,-3.7341187,1.0443225,0.0066540636795883,0.1360990261829238,0.01031545174084,49.64153724785479,0.1366514911591154,1.9202423830851167
0.002838977,0.06731384,0.0016390758,95037.5,0.4556619,255.1575,58.15341,193.839,26.363926,0.18343762,0.0680747927598537,0.2272211108944337,0.0311587526952653,204.08437865197223,0.2392372849597701,2.185442735178454
-0.00071900955,0.039686155,0.0004151182,101171.25,0.999868,219.51512,10.03677,1110.4163,-12.33772,0.111771375,0.0088963984016678,0.984464851516665,0.0109446350383222,1110.5301956239289,0.9845658813976708,0.5534930905771464
-1.5126382999999998e-19,0.034744617,-0.0045283833,97952.266,0.0076985513,302.41925,-0.4663461,47.974724,-4.4840436,1.0197306,0.004474513364732,0.1306350814421826,0.0121949827612188,48.186079614011575,0.1312793333994474,3.0189222
-0.0011165227,0.06731384,-0.0041669416,91301.39,0.7127255,242.16063,-20.04335,-34.935474,-48.919624,0.125054,0.019691888460244,0.0340703224555578,0.0478838942882969,63.366811779736494,0.0619792277748696,2.8759558980875943
-0.00083024846,0.030476922,-7.63982e-20,96357.14,0.9998617,214.81674,-11.223524,1193.085,-9.685492,0.108782,0.0100654480032719,1.0693134183869055,0.0086807220694458,1193.1771006314448,1.0693960234269824,0.5534989733333333
-0.0022223014,0.069335386,-0.0005954578,97916.484,0.48881713,255.10225,-73.430954,310.24048,-41.92195,0.18022312,0.0837760213641987,0.3533593353792806,0.0487670041765447,321.55669846511205,0.3664143315314737,1.533796090173774
0.0018984762,0.057655383,0.0018984762,93224.95,0.30540887,260.31686,-21.50332,342.449,-25.3734,0.24743013,0.029185426235002,0.4712857952844965,0.0341677345854454,344.0603432533055,0.4734231976024839,1.7899005265883576
0.0024917016,0.010261538,-1.3285194e-19,97619.98,0.00021879606,366.89325,-2.8253162,133.5655,-0.10240934,0.9209557,0.0073273280994096,0.3457758395056499,0.0008500395172298,133.59541792124796,0.345854512027954,1.6611344
-0.00045754042,0.031375386,0.0007924895,98092.19,0.9996649,222.31876,-19.058651,1003.923,-1.6566488,0.1070235,0.0167791070664967,0.8846118832889333,0.0016839951177526,1004.1052567296848,0.8847726026101277,0.610057499491838
-0.0012849732,0.04417846,0.004795607,98574.17,0.0037781287,297.05273,3.9989874,32.2504,-8.777871,1.0963575,0.011243393364292,0.090787359895336,0.0248645473834428,33.66201449227303,0.0947998118547338,3.309850793761437
0.0029342247,0.0055446154,-0.00508224,98114.63,1.509914e-11,295.5981,-3.7615087,-1.0942314,6.494444,1.1512926,0.0108883207427274,0.0031674329554778,0.0187992545429318,7.584463918172308,0.0219545013947913,3.912307532088964
-0.00019411351,0.013181538,0.0007244437,90513.2,0.999866,192.35387,26.7023,1631.8975,-78.16216,0.11408287,0.0252658408094632,1.5457367834173492,0.0739725890331665,1633.9864707479696,1.5477120243280051,0.4999994352148855
0.0024944716,0.024187692,0.0014401756,97830.69,0.0038146512,359.95648,5.28652,167.86287,1.6365153,0.89724475,0.0135205784744156,0.4295214590454925,0.0054953191756882,167.95406693698854,0.4297693432013202,1.9202423830851167
-0.0019252748,0.013630769,1.6320611e-19,97009.77,0.079272516,324.34613,-4.602705,297.7635,1.1802019,0.52534974,0.017941109692108,0.5727138109346999,0.0043094732523902,297.80140983899287,0.5730109634309316,1.2835165333333334
-0.000644892,0.036092307,0.0024067922,95865.516,0.18181337,281.58725,-11.852488,262.7005,6.7874846,0.34603062,0.0189236448320581,0.420552688010741,0.0173472282754957,263.05532520600184,0.4213354887208431,1.6611287174214255
-0.00016102531,0.022615384,-0.0005830067,92437.1,0.9999109,200.22675,-6.9905887,1519.3025,13.493511,0.11195375,0.0064831522412814,1.4103863293487262,0.0125180600668004,1519.3785011233144,1.4104567810126596,0.4032236559999844
0.002050962,0.011609231,-0.0035523847,98121.46,9.3809064e-07,301.8534,-2.66403,7.1104527,4.9777913,1.1275138,0.0076314362096591,0.0203606288716455,0.0142593783520876,9.079317136557847,0.0260023825381245,2.7346242628142687
0.0004151182,0.040584616,0.00071900955,99623.2,0.9997355,222.86275,29.157038,1005.4895,-16.821863,0.10842,0.0256481096310165,0.8848278002431849,0.0148042468592645,1006.0528030625302,0.8853232332520751,0.5534930905771464
-0.003667574,0.011609231,0.003667574,98735.016,9.733784e-09,297.24326,2.7465312,0.34910053,-2.92423,1.1521599,0.0079282135615722,0.0010075386000306,0.0084411424031217,4.026962367035446,0.0116243102753766,3.457821927871294
0.0025934312,0.0608,0.00069490174,90401.46,0.21164525,268.7444,4.0959306,339.724,-0.13018754,0.30589238,0.0191842278308479,0.527264251812783,0.015372446713443,339.7487156300603,0.5278370373089761,1.7899439863847344
0.001159104,0.03317231,-0.00031057486,100049.234,0.996128,234.45688,-4.414024,700.312,63.937214,0.10384362,0.0047531565942974,0.6017268271149034,0.0549332888907978,703.2384718471781,0.6042478243202358,0.7999941184450516
0.000644892,0.06349538,0.0024067922,94248.45,0.3944659,255.55125,2.2471251,384.51962,24.664248,0.2050405,0.0186396341843812,0.4783768756904156,0.0307777767988622,385.3163802196384,0.4797281966932228,1.6611287174214255
0.00084845215,0.05406154,-0.0031664888,95989.54,0.39240626,254.48274,-21.522345,230.10887,16.535923,0.21085174,0.0272818784436179,0.28768481859502,0.0206088738547477,231.70399249136355,0.2897094776202926,2.185459257238885
0.0048831706,0.015203077,-0.0028192918,98204.45,5.9613137e-09,296.47925,-4.4440827,1.0043316,2.4585962,1.1489213,0.0128449458843968,0.0029026250072213,0.007106228543885,5.177185362902539,0.0149638347633069,3.7590637937450806
-0.0015075472,0.03788923,-0.0008703744,100472.06,0.83012986,245.51288,-28.00175,512.8589,-57.62551,0.1187995,0.0253719049918321,0.4686551712473183,0.0531460988410332,516.8452850854234,0.4723408842369975,1.160507581746156
-0.0011720242,0.05743077,-0.0043740757,91818.56,0.46009213,247.91638,6.6892295,86.16475,-3.3148162,0.18140237,0.0087619979357829,0.1016131316629998,0.0110482760999877,86.48755945398132,0.1025868682579322,3.018916579372005
0.00031057486,0.047996923,0.001159104,98590.086,0.9748508,232.36462,13.242618,658.00977,19.385975,0.10534275,0.0115434905601665,0.5736296419750894,0.0168997230708105,658.428462608997,0.5739946157993574,0.7999941184450516
-0.0011935149,0.053612307,0.0006890677,97301.81,0.98526,235.729,-5.9154854,619.5129,-11.554048,0.10149075,0.0075630489921593,0.533520991639457,0.010514048942226,619.6488701346223,0.533678174047962,0.9187653821431114
-0.00026006208,0.047772307,0.0009705788,98278.64,0.99364215,226.9695,4.421582,765.21765,19.90435,0.10561387,0.0038657548418565,0.6690324733616161,0.0174031122891826,765.489245781956,0.6692699476221898,0.6698774323920479
-0.0025934312,0.056981537,-0.00069490174,91417.266,0.285482,260.497,-16.008085,327.32086,3.1630669,0.2553644,0.0224169822257056,0.4609280240217612,0.0099450262748136,327.72733967235735,0.4615799692017837,1.7899439863847344
-0.002176526,0.043504614,0.002176526,98286.1,0.214801,263.2255,14.903804,176.85863,-5.600104,0.3360645,0.0254073742768284,0.2758749729702018,0.0161257738192574,177.57381435323774,0.277511397892451,2.052048392038442
-0.0016390758,0.034295384,-0.002838977,98256.164,0.034781463,311.14124,-1.9034712,126.41262,-2.8956525,0.74947673,0.0076239735062635,0.2946039802887338,0.0079389918245726,126.46010636273554,0.2948095279416516,2.185442735178454
-0.0033619737,0.01610154,-0.0009008322,98278.75,0.00026539344,322.64224,1.8213062,46.204838,0.23836851,1.0530213,0.0050434088755173,0.1276678167148907,0.0009303236152317,46.2413346523104,0.127770782653397,2.32037983596063
0.00025366183,0.018347692,-0.00041642482,101759.336,0.9999614,197.54813,24.67995,1635.98,-41.054176,0.12489725,0.0230702970003356,1.528602310966156,0.0383628991098304,1636.6811252345526,1.529257655113378,0.3250667997750489
-0.0028192918,0.010710769,0.0048831706,98594.266,2.7824118e-10,296.51688,2.0914788,-0.78530186,-3.751165,1.1533363,0.0060447521109159,0.0022696847832329,0.0108415267787952,4.366030398358891,0.0126186053109285,3.7590637937450806
-0.002264169,0.009587692,-0.00392167,98135.625,2.7980528e-07,298.13412,3.44414,0.40415737,5.7719464,1.1417413,0.0099271556424238,0.0015583945729621,0.0166366222953585,6.733558402791074,0.0194359001384644,3.0189002301766195
-9.37506e-20,0.02239077,-0.0049647847,97610.54,3.0898245e-05,302.76987,0.530074,9.247715,8.299589,1.11781,0.0029318650334461,0.0264311959933448,0.0237334099569336,12.437217885669687,0.035643775086217,3.3098564666666666
0.0030503666,0.028904615,0.0030503666,97443.29,0.0031156063,314.97913,-1.6278815,51.63425,-0.59556174,1.03079,0.0044592686446618,0.1416865596682334,0.0022152624193422,51.66333772634802,0.1417740232026011,2.875913210619937
0.002705682,0.045301538,-0.0046863924,99401.734,0.0009692676,297.93588,-3.3722787,21.7766,5.274615,1.1425962,0.0096654277125576,0.0623614371721485,0.0150958588132664,22.658643705850945,0.0648864723370948,3.607583913671109
-0.0012849732,0.037664615,-0.004795607,98869.11,0.0025331913,301.01,-1.4447428,36.551113,-5.3274736,1.10237,0.0040791116937023,0.1030597385907831,0.0149871164911762,36.9655666567634,0.1042236179151843,3.309850793761437
0.0022223014,0.032947693,-0.0005954578,98271.58,0.09392376,302.95538,20.920025,252.89513,-5.237471,0.5022842,0.0395159597142837,0.4827870567621216,0.0184837772191922,253.8129731242936,0.4847540647271167,1.533796090173774
-0.0030142437,0.01789846,-0.0017402662,98620.586,0.00090111024,324.9146,0.20641789,56.31105,0.352683,1.0405388,0.0006481025108527,0.1543985891434563,0.0011546218786347,56.31253275911413,0.154404266515006,2.3203631449363105
0.00084845215,0.016775385,-0.0031664888,97714.42,0.0002671675,331.974,-0.6463316,64.44089,2.8278637,1.017647,0.0017627679629683,0.1754941836809058,0.0077165401314074,64.50614592141616,0.1756725956098969,2.185459257238885
0.00410197,0.06327077,-1.5322009e-19,91390.83,0.35232186,255.73926,-1.6434126,159.48888,5.540247,0.21809612,0.0297364963249395,0.2077190224823441,0.0071733204922599,159.5935399239244,0.2099593009170786,2.7346466666666664
-0.00084845215,0.04485231,0.0031664888,99459.23,0.27607363,260.09274,15.13158,158.48137,-5.7716627,0.2840829,0.0215531481101954,0.2257626030481699,0.0356661345442904,159.30668988054416,0.2295764889571163,2.185459257238885
-0.0004505431,0.009363077,0.0016814725,98287.336,0.16024444,317.84375,-25.410345,433.79788,68.8047,0.395025,0.0390285356465019,0.6978235804372148,0.1024573878998386,439.9549670905006,0.7063840968935967,1.1605245659162278
-0.0015053301,0.009138461,-0.00040334585,98857.98,0.49098688,273.065,-127.275375,636.01587,-43.167213,0.19494288,0.1481935294820336,0.7202777570917885,0.0508426478500782,650.0604712266659,0.7371203052297006,1.038953872289757
-0.0005870607,0.053612307,-0.0005870607,95444.734,0.9969785,226.15837,6.090725,830.49536,-3.8364375,0.10261588,0.0053223252866356,0.7262791991061786,0.0033526899739316,830.5265547622464,0.7263064385855533,0.5534861359174952
0.0026657272,0.045526154,0.00153905,96116.664,0.19125637,268.96512,-31.746101,204.47176,-9.465302,0.36300224,0.0508077363275606,0.3359497876489012,0.0294350679968959,207.13789491097717,0.3410426793233577,2.0520749831783918
0.0029004794,0.028006153,-0.0029004794,98084.29,0.0067960825,316.60287,4.54185,63.531403,-1.1626081,0.98670137,0.012099671716356,0.1699654556729214,0.0047603460097824,63.70415391609164,0.1704620751718113,2.7345982032425185
-0.0015188704,0.047772307,-0.0056685233,98361.55,0.00019217643,296.82513,1.5933946,8.833347,6.9029465,1.1465,0.0045994057773816,0.0254777486447776,0.0199139746239105,11.323320889013983,0.0326624646166395,3.9123237593043534
-0.0045836214,0.051141538,0.0012281717,96290.48,0.022609225,286.9695,2.5647626,43.50789,-4.54735,0.90400434,0.0116957531635575,0.1118954387410113,0.0117019330081271,43.82000560781524,0.1131119582061639,3.163541676540452
-0.0019252748,0.012732307,1.6320611e-19,102219.67,0.10661974,333.68286,-53.133724,329.41437,-1.8695462,0.4969194,0.0931077737470759,0.5953217094225441,0.0132040231216896,333.6772617239584,0.6027033610894458,1.2835165333333334
1.2490008e-19,0.024187692,-0.00075,100005.06,0.99982476,209.84488,-16.303038,1321.1388,-10.522074,0.115585625,0.0147798832002797,1.1980615563855694,0.0095444662375515,1321.2812841914968,1.1981907338450697,0.5
0.0019924412,0.023963077,-0.0011503282,98068.586,0.01274542,359.31537,11.293996,245.0505,-10.147873,0.81391776,0.0271507139141471,0.5951798741279948,0.0244483184020421,245.52042933801283,0.5963002298387543,1.533779196505254
0.00392167,0.04822154,-0.002264169,97019.766,0.03474085,286.9851,-1.5494776,53.38389,0.115450084,0.81077564,0.0172482642678212,0.1291429060396491,0.0082074561855242,53.40649699322075,0.1305479036126414,3.0189002301766195
0.0018984762,0.055858463,-0.0018984762,90611.23,0.2533624,264.05826,-1.6585624,346.647,-4.798594,0.272904,0.0106467421991477,0.5072885722516812,0.0186712308448922,346.68417896208,0.5077436986490995,1.7899005265883576
0.0019461956,0.06372,0.0033709237,91827.266,0.3589534,256.65912,4.920059,196.58362,16.397375,0.21516025,0.0156594148158303,0.2534102573286785,0.0212319106544818,197.32764768211905,0.2547798457920115,2.594935572283576
0.00035669186,0.034744617,0.001331215,99763.164,0.9839245,234.276,6.921491,673.63965,17.56565,0.10482837,0.0059898100745191,0.5822868490287546,0.0151817167142046,673.9041750499161,0.5825155250282646,0.9187823969714264
-0.0016267902,0.048895385,0.0016267902,93872.1,0.12646,281.6529,-21.691532,298.54663,19.822445,0.43344137,0.0430331568942401,0.5406076870426999,0.0493637117804247,299.98923675799097,0.5445597303535057,1.533752509317093
-0.0010559278,0.033396922,0.0018289352,103154.516,0.43868786,261.71088,-18.436207,371.977,69.25984,0.20443976,0.0255953938992874,0.437423169412043,0.0823995054900317,378.8188322857939,0.4458518047875755,1.407912163392128
0.00029804165,0.06753846,-0.00014174538,94662.23,0.9999313,223.28,-4.9942923,919.30585,-8.4842,0.10280113,0.0043886440895088,0.8079078141348879,0.0074556250361567,919.3585646794402,0.8079541340211316,0.2200207847616693
-0.0012458276,0.01789846,0.0021578514,98231.94,0.0038621277,370.8599,-4.4905562,168.71812,7.2020187,0.8747277,0.0112395065728345,0.4250384160879994,0.0180162144301274,168.93146002055067,0.4255685205005046,1.6611119533351038
0.0008703744,0.069335386,0.0015075472,97238.06,0.8251899,243.1875,-6.8455453,404.32913,-5.0779634,0.1159475,0.0063908157942438,0.3725815173773844,0.0057585642296726,404.41895673830993,0.3726808160876239,1.160507581746156
-0.00037499773,0.024412308,0.0006495165,98706.27,0.9998946,206.66513,-26.90775,1395.6875,15.995875,0.11582813,0.0245765434054644,1.2752055074265949,0.014614563096558,1396.038499713861,1.2755260397621773,0.4999977694516481
0.0014401756,0.047772307,0.0024944716,101816.85,0.20949575,271.35263,6.3988414,259.76624,-16.729206,0.34850886,0.0279748320634056,0.4049106596458806,0.0315522978536117,260.3830081790868,0.4071004556908293,1.9202423830851167
-0.000375,0.0032984614,0.000375,107317.086,1.0,170.83717,-361.09283,1936.4467,374.8285,0.15138184,0.3635662393199498,1.9479772733636704,0.3776074456893958,2005.170880057495,2.0172712388161096,0.3535533905932737
0.0026058601,0.008464616,0.0026058601,98070.75,9.575734e-06,302.83463,-5.3354664,7.079515,-5.473004,1.1231538,0.0152583133693558,0.0202341808389032,0.0156514002971158,10.418277550764808,0.0297859787880045,2.45682846337794
0.0035523847,0.06349538,0.002050962,89648.02,0.32057437,257.08475,2.738321,163.51038,3.4163299,0.22980174,0.0220802233942717,0.2208623385787184,0.0198406787552759,163.56898874673365,0.2228482923449749,2.7346242628142687
0.00025366183,0.020593846,-0.00041642482,102679.25,0.9999631,199.74738,-2.266749,1587.565,36.06569,0.12464525,0.0045911546425184,1.4751878469957893,0.0335141585942688,1587.97622821351,1.475575637319655,0.3250667997750489
-0.0050100614,0.0032984614,0.0013424361,98124.19,8.349298e-12,295.4435,9.0632715,0.06574022,-2.4125376,1.1520088,0.0262420299311405,0.0002502830895302,0.0069853282616532,9.379101755000404,0.0271569804553972,3.4578638180467665
-0.0028192918,0.051366154,-0.0048831706,96416.89,0.0012297308,294.47876,5.705959,10.057155,6.1256237,1.1174687,0.0164075181250525,0.0289050514548488,0.0176258137960341,13.08539646008892,0.0376215093078925,3.7590637937450806
-0.002039934,0.05496,-0.00054659264,92150.11,0.19029862,273.7234,-7.2373686,400.4045,-6.651495,0.3307085,0.0191167405449952,0.6401122188306478,0.0167615522265796,400.52513717647895,0.6406169308552532,1.4079290131187046
-1.5791709e-19,0.04867077,-0.0030781461,97693.33,0.39296162,251.6485,7.4314213,249.22012,14.021902,0.21650225,0.0095482717774256,0.3132936527230533,0.0176990912716187,249.72486454306087,0.3139384337132518,2.0520974
0.0004526625,0.061923075,-0.0004526625,91137.08,0.9996951,221.51587,9.31332,978.1665,2.31155,0.09978385,0.0082176499194753,0.8631667526611927,0.0035550379295727,978.2135671289144,0.863213189753579,0.4267742977851408
0.0028192918,0.017,0.0048831706,98447.266,3.0015453e-08,296.82675,-2.5385976,2.68699,-4.153951,1.1504138,0.0073330036005255,0.0077614389990789,0.0119994754750628,5.560548709005863,0.0160623873947298,3.7590637937450806
-7.63982e-20,0.06035077,0.00083024846,91459.79,0.9892454,225.48262,-5.30001,823.0544,-25.154375,0.09934435,0.0046527366005669,0.7233628493486438,0.0220999524700336,823.4557535453866,0.7237153222606529,0.5534989733333333
0.004149602,0.024861539,0.004149602,97620.984,4.0239988e-07,297.59326,-0.9629158,0.6785385,-1.0331265,1.1378187,0.0027782019016074,0.0024647424552141,0.0029806552735544,1.5668349303210407,0.0047621074154619,3.912282284567013
0.00031432978,0.01655077,-0.0005329707,89884.336,0.99991864,193.01237,-16.106094,1648.2338,40.4877,0.11291338,0.0152066841816576,1.558405009516009,0.0382447895390135,1648.8096674806543,1.5589483894136058,0.4125050721052952
-0.0025933797,0.057206154,0.004491879,92999.35,0.13511887,268.2615,4.0622,19.328913,8.887054,0.44655526,0.0141126899903039,0.0366733379683745,0.0221932713162898,21.658441204308424,0.0451291815594244,3.4578474498201968
0.0035105823,0.004870769,-0.0035105823,98067.984,5.08231e-10,295.687,-6.959391,-0.9433946,7.007575,1.1503987,0.0201420963765091,0.0027303963027584,0.0202815277502282,9.921150328606815,0.0287140989462315,3.309808733657956
0.0006949476,0.0021016174,0.0026023579,98045.1,5.532771e-11,295.72287,-4.2794228,7.0043535,-16.174463,1.1499925,0.0123847724236081,0.020270863316825,0.0468096975620448,18.13801755409039,0.0524922687016294,1.7957008915045671
-0.00508224,0.050243076,-0.0029342247,96913.52,0.00032683922,294.77362,6.777539,5.5589476,3.4860287,1.13542,0.0196184465335564,0.0160741593187451,0.0100853506697044,9.433415575139817,0.0272942547127654,3.912307532088964
0.0010392044,0.03362154,0.00059997645,99633.4,0.98089063,237.18312,-14.010632,736.8651,80.610085,0.10371788,0.012650637476552,0.634056752193576,0.0693540682418574,741.3935926420977,0.6379639413105769,0.799977090098061
-0.0012308755,0.029353846,0.0012308755,94171.73,0.39870074,264.0885,-23.861399,520.6579,28.433287,0.20362175,0.0350358480194307,0.6333359959443838,0.0375106337424722,521.9793741176672,0.6354124975549875,1.160480550461843
-0.00025366183,0.03991077,0.00041642482,101204.0,0.9999699,210.788,15.477225,1285.21,-18.22705,0.11641838,0.0139976904465476,1.162476307221133,0.0164932592069177,1285.4324229400015,1.1626775682826198,0.3250667997750489
0.00087018503,0.013855385,-0.00050239643,98207.234,0.9975369,216.1095,-36.054714,1020.4426,21.172804,0.11045725,0.0323132939011459,0.9131722145806964,0.0189693542835742,1021.2988445727352,0.9139406320144056,0.6698670379885004
0.0013613222,0.034295384,-0.0013613222,96627.46,0.175203,282.464,-15.345621,309.0515,-17.479929,0.36430562,0.0251759611769257,0.5057261962315249,0.0301116863542045,309.9255808318679,0.5072470090903276,1.283466878666386
0.0005954578,0.0055446154,0.0022223014,97863.2,3.2228668e-06,338.8626,-1.9758829,86.2733,-7.7641125,1.002732,0.005370499933951,0.2322134078339062,0.0210642962355336,86.64449116381935,0.2332286723867263,1.533796090173774
0.0009523381,0.045526154,-0.0005498259,97583.82,0.9993907,227.68399,30.980125,767.3461,41.4075,0.10397887,0.0269686535382186,0.6680604308085805,0.0360434690023834,769.086722279403,0.6695753722647931,0.7331079584049207
0.0004151182,0.035418462,0.00071900955,98336.35,0.9998896,215.91362,-13.9925995,1183.86,25.68835,0.110445626,0.0125112712343987,1.0582276023454067,0.0229633224858826,1184.221340698811,1.0585506622043177,0.5534930905771464
0.0018990553,0.0021016174,0.0019001279,98037.984,4.8459486e-11,295.7185,-11.807892,7.367136,-11.753902,1.149925,0.0341728164902026,0.0213209389229738,0.0340166838103795,18.21689376792224,0.0527209503033241,1.790952207168826
1.5224762e-19,0.025086153,0.004313942,98324.45,0.0051518227,319.26413,0.04751447,48.569748,5.2181687,1.0005136,0.0029988156924022,0.1307094886003827,0.0139522202393772,48.8492780191276,0.1314862264852812,2.8759613333333336
0.0043740757,0.039686155,-0.0011720242,99537.484,0.005068586,303.4265,2.3707416,55.249924,0.5364404,1.0661725,0.0065592208878744,0.1526657164456912,0.0024643526063133,55.303365955812296,0.1528264289653473,3.018916579372005
0.001159104,0.06506769,0.00031057486,92102.39,0.994963,233.13788,4.8604903,605.67474,19.109112,0.09623821,0.0047206206393344,0.5221323332675457,0.0164729792170654,605.9956049357558,0.5224134538341426,0.7999941184450516
0.00084845215,0.06484307,-0.0031664888,92941.27,0.39061236,257.09262,-10.046017,253.04112,19.156256,0.20286813,0.0167496524563828,0.3160389368661505,0.0255546565279953,253.96396006590427,0.3175125209234433,2.185459257238885
-1.4721278e-19,0.029578462,-0.0054114084,98470.21,1.2542961e-05,298.85812,0.013951199,11.765178,0.2983537,1.142675,0.0001819240961184,0.0338623391338928,0.0011043244307053,11.76896864376574,0.0338808299845763,3.6076056
1.4721278e-19,0.05990154,0.0054114084,92665.27,0.3648735,249.73625,5.0382805,-7.491946,17.022903,0.22020063,0.0066092663910185,0.0121560712007891,0.0248411473265447,19.26895824405163,0.0284347510937795,3.6076056
0.0033619737,0.030926153,0.0009008322,99358.586,0.029170962,316.18613,6.554373,109.91512,4.5241137,0.7857494,0.0156780479609251,0.2608791894451562,0.0107353588579615,110.20327134349532,0.2615702594012477,2.32037983596063
0.00087018503,0.039686155,-0.00050239643,99805.516,0.99152863,230.6695,10.320141,748.9722,-27.2037,0.1057435,0.0089572319283825,0.6502427240367153,0.0236045793846295,749.5371258161866,0.6507326704065441,0.6698670379885004
-0.0006470514,0.014978462,-0.0006470514,100344.164,0.9988729,212.70676,-41.07644,1158.7913,-42.6647,0.1145285,0.0370428952543148,1.0446571341361115,0.0384710802461037,1160.3037651860195,1.0460213802813008,0.6100459102883323
0.0035523847,0.0044215387,-0.002050962,98019.42,5.663231e-09,295.89236,-11.207,-0.32857686,6.567925,1.1490325,0.0324243093404508,0.0009506249890163,0.0190024746393443,12.993938993182647,0.0375943289139985,2.7346242628142687
-0.00410197,0.019021539,1.5322009e-19,98877.336,0.0002562156,308.9275,5.2513237,29.415575,0.06864738,1.1064525,0.0148472793621264,0.0831123577122102,0.001899607483563,29.880715614683453,0.0844494773076247,2.7346466666666664
0.0011503282,0.015427692,-0.0019924412,97303.7,0.0060732313,380.37363,5.112385,214.03175,-6.1192813,0.8226776,0.0124568067899217,0.5249609532745962,0.014853450047741,214.18023272953843,0.5253187598750829,1.533779196505254
0.0013424361,0.047323078,0.0050100614,98586.06,0.003186172,297.52762,-2.7851338,24.730888,-5.1584773,1.1033988,0.0078783870924338,0.0699358322738632,0.0145469502374456,25.41620899361393,0.0718658707609312,3.4578638180467665
0.0008019567,0.061024614,-0.00021488206,90681.29,0.9984971,225.97913,-9.336397,845.95886,7.54207,0.09743383,0.0081604511191325,0.739547159785598,0.0073750589032968,846.0439964572328,0.739628951571827,0.5534975051172251
0.002838977,0.053612307,0.0016390758,97182.81,0.33789125,258.40524,-12.005789,236.46387,-9.21025,0.237439,0.0184801982560364,0.3116839120093711,0.0138715919619085,236.9475247601289,0.3125392772062505,2.185442735178454
-0.0056386283,0.043504614,1.4617036e-19,99770.23,0.00032383593,298.30475,5.8492713,17.611488,0.7913655,1.1551425,0.0168197228987815,0.0506303555695573,0.0022768052809518,18.574303315864583,0.0533996238355568,3.759085533333333
-0.0011720242,0.0068923077,0.0043740757,98076.69,2.8118027e-08,296.75812,2.4484725,-1.56995,-8.626502,1.14635,0.0070734885083928,0.004535735271864,0.024922002405874,9.103641982292595,0.0263004436854815,3.018916579372005
0.0010048215,0.06237231,-4.0129963e-20,91153.086,0.99291277,228.73637,17.681,733.71,42.27105,0.09726553,0.0154019589542684,0.639157480660793,0.036822440501612,735.1393225294797,0.6404025277501454,0.6698810000000001
-0.0030503666,0.031824615,-0.0030503666,98499.1,0.004984286,306.77798,2.1061575,53.711,1.5537493,1.0445526,0.0057857001645877,0.1476634253119831,0.0045880899012879,53.77472972783831,0.1478479356305133,2.875913210619937
0.00071900955,0.059676923,0.0004151182,91723.8,0.9983076,225.63687,-19.1739,831.057,-22.321625,0.098720424,0.0167767914294775,0.7271292054132997,0.0195314304198325,831.5777958993679,0.7275849221018049,0.5534930905771464
0.002039934,0.053387694,0.00054659264,97916.7,0.49956912,253.4375,11.28411,405.387,-10.074809,0.1763615,0.028799314266083,0.4581552604663168,0.0124354750312056,405.6691418926002,0.4592279218801999,1.4079290131187046
0.0011720242,0.003972308,-0.0043740757,98096.92,8.7137847e-10,295.6125,-2.8997,-0.0750477,10.83605,1.1510288,0.0083934730487648,0.0003302232739593,0.0313659769408265,11.217569783592849,0.0324712787965528,3.018916579372005
0.0024944716,0.0062184613,0.0014401756,97893.35,9.86117e-07,309.04712,-9.621001,20.486263,-5.4404025,1.0987875,0.0272433440808363,0.0579261477663297,0.0154065184671433,23.277641876040114,0.0658407108332825,1.9202423830851167
-1.5183822e-19,0.038563076,-0.0013781823,101007.54,0.904161,244.30988,34.310825,544.3396,-52.99915,0.11031213,0.0302522548281919,0.4791102923588071,0.0468966726950515,547.9888162554627,0.4823496336436861,0.9187882
0.0004505431,0.04036,-0.0016814725,101897.45,0.96626765,240.41862,-5.0313015,418.091,-32.280487,0.106102,0.0059695798143128,0.3597616642299855,0.0277813818600377,419.3655065891103,0.3608821083272784,1.1605245659162278
-0.00025366183,0.03923692,-0.00041642482,100374.44,0.99982035,209.239,7.834095,1286.8325,-30.130087,0.11633287,0.0071096987512388,1.1683308687108351,0.02735412854025,1287.2090266321732,1.168672672285591,0.3250667997750489
0.0009523381,0.059003077,0.0005498259,92376.19,0.9857235,230.15675,-12.243231,681.3689,-14.295012,0.098629124,0.0106676263971389,0.593712140386596,0.0124551277392715,681.6288007123889,0.5939385777185917,0.7331079584049207
-0.0050100614,0.02373846,0.0013424361,97828.17,1.3840052e-05,301.52176,2.5201175,7.134964,-0.40683222,1.12519,0.0072231166517928,0.020437634591199,0.0014989645686539,7.577876744202982,0.0217282584812234,3.4578638180467665
0.004893632,0.001752484,0.0028211633,98228.95,1.4251969e-15,295.4279,-7.027256,0.019298162,-4.0231876,1.1532975,0.020347447561004,0.0001236062585847,0.0116491539054651,8.097452548387446,0.0234464642850085,3.7657282911773824
0.0006470514,0.01655077,-0.0006470514,94390.0,0.999218,209.55963,-15.254856,1222.325,26.27545,0.10930687,0.0138470048299831,1.1099809910066796,0.0238588417961144,1222.7025458096025,1.1103237294909911,0.6100459102883323
-0.004745321,0.059676923,1.5026859e-19,92547.98,0.6983497,242.4865,-12.477927,69.2666,9.452707,0.12876613,0.0123874253659432,0.0687723923396906,0.0094545031325881,71.0134790543681,0.0705157988312212,3.1635473333333333
0.0011935149,0.05091692,0.0006890677,99867.77,0.9817073,236.71375,16.455425,640.5355,23.522137,0.104080126,0.0141486813814907,0.5514308892016054,0.0202161469507426,641.1784452874467,0.5519827020369771,0.9187653821431114
0.00021488206,0.03204923,0.0008019567,98016.4,0.9997975,218.6085,-15.364263,1122.6687,10.971687,0.108743,0.0136400526058762,0.9974956210607656,0.0097424327855458,1122.8274348504533,0.9976364468417712,0.5534975051172251
-2.7755577e-20,0.00532,-0.0003036618,14341.55,1.0,108.07987,7.279662,2510.225,-182.97295,0.032033674,0.0538666726541041,3.174208213963504,0.2324507677753427,2516.89523908635,3.1831639548498827,0.2024412
-0.0052270126,0.069335386,0.001400568,96133.664,0.0012327763,292.4305,-59.52234,-2.2781906,15.463425,1.1219988,0.171799832329274,0.006573531157365,0.0446128632384762,61.540365811523685,0.1776195407791003,3.607600091361616
0.0004151182,0.041033845,0.00071900955,99844.98,0.99978036,222.81012,31.388588,999.9437,-13.722677,0.10868288,0.0276222432636979,0.8800271652593719,0.0120718478489355,1000.5303386156614,0.8805433149072524,0.5534930905771464
0.002705682,0.05091692,0.0046863924,97268.29,0.004721049,295.04913,-1.2492757,21.945513,-4.568821,1.0768225,0.0070945472068993,0.0616555848416041,0.0133714463092502,22.450843100824084,0.0634865286390138,3.607583913671109
-0.002176526,0.032723077,0.002176526,98098.35,0.029017525,322.4755,2.1641595,149.506,-0.699416,0.762161,0.0051191177368265,0.3522286013957766,0.0029433673589618,149.52329853598903,0.3522780952870021,2.052048392038442
-0.000530325,0.065292306,-0.000530325,91613.484,0.99984014,223.75175,3.6858764,868.9753,27.616463,0.09928987,0.0032356279779954,0.7629372076917301,0.0242474112798655,869.4218347405109,0.7633292796183316,0.4999952049770078
-0.00248237,0.028455384,-0.004299605,97688.14,0.000100327576,302.145,-0.22576201,19.41285,0.07621901,1.1199788,0.0016164996086088,0.0555227758328932,0.0009040757350532,19.414312322231364,0.0555536592863967,3.3098347708290348
-0.0009151009,0.052264616,-1.7975756e-20,95987.42,0.99901885,227.1985,-9.792341,822.3868,4.576866,0.102533124,0.0085402963019791,0.7168864693072349,0.0039937807566423,822.4578326327023,0.7169484617609906,0.6100672666666667
0.00083024846,0.045301538,7.986765e-20,97253.9,0.9998944,218.53163,32.400574,1068.1799,37.17105,0.10791875,0.0287823170896231,0.949009031385708,0.0330117750690228,1069.3174378628837,0.9500191265031958,0.5534989733333333
0.0019461956,0.017,-0.0033709237,98621.73,0.000109852714,310.79962,-1.5789975,27.202087,2.1355226,1.0991,0.0044543717231264,0.0766955629660203,0.0060243495652863,27.33143294881712,0.0770606488021437,2.594935572283576
-0.0037597984,0.009138461,0.001007429,98453.02,6.568527e-06,301.94913,5.932771,5.6371336,-1.3186674,1.1308775,0.0169912454732202,0.0161376438044927,0.0037767696249165,8.289386628364774,0.0237358370210869,2.5949521253287604
0.0037359586,0.022615384,0.0021569484,97658.125,0.0021646437,318.13263,-1.2051756,35.37409,-1.5027678,1.0354712,0.0056200004205863,0.0971674010961884,0.0041602124929569,35.42650141653353,0.0974186615002562,2.875939503395293
-0.00037499773,0.04867077,-0.0006495165,97882.875,0.9998919,220.62524,0.58110833,1007.8268,23.556437,0.10758575,0.0016123934624119,0.8911464505576866,0.0208284250892551,1008.1022280549064,0.8913912830210646,0.4999977694516481
0.00041642482,0.04036,-0.00025366183,100172.83,0.9995945,211.91824,25.0282,1242.0137,-28.4865,0.11465825,0.0225781576857191,1.120633252302652,0.0257011526582704,1242.5924200900229,1.1211553008476856,0.3250667997750489
0.00050239643,0.040135384,-0.00087018503,100384.375,0.99127626,229.30937,27.182926,791.18835,-20.0187,0.10701363,0.0236734208475234,0.6890167141205507,0.0174318324384634,791.9082427853205,0.6896436267915967,0.6698670379885004
0.0008839167,0.034070767,0.00023684214,98042.48,0.99977386,223.2115,-8.4622,988.5785,69.60176,0.1065335,0.0074309503789983,0.8693069801965033,0.0611827886028715,991.0617864120215,0.8714890581430856,0.6100648168910395
-0.0049647847,0.02823077,9.37506e-20,97242.3,0.00015451801,302.20914,1.42775,17.645575,0.74162126,1.1138337,0.0040845188278606,0.0504417378488536,0.002119504988402,17.718769405249592,0.0506512044542227,3.3098564666666666
-1.7793022999999998e-19,0.036316924,-0.0017407954,92348.5,0.33156037,265.77426,-1.5171987,385.40338,-60.84147,0.23206912,0.008970633285248,0.5094168301878631,0.0751735250306918,390.17912768250505,0.5150116872515891,1.1605302666666666
0.0005954578,0.040584616,-0.0022223014,93284.25,0.251833,264.98474,5.6712513,270.803,-60.044964,0.2838911,0.0238707446638154,0.3970115320587937,0.092566549774057,277.4379671243088,0.4083583416260142,1.533796090173774
0.0005329707,0.00824,-0.00031432978,75144.36,0.9999444,175.08951,233.26074,1893.4012,-127.0005,0.10399069,0.231431386196537,1.8795617824867448,0.1260191369099537,1911.938232262496,1.8979446260544928,0.4125050721052952
-0.0031664888,0.05069231,0.00084845215,95381.836,0.27622864,259.19913,-2.4487116,219.79776,8.666647,0.27415887,0.0146607133911637,0.3136864086697841,0.0138496614339315,219.9821862327497,0.314334078049325,2.185459257238885
-0.00097446906,0.065292306,-0.00097446906,93152.375,0.8779106,239.48938,-29.519316,626.744,-8.695773,0.107192315,0.0273998020523405,0.5659421028951658,0.0173600147428654,627.4990422472176,0.5668708698581912,0.918738240509974
-0.0039621918,0.04956923,-0.0010616601,103023.4,0.19351637,266.16037,-21.821562,93.07783,-7.917951,0.38951674,0.0376780517546753,0.1499645628746174,0.0145797835598474,95.9289161497572,0.1553112223596706,2.734640827760201
-0.0017618468,0.038787693,0.0017618468,102935.42,0.26715437,270.59674,-12.714538,245.76562,4.718861,0.28977862,0.0208029247287404,0.3482212350592856,0.0164433336583965,246.1395277066956,0.3492293994572696,1.6610850929224252
-0.00043177773,0.0008336973,0.0016371112,98291.19,2.054592e-08,296.31952,1.7674606,6.691616,-7.2566786,1.1505562,0.0051101703418246,0.0193447653443022,0.0209807020273289,10.028012064597164,0.0289917858144016,1.128728899502916
0.0024917016,0.031375386,-1.6060752e-19,97987.086,0.04445806,324.4585,40.069786,211.14638,12.183184,0.67431813,0.0864013536007651,0.4642600947654768,0.026942033994376,215.2598697146499,0.4729994743035641,1.6611344
0.0029004794,0.026433846,0.0029004794,97999.69,0.008318093,318.31125,3.55929,64.445,3.9972928,0.9625469,0.0093566952747,0.1703802646055553,0.0104895643734273,64.66687652912448,0.1709590982494553,2.7345982032425185
0.00044156975,0.020369232,-0.0001279371,99408.64,0.9999722,197.44087,-22.338161,1624.7137,21.938686,0.122081876,0.0208867537280959,1.5185005409562755,0.0204976201335573,1625.0153557268184,1.5187825064165503,0.3064867194305833
-0.0016814725,0.052264616,-0.0004505431,91865.55,0.27970326,265.80038,-67.20011,437.97137,-55.109676,0.2708046,0.0878202412862066,0.6288321528772729,0.0770862274254687,446.5107525161224,0.6395971839607524,1.1605245659162278
-0.0005870607,0.059003077,-0.0005870607,91527.89,0.99884665,224.667,-36.075924,906.3361,-39.542625,0.0988852,0.0316241219629816,0.7945043361720112,0.0346631093856692,907.915314138689,0.7958886583174437,0.5534861359174952
-0.000530325,0.040135384,0.000530325,101120.25,0.999902,216.98862,20.275713,1167.9175,-8.534279,0.11301012,0.0180753196406629,1.041358336440621,0.0076180432110583,1168.1246616958133,1.041543055584768,0.4999952049770078
-0.0001279371,0.037215386,0.00044156975,98202.19,0.999982,206.68262,-27.418787,1376.6538,-11.265187,0.11520438,0.0250457504738082,1.257467500718956,0.0102890708543774,1376.9729043714465,1.257758987230948,0.3064867194305833
-0.0024944716,0.003972308,0.0014401756,97884.9,5.8892088e-08,297.9589,16.716774,6.5353575,-9.571001,1.1395037,0.0481971971361598,0.0188371070491825,0.0275947406835354,20.341226382936775,0.0586453419050121,1.9202423830851167
-0.0010616601,0.05159077,0.0039621918,96117.83,0.106108434,278.40463,-0.059978753,104.59959,19.979248,0.5158851,0.0110993759669831,0.20021822818994,0.0363432942771627,106.49060135178324,0.2037924681760633,2.734640827760201
0.0014401756,0.03317231,-0.0024944716,100184.44,0.026843987,328.63513,-2.6000237,173.63538,-1.5621438,0.77972126,0.007526611251882,0.4093424213389816,0.0052601750792018,173.66187147510774,0.4094454020091826,1.9202423830851167
-0.0043740757,0.052489232,0.0011720242,96484.484,0.053277448,278.7365,4.2286577,55.2798,-6.2933936,0.71319616,0.0100970264622694,0.125400714720466,0.0143117194161483,55.79735331526299,0.126617986512304,3.018916579372005
-0.0056386283,0.049793847,1.4617036e-19,97173.766,0.00040482412,295.59836,7.9493275,10.435892,-1.2569389,1.1341425,0.0229533381757884,0.0301165461869356,0.0041331792701564,13.178753542587154,0.038091275359604,3.759085533333333
0.0052270126,0.011609231,0.001400568,98676.336,2.096786e-09,296.845,-3.950029,-0.048396852,-1.1497444,1.1530212,0.0114099556506796,0.0004994284830798,0.0033211391472558,4.114241551179982,0.0118939683031199,3.607600091361616
-0.0038924366,0.057206154,1.5418135999999998e-19,92355.46,0.6630435,243.69475,27.879776,172.80424,6.8070464,0.13404937,0.0284333799080943,0.1758891286709273,0.0068733517307363,175.17112533885123,0.1783050353793477,2.5949577333333336
0.0024944716,0.025086153,-0.0014401756,98187.75,0.00447701,362.94836,5.7466474,165.166,-6.9492674,0.8856152,0.0145869653731291,0.4190833644725281,0.0176302552509648,165.41198212262807,0.4197076027863027,1.9202423830851167
0.0012321778,0.0017449552,0.0012345894,97979.234,1.1336204e-09,296.2065,-9.108295,19.6602,-9.069301,1.1473424,0.0263386414418641,0.0568514837818207,0.0262258950524986,23.489076662900693,0.067923580680809,1.1628457655262416
-0.0005830067,0.061473846,0.00016102531,91657.06,0.999915,221.32375,0.6214015,982.10815,-25.452463,0.10041975,0.002706221647931,0.8669409911179612,0.022468046675112,982.4381060957546,0.8672363108389752,0.4032236559999844
-1.588243e-19,0.034295384,-0.0028803973,98168.86,0.03567561,321.28024,-1.8287302,162.87387,2.4371662,0.71872675,0.0043830615794697,0.3720261887400452,0.0128671702137538,162.90236819029894,0.3722744423225463,1.9202648666666664
-0.0025933797,0.0064430768,0.004491879,98039.92,6.2966976e-10,295.926,4.230181,-1.6683825,-7.1544824,1.1491413,0.012238075220663,0.0048267024062286,0.0206984013000572,8.477296141516883,0.0245253207441433,3.4578474498201968
-0.0030503666,0.05743077,0.0030503666,93924.98,0.63477415,244.23524,5.662587,106.58836,1.4747477,0.14145263,0.0167523539657684,0.1101263592097607,0.0091844765301755,106.74885601167266,0.1117712439106096,2.875913210619937
0.00097446906,0.01947077,-0.00097446906,100271.17,0.94493127,240.33412,35.049843,741.27435,-29.274021,0.106774375,0.0306055327406422,0.6448634869040002,0.0255676383258579,742.6796898850512,0.6460954414835985,0.918738240509974
0.00016102531,0.059003077,-0.0005830067,91840.27,0.9995336,221.56076,-40.59706,1013.8867,-41.37221,0.10054925,0.0358195121381751,0.8946797653418568,0.0365058922918813,1015.5422302779032,0.8961403908618355,0.4032236559999844
0.00040334585,0.039686155,0.0015053301,106640.375,0.89126474,246.13687,34.809513,505.71075,47.47428,0.118403874,0.0315471376204439,0.4472294583768015,0.0456109814157465,509.1255956268336,0.4506548257344617,1.038953872289757
-0.004149602,0.053163078,-0.004149602,95890.164,0.0012857494,293.40125,6.92389,2.898507,5.75806,1.1146113,0.0199484141543556,0.0083249191196652,0.0165939110509625,9.460277507808584,0.0272507135611146,3.912282284567013
0.0012849732,0.0026246153,-0.004795607,98169.734,1.4374319e-12,295.43726,-2.4903264,0.26102462,9.233935,1.152565,0.007210626435706,0.00075578618698,0.0267364752645924,9.567414228254576,0.0277020478652733,3.309850793761437
-0.0004982899,0.005769231,-0.0018596658,95786.92,0.012751437,373.84924,-4.1092744,227.32362,-8.168244,0.7742686,0.0094837657048954,0.5381948659803958,0.0256900414262085,227.50743846310263,0.5388911149834277,1.2835107603984124
0.0030503666,0.06372,-0.0030503666,89723.64,0.31642187,256.585,14.936165,104.56595,-0.69228876,0.23287913,0.0202595403465151,0.1422270361603723,0.0088145037087499,105.62957061371094,0.1439328811135506,2.875913210619937
0.00016102531,0.03362154,0.0005830067,98058.42,0.9999605,209.65074,-14.074425,1345.9962,53.155464,0.11341737,0.0127660432318425,1.2208536315168206,0.0481954601491146,1347.1189120514107,1.2218712550128148,0.4032236559999844
1.7975756e-20,0.014304616,-0.0009151009,102911.0,0.99890476,213.94838,6.2486,1106.24,15.62805,0.11678,0.0056074085269865,0.9942448514061004,0.0160239029531383,1106.368030335639,0.9943897792333642,0.6100672666666667
-0.0006470514,0.053163078,0.0006470514,96494.71,0.9996033,225.40536,-2.169715,895.2351,11.444545,0.103839,0.0031471826989679,0.7832764459137873,0.0100151824292633,895.3108787150127,0.783346793802953,0.6100459102883323
-0.00059997645,0.023513846,0.0010392044,97026.71,0.9919331,230.91513,-23.51845,829.71375,-8.554099,0.102661,0.0203899590755143,0.719861478150798,0.0085773399865832,830.0910775566539,0.7202012697279827,0.799977090098061
-0.00074549386,0.00868923,0.0027822433,98060.29,1.360393e-05,325.98538,1.2556087,50.182438,-4.00349,1.0434837,0.0034684292904239,0.1380805485641902,0.0110582903730414,50.35753736047325,0.1385660625099265,1.920259111647012
0.0038263933,0.035418462,0.0038263933,97703.79,8.6598324e-05,299.22162,-0.7345094,13.337213,-1.7376674,1.1312888,0.0022504372843519,0.0383423970978181,0.004996744968463,13.469975599795276,0.0387320454334318,3.607558199889029
-0.00031057486,0.060575385,-0.001159104,92219.19,0.9984059,228.66675,-22.636074,700.9412,-33.181637,0.097928815,0.0196736203768243,0.6091631294964828,0.0288412197825514,702.0911470297665,0.6101627533988169,0.7999941184450516
-0.0009008322,0.0462,-0.0033619737,99102.414,0.2874244,257.96738,-6.6286063,167.92188,-7.8850927,0.27894425,0.0095328767184828,0.236653115985286,0.012070963586829,168.23754304881652,0.2371524429686305,2.32037983596063
-0.00248237,0.004196923,0.004299605,98120.02,2.1079212e-10,295.58014,5.01045,-0.449702,-8.586224,1.1514263,0.014504016496217,0.0013017771398894,0.0248550211746655,9.95138601750932,0.0288068255078122,3.3098347708290348
-0.004149602,0.038787693,0.004149602,99925.7,1.6634343e-05,298.84476,-2.5630276,13.845275,2.9283226,1.1595513,0.0073760794670705,0.0398500566341035,0.0084294757413124,14.38178791227494,0.0413943187323957,3.912282284567013
-0.0017618468,0.035418462,0.0017618468,96125.85,0.105311565,298.60663,-1.3668212,247.61862,-13.580672,0.4664495,0.0105709506700945,0.4609313416106783,0.0249321867615182,247.9945237759672,0.4617261749281717,1.6610850929224252
0.0012,0.021716923,-1.6653346e-19,96730.52,0.993054,230.77087,23.488462,836.6201,15.311008,0.10230425,0.0203431355804902,0.7257037202594714,0.0132823737303205,837.0897959819553,0.7261102906691208,0.7999999999999999
0.0009705788,0.028904615,0.00026006208,94623.766,0.9991546,224.133,12.50765,962.3595,0.22585621,0.1024565,0.0109815344441056,0.8447053911410926,0.0050177464256794,962.4408031457313,0.8447916723670787,0.6698774323920479
0.0006470514,0.06574154,-0.0006470514,92023.94,0.99909914,228.1,4.7064824,731.33325,12.465218,0.09790198,0.0040967635188467,0.6361837950628864,0.0108455758916398,731.4546159482019,0.6362894239953759,0.6100459102883323
0.00153905,0.045301538,0.0026657272,99885.766,0.2706315,262.41162,-4.18896,195.62325,-40.399624,0.2905284,0.0171410889695033,0.2820001950915279,0.0585168140198934,199.79522753505768,0.2885171476459571,2.0520749831783918
-4.1633363999999997e-20,0.06416923,-0.00045,91790.81,0.99987876,220.88138,8.441544,983.2976,33.632664,0.10077038,0.0074581933308621,0.8688508201042542,0.0297185877423057,983.9088300846786,0.8693909170798788,0.3
-0.0050100614,0.06484307,-0.0013424361,94790.56,0.4807125,248.91112,-104.963684,-30.979187,-21.489328,0.18818814,0.1271696834034376,0.0355688299592352,0.0255254361085555,111.52970996072936,0.1344946762148282,3.4578638180467665
0.0035105823,0.05451077,-0.0035105823,95914.734,0.07112456,277.837,3.7481298,39.24775,-3.1042452,0.6428645,0.0242581263223921,0.0840502113917167,0.0222451078781741,39.54833366049537,0.0902648300955416,3.309808733657956
0.0009626141,0.052713845,0.0016673111,95987.36,0.55129886,250.9635,1.58965,449.1155,3.0449333,0.15968063,0.0076180377798871,0.4878881968827505,0.0086447050076274,449.1286351883767,0.4880242392359074,1.2834938790837072
0.0024067922,0.0055446154,-0.000644892,97807.67,6.96304e-07,321.4329,-10.367995,47.816463,3.2088237,1.0558676,0.0288209140959096,0.132371802315529,0.0089214615343853,49.03270340994952,0.1357664598253,1.6611287174214255
0.00041642482,0.05293846,0.00025366183,96133.11,0.99992365,217.30313,-6.2980514,1122.9349,17.171537,0.1072715,0.0056111034090708,1.0003523872100173,0.0152972268584447,1123.083842271978,1.000485076464315,0.3250667997750489
0.00153905,0.012956923,-0.0026657272,98364.3,0.0005209669,332.31598,-0.5596647,62.449413,1.7672038,1.0199673,0.0015233318812296,0.1696267238721442,0.0048084365639373,62.47691908130337,0.1697017002089443,2.0520749831783918
0.0007244437,0.025535384,0.00019411351,96321.14,0.99989176,208.16513,0.83234376,1361.7688,-2.2912252,0.112215504,0.0011124367205851,1.239822425000502,0.0020877257578425,1361.7709819064628,1.239824681819338,0.4999994352148855
0.00019411351,0.022166153,-0.0007244437,93223.664,0.99980414,204.71964,5.832178,1401.4363,-5.725217,0.11044413,0.0053857609829767,1.286732652674046,0.0056816523780403,1401.460129781654,1.2867564676552814,0.4999994352148855
-0.0029004794,0.053163078,-0.0029004794,96394.77,0.22936988,262.21988,1.5973587,118.29818,-11.975219,0.32289338,0.0181807562874266,0.1808025300949811,0.025731181246264,118.91348458533552,0.1835270783188612,2.7345982032425185
0.0004982899,0.050467692,-0.0018596658,94985.46,0.14840075,281.59286,23.022085,382.9369,-18.957163,0.401545,0.0399005493896039,0.6640771442686464,0.0482970256038017,384.096419936929,0.6670255692728482,1.2835107603984124
-0.0022223014,0.012732307,0.0005954578,97662.42,0.0047344426,384.13174,-8.618112,204.83163,2.530209,0.830989,0.0210855886045098,0.5039069621537677,0.0061790747656662,205.0284625618724,0.5043857745008249,1.533796090173774
-0.0007924895,0.04417846,0.00045754042,97002.85,0.99393964,228.91624,30.767963,787.6549,18.343613,0.10332688,0.0267809299891397,0.6856291756290243,0.0159589293191985,788.4690210649198,0.6863375788267999,0.610057499491838
0.002264169,0.069110766,-0.00392167,97569.39,0.07301601,267.539,44.926987,-0.23726726,-78.119774,0.6869891,0.0986074312029444,0.0073582681160451,0.1709763947379961,90.11764281461156,0.1975107520002748,3.0189002301766195
-0.00075,0.024187692,-1.2490008e-19,99602.81,0.9999035,207.52725,-27.3662,1371.8738,-3.6621852,0.11639475,0.0249510447740644,1.250864331287159,0.0033643799400413,1372.1516110216537,1.2511176799063186,0.5
-0.0031915514,0.007566154,-0.0018426349,98085.77,1.4438339e-06,300.906,7.635186,4.223145,4.267029,1.13064,0.0219057022619709,0.0121100204772893,0.0122424414162154,9.712803685469092,0.0278637714493201,2.4568546932603774
0.001007429,0.030027693,0.0037597984,97438.61,0.016501863,316.46838,0.7261306,77.64525,5.1882863,0.87800187,0.0028313330568748,0.1964924613240073,0.013010491825803,77.82178633224456,0.1969430798520088,2.5949521253287604
-0.0011019303,0.017673846,-0.0011019303,100198.61,0.58339363,262.021,-89.616,644.68915,-84.21076,0.16934949,0.0969437400727666,0.687612912713622,0.0901483814722623,656.3128672237808,0.7002401996114447,1.0389098500332354
-1.3877788e-20,0.0608,-0.00015293711,91533.234,0.9999634,219.07887,-18.744375,1064.1925,-37.00139,0.10130625,0.0166297240757385,0.9441422502020737,0.0328272216297086,1065.0005312263102,0.9448591232662128,0.1019580733333333
0.0030503666,0.06664,-0.0030503666,90768.64,0.44377324,250.565,26.173624,-11.81128,-23.375362,0.18464963,0.0321333314163694,0.0187735939843192,0.0283283776403658,37.0266455024327,0.0467706724212671,2.875913210619937
0.00029804165,0.0059938463,-0.00014174538,70110.92,0.9999995,169.74913,-497.88873,2016.0549,244.5875,0.09918307,0.5009632381415985,2.036902575467719,0.2460170586248984,2090.9790989943617,2.111980270042973,0.2200207847616693
-0.004313942,0.021941539,1.5224762e-19,97422.4,0.0007934856,312.5755,9.043958,26.843975,0.44233587,1.0699313,0.025327412653376,0.07509362149342,0.0023317716422231,28.32998113533219,0.0792840903315595,2.8759613333333336
-0.0028192918,0.029353846,-0.0048831706,98031.875,2.951878e-06,297.73276,0.6150515,7.78649,0.7755154,1.1420325,0.0017740182336656,0.0224554815197995,0.0022367216447909,7.849148934973104,0.0226362257166629,3.7590637937450806
1.0156928e-19,0.008913846,0.0010996894,92710.9,0.9948699,210.13312,4.1282086,1160.1799,12.9650955,0.10752125,0.0049078018100555,1.054935370847235,0.0140539238612894,1160.2596847997347,1.0550403954157863,0.7331262666666666
0.0022223014,0.06282154,-0.0005954578,89856.086,0.28441763,260.7819,12.35186,408.08987,18.612463,0.25053325,0.0365227366344339,0.5750569033063474,0.0266828597694606,408.700788133572,0.5768330151239878,1.533796090173774
0.00028127836,0.038787693,-0.00028127836,99146.14,0.99951947,209.24138,-3.630407,1293.8512,-29.2088,0.114940375,0.0032994410474289,1.1748396631089923,0.0265202703892719,1294.1859455247788,1.1751435848724172,0.2651917810093745
-0.0027523169,0.024636922,-0.0027523169,98303.875,0.010268675,328.3265,-6.993225,75.63452,-9.334393,0.91452414,0.017917496668501,0.1945658814073772,0.023980025708952,76.52853522843274,0.1968551765326411,2.594909258619116
-0.00035669186,0.056083076,0.001331215,94225.17,0.9797356,234.66537,-34.74185,710.94727,5.6050324,0.099251166,0.0301006791607546,0.6152552220560797,0.0104834690617533,711.8176966401443,0.6160803050550987,0.9187823969714264
0.00023684214,0.01408,-0.0008839167,101740.625,0.9988904,212.5405,-4.3333364,1130.88,43.436413,0.116213,0.0052381321269168,1.0198146718704575,0.0391951924418892,1131.7221718154426,1.0205810433772442,0.6100648168910395
0.0018984762,0.046873845,-0.0018984762,96657.7,0.22587863,268.3515,-36.00924,286.1946,50.05205,0.32917014,0.054753644223007,0.450632891665316,0.0767871688622466,292.7613740638271,0.4603957361968323,1.7899005265883576
0.0012849732,0.048446152,0.004795607,98536.65,0.008492619,295.4115,-3.3851912,33.1034,-0.63311327,1.041535,0.0092822290470585,0.0907561321598192,0.0113743057638655,33.28205888212458,0.0919359023031945,3.309850793761437
1.5513156999999998e-19,0.069110766,0.0036853154,97532.92,0.6259375,245.5565,-9.228035,63.66845,51.40525,0.14859176,0.0141447570744258,0.0664823696032559,0.0529806523129334,82.34881834565827,0.0861796329782297,2.456876933333333
0.0012458276,0.014978462,0.0021578514,98515.14,0.001902285,376.135,2.719275,173.06125,3.4289474,0.8863911,0.0068749128948898,0.4382471338454219,0.0086677583324117,173.1165745628075,0.4383867525205894,1.6611119533351038
0.00035669186,0.03362154,0.001331215,99760.766,0.9300849,242.10738,6.12389,670.7405,77.72864,0.107222,0.0106457872646581,0.5855397023963093,0.0682753367533425,675.2570339102227,0.5896029150857592,0.9187823969714264
0.0016673111,0.06731384,-0.0009626141,94538.1,0.36901426,260.26364,25.590088,418.5635,-36.098625,0.21533425,0.0327799202144734,0.5318801559515461,0.0460727097413688,420.8959097722242,0.5348772925141062,1.2834938790837072
0.00041642482,0.012732307,-0.00025366183,73684.7,0.9999746,177.995,-5.6905375,1880.7963,9.585245,0.10034374,0.0251227020918638,1.8516018316934824,0.0197692256090087,1880.8293333613335,1.8518777809489035,0.3250667997750489
-0.0026849245,0.030476922,1.8747665e-19,95742.65,0.013003938,347.09863,-6.6861234,175.8975,6.0718966,0.81608,0.0164153032320274,0.433799001282024,0.0150207093253152,176.12922154114895,0.4343692638782312,1.7899496666666668
-0.0006890677,0.058104616,0.0011935149,92592.31,0.9462317,232.90025,-41.18595,672.4999,-6.2009325,0.1016042,0.03637678208523,0.5937946155613427,0.0117853756168887,673.7884308455303,0.5950245464037179,0.9187653821431114
-0.0007244437,0.067987695,-0.00019411351,94210.81,0.9997459,225.929,-12.123971,819.43164,-22.488312,0.10112975,0.0105934326887564,0.7159884023297105,0.0196468902036595,819.8298161707146,0.716336243241578,0.4999994352148855
0.0013424391,0.019695384,-0.0023251872,99233.484,0.0014798963,371.64062,1.5994798,171.53325,1.0726429,0.908504,0.0040793834380088,0.4383088793061753,0.0040042051472979,171.54406067825266,0.4383461516960441,1.7899271558427734
-0.00044156975,0.014753846,0.0001279371,114031.875,0.9999641,199.571,-40.254936,1648.6338,20.1349,0.13853487,0.037445170631305,1.532557291841676,0.0187299470958508,1649.248095518929,1.5331290893133929,0.3064867194305833
0.0014401756,0.015427692,0.0024944716,98131.4,0.00080862746,354.92462,0.4676735,112.10544,0.050104562,0.94916075,0.0012511286451881,0.2942554869283984,0.0007904492460651,112.106426696079,0.2942592083866982,1.9202423830851167
1.5183822e-19,0.008015385,0.0013781823,99886.15,0.75103325,250.943,1.0796998,744.4481,171.481,0.12979025,0.0255531665728721,0.7066986117417955,0.1674444592622681,763.9436318906442,0.7267142073038859,0.9187882
0.004795607,0.041033845,0.0012849732,100177.04,0.0016492377,299.49338,-3.7555437,34.940014,1.0837462,1.1355238,0.0106823718309174,0.0993566918610779,0.0030751983483319,35.157974808410394,0.0999766079160157,3.309850793761437
0.0010559278,0.0073415386,-0.0018289352,98184.54,0.0014825759,381.39575,6.116255,176.30275,-8.08208,0.87680674,0.0153316569954591,0.4439651591393584,0.0202284264727087,176.59385111015027,0.4446901297234109,1.407912163392128
0.0017402662,0.015876923,0.0030142437,98305.23,0.0001672959,322.15213,-0.93318963,45.005486,-1.5958562,1.0562812,0.0025860354602348,0.1245336950349555,0.0044218090307514,45.04343870080096,0.1246390034201386,2.3203631449363105
0.0017618468,0.023963077,-0.0017618468,97818.11,0.00311543,370.41412,3.3337774,226.3745,-6.636069,0.8796216,0.0084357691886268,0.5734706755249115,0.0168059701022487,226.49628194249797,0.5737788934074517,1.6610850929224252
-0.0009523381,0.060126156,0.0005498259,92432.02,0.98309314,228.31238,-19.9336,712.92615,-26.478363,0.09974158,0.0174487577913201,0.624473265263092,0.0231749409854012,713.6961170343735,0.6251466996365613,0.7331079584049207
-0.0015386239,0.0013214605,-0.00040611275,98290.016,2.2608663e-08,296.35437,7.1023602,13.7914715,1.8150717,1.1504076,0.0205331206959733,0.0398728548366852,0.0052474068878141,15.61866485401352,0.0451551644597719,1.0608782674670545
0.002372638,0.01655077,-0.0041095437,98397.11,1.7580884e-06,299.84512,-2.4812412,7.6152325,3.8017762,1.1382325,0.0071316999355235,0.0218822047553143,0.0109276565411518,8.86576709577463,0.0254775529909217,3.1635254947783733
-1.3285194e-19,0.06686462,-0.0024917016,90834.7,0.26876476,265.771,-0.83125275,376.34338,-26.970263,0.25927502,0.0043775020231279,0.5362940962032092,0.0384044449347214,377.30945619908334,0.537685243927266,1.6611344
0.00074549386,0.058104616,-0.0027822433,92826.86,0.33364373,258.21326,-10.724182,327.674,5.92758,0.22930676,0.0167131924933042,0.4346439503387169,0.0088866178993213,327.90302615289403,0.435055934733744,1.920259111647012
0.0024067922,0.048895385,0.000644892,97938.3,0.15938474,276.61926,20.690887,312.13025,12.368902,0.3939185,0.0348709102512808,0.5280658529048182,0.0209339234343376,313.05973153153195,0.5296298278384637,1.6611287174214255
-0.0012849732,0.021492308,-0.004795607,97943.195,1.4064464e-05,301.56238,2.5813625,9.684619,8.622618,1.1263549,0.0073969575127996,0.0277427388926584,0.0247088160135098,13.22137733768654,0.0378800756401285,3.309850793761437
0.004299605,0.059676923,-0.00248237,93662.48,0.43444926,248.90288,-7.377927,67.19917,9.36769,0.19266112,0.0104039221106598,0.081544032577496,0.0127664732665912,68.24892578965861,0.0831904663044449,3.3098347708290348
0.0008703744,0.05204,0.0015075472,90350.85,0.40745652,253.64236,9.622831,477.58963,27.18897,0.19260575,0.0261458030488214,0.5892535647783914,0.0355500772710587,478.4597095363959,0.5909036931811207,1.160507581746156
0.0039870623,0.015427692,-0.0039870623,98149.23,9.603095e-09,296.46988,-3.7895763,0.91853225,3.6585863,1.1483126,0.0109533676295663,0.0026546388543495,0.0105747977166083,5.346947142282168,0.0154547635576425,3.759038385790977
-0.0009705788,0.04507692,0.00026006208,96867.3,0.99698436,230.59525,29.444937,688.9475,38.64399,0.10214012,0.0254962230604408,0.5966560207284958,0.0334622352850146,690.6583960499605,0.5981372632198905,0.6698774323920479
0.002838977,0.028006153,-0.0016390758,97889.234,0.017001925,325.211,6.7700977,116.61075,-1.1361123,0.8517359,0.0168544876704077,0.2902355852217226,0.0034384648895147,116.8126362581902,0.2907448911407114,2.185442735178454
-0.004491879,0.030252308,0.0025933797,97762.08,0.00013252288,300.8035,0.32965755,14.7176,-0.4844064,1.1253362,0.0015021182361357,0.0421807569779077,0.0014576884479403,14.729259092725368,0.0422326588558653,3.4578474498201968
0.0018426349,0.026658462,-0.0031915514,97665.67,0.010452491,329.70374,2.6242185,89.1567,-4.216936,0.9022486,0.0067204889006473,0.228892884769915,0.010811291008393,89.29493953664921,0.2292465957928829,2.4568546932603774
0.0011165227,0.0050953845,0.0041669416,98059.29,6.872015e-09,296.08075,-2.993075,-1.0157179,-11.133175,1.14877,0.0086570603511902,0.0029377156001429,0.0322004225472403,11.573148508017615,0.0334730052294725,2.8759558980875943
-0.0024723287,0.00045,-0.0006716765,98169.03,2.2478102e-12,295.963,10.7037,2.7785475,2.7865124,1.15051,0.0309645971938567,0.0080379783454653,0.0080610177493299,11.40412957025261,0.0329908378556074,1.7079628569336225
-0.0013496222,0.0030738462,0.0007791963,96367.83,0.020845082,303.17276,-32.28615,95.28385,19.14063,0.90901434,0.084974503388848,0.2396876457053125,0.0502914682336926,102.40982018069312,0.2592297542857248,1.0389368404857235
0.0012281717,0.06237231,-0.0045836214,91443.58,0.383938,251.35863,-4.433461,60.369137,11.517436,0.20846063,0.0081853279625492,0.0778749496526119,0.0219922365064658,61.61768910448839,0.0813336698041325,3.163541676540452
-0.0013781823,0.047323078,1.5183822e-19,97692.11,0.9754282,234.04211,-1.1034834,543.49176,28.158375,0.10357887,0.0019676263580163,0.4719063457251946,0.0244498078449546,544.2218343158902,0.4725433988459122,0.9187882
-2.0375435e-19,0.046424616,-0.005186804,98989.414,0.0019951307,298.41614,-0.38085362,29.135412,8.612265,1.1209725,0.0037788002480157,0.0827900102955341,0.0244812124349653,30.384015375190884,0.0864164041043999,3.457869333333333
-0.0029342247,0.050243076,0.00508224,97217.06,0.0001677091,295.62726,3.7156062,7.6478276,-6.21058,1.1381112,0.0107415462301718,0.0221071329056628,0.0179568018481221,10.529306737349817,0.0304393310264249,3.912307532088964
-0.0023251872,0.009138461,0.0013424391,97588.1,1.6010963e-05,341.84125,3.6802888,80.58322,-1.7175378,0.99055415,0.0099343846917192,0.2163942216083297,0.0046414556427485,80.68549936211733,0.2166718584753487,1.7899271558427734
-0.004745321,0.053612307,1.5026859e-19,95692.2,0.054458775,277.58963,10.89911,38.32649,-1.2255985,0.69844097,0.0246938080584642,0.0872662757668642,0.0036947781313905,39.86492852364597,0.090768047396024,3.1635473333333333
0.00014174538,0.05788,0.00029804165,92694.766,0.99996537,218.22437,-20.369362,1100.315,-21.107862,0.10299312,0.0181063523594604,0.9780998660343524,0.0187632392378211,1100.705933467926,0.9784473655127692,0.2200207847616693
0.00015012702,0.057655383,0.00015012702,92684.0,0.99996924,217.88875,-13.268919,1108.1863,-19.905624,0.10313975,0.0118038157304674,0.9858518082334335,0.0177081840022699,1108.4444837635976,0.9860814863101264,0.1415411118417712
-1.4617036e-19,0.014753846,-0.0056386283,98226.44,4.984776e-09,296.4765,-0.12845087,0.6564078,5.251785,1.14919,0.0020162142069301,0.0018969715047356,0.0151796471450867,5.294205937827655,0.0154300132231746,3.759085533333333
-0.0009151009,0.018796923,-1.7975756e-20,97521.15,0.9995355,213.637,-39.152176,1169.8013,-9.31423,0.11075125,0.0352538380905465,1.0518450599795957,0.008372339036084,1170.4933700144218,1.0524689826139908,0.6100672666666667
-0.00544649,0.00824,0.0014593768,98132.86,3.5391803e-10,296.01062,6.4105625,-1.7918887,-1.6046739,1.1499025,0.0185434780284389,0.0051832982252406,0.0046418105715686,6.84698145206595,0.0198058971840536,3.7590799089658
-0.0015075472,0.054735385,-0.0008703744,93250.15,0.17561425,273.91614,8.798738,449.56137,2.1897755,0.35423887,0.0258138046788849,0.7397518341259881,0.0131511088501871,449.6527975042632,0.7403189044383187,1.160507581746156
-0.002372638,0.042606153,0.0041095437,99694.45,0.0050344337,298.00375,4.56603,43.346325,-4.512831,1.0881824,0.0127252917492652,0.1209147577578331,0.012609534092783,43.81915294253286,0.1222346597482744,3.1635254947783733
0.0010616601,0.05451077,-0.0039621918,95228.9,0.33165163,255.593,-9.7422285,122.84275,5.493644,0.24174225,0.0132580203187035,0.1650963000676445,0.0102518323048249,123.35085069875863,0.1659447602800496,2.734640827760201
-0.0024944716,0.023289232,0.0014401756,96623.25,0.0031674514,360.31714,-5.8930087,158.7975,2.9506588,0.8925739,0.0151320910064118,0.4077719119879083,0.0075727541314547,158.93420004876955,0.4081228479142478,1.9202423830851167
1.5126382999999998e-19,0.03699077,0.0045283833,98630.75,0.007199751,302.52875,1.4043256,51.254288,3.887161,1.0323287,0.0038356413978213,0.1399203629548019,0.0106127143781703,51.42065916942023,0.1403746765652865,3.0189222
-0.0008703744,0.06461846,0.0015075472,92790.31,0.72382975,243.84476,-19.492313,505.55087,107.59271,0.12893675,0.019755836623241,0.4986492208272645,0.1070628122542405,517.2405858679217,0.5103957134225453,1.160507581746156
0.00021488206,0.06551693,0.0008019567,92686.875,0.9979661,225.04875,1.8792306,855.76935,32.975662,0.10004838,0.0016572064269422,0.7498154819785523,0.0288922358115145,856.4065075601707,0.750373749966014,0.5534975051172251
-0.0021119022,0.06753846,1.6234991999999998e-19,94096.1,0.47202024,254.33925,-18.258095,416.38138,-21.38077,0.17662312,0.0211706759924319,0.4807143662279732,0.024744688433399,417.3295448078488,0.4818161464974004,1.4079348
-0.0023728441,0.0021034353,0.004115465,98165.08,1.4186143e-13,295.42975,4.863306,0.61939085,-8.480884,1.1525413,0.014081681693475,0.0017934426131254,0.0245563516123182,9.795957518086515,0.0283641428608503,3.167013404815318
0.00045754042,0.0030738462,-0.0007924895,82902.734,1.000344,178.07162,401.44412,1781.1713,-696.4675,0.1124185,0.3983201890651701,1.7599399733461536,0.6899227843758655,1954.173881716393,1.931849148147836,0.610057499491838
0.0026058601,0.011384616,0.0026058601,98562.77,1.9704685e-05,307.73425,-2.7172837,16.003475,-2.7310324,1.11069,0.0077112146048686,0.0453658190653069,0.0077505136759752,16.460661613427344,0.0466646636373817,2.45682846337794
-0.0018984762,0.018347692,-0.0018984762,98759.875,0.0016436507,370.01587,-2.60474,158.96562,-1.8219464,0.9061174,0.0066470727743255,0.4066528719490739,0.004645368889136,158.9973977810218,0.4067337228372061,1.7899005265883576
0.000796675,0.013855385,-0.002973254,98461.54,0.0004069919,335.13162,0.14539446,68.76619,1.3628045,1.013947,0.000546164496767,0.1861333798115604,0.0037059696241644,68.77984634157247,0.1861710707564076,2.0520916596531995
0.0033619737,0.01116,0.0009008322,98743.15,5.4253593e-05,311.85388,-3.2117362,23.245224,-0.9468828,1.0975537,0.0090521183586672,0.0654335860029754,0.0026685413665144,23.48515010097875,0.0661106355816739,2.32037983596063
0.0024944716,0.053163078,-0.0014401756,93574.17,0.2672336,262.42963,-8.168205,284.65726,15.227007,0.27274686,0.0256842758735102,0.4096734197383712,0.026942334868031,285.1812353325648,0.4113610120993716,1.9202423830851167
0.002050962,0.007566154,-0.0035523847,98129.164,4.4060513e-07,298.42538,-4.0474987,0.38356575,7.4845924,1.1405487,0.0116605008331541,0.0017800365601373,0.0215625407629696,8.517540243827,0.0245780181054156,2.7346242628142687
0.00014174538,0.028006153,0.00029804165,95371.914,0.99998903,199.99088,2.5596797,1547.9138,-18.467413,0.11562788,0.0025548614908478,1.4373443043045873,0.0171506871979028,1548.026075211112,1.4374488938760346,0.2200207847616693
-0.0022223014,0.047772307,-0.0005954578,95806.35,0.12833363,282.74176,-20.7049,321.08862,3.8899512,0.4363865,0.061156494582066,0.5784859677379257,0.0165562705139517,321.7790025745197,0.5819452223298872,1.533796090173774
-0.001331215,0.04170769,-0.00035669186,100450.25,0.98626447,237.6895,15.977037,546.64386,-23.113888,0.103797875,0.013696357500165,0.468610076766309,0.0198115173557048,547.3655334467777,0.4692286121664297,0.9187823969714264
-0.0011503282,0.047772307,0.0019924412,98769.52,0.12239237,285.94437,2.49371,314.67862,2.6567087,0.45733538,0.0301350389864066,0.5716399894280099,0.0254497755323166,314.6997149280329,0.5729992052024268,1.533779196505254
0.0010559278,0.036766153,0.0018289352,101522.61,0.38474113,266.079,10.437074,366.48264,9.448671,0.21770175,0.0251794792799958,0.451820601155957,0.0255142326482555,366.7529622494102,0.453240375378641,1.407912163392128
-0.0025934312,0.051141538,-0.00069490174,96466.02,0.2713889,264.20374,48.90761,303.62387,11.944492,0.28159013,0.0709409805516787,0.4395407863803667,0.0179649960646315,307.7695235705236,0.4455911429742595,1.7899439863847344
0.00074549386,0.034070767,0.0027822433,99592.4,0.06298499,311.95413,3.516663,181.66925,9.531062,0.60407573,0.0075893550607681,0.3772218307422141,0.0198181362893969,181.9530831205284,0.3778182981602812,1.920259111647012
-0.00050239643,0.020369232,0.00087018503,96300.83,0.99890023,220.06113,11.534946,999.649,1.2572,0.10622463,0.0102399442209896,0.8857134441391092,0.0077244124843259,999.716339134288,0.8858063152487907,0.6698670379885004
-0.0036853154,0.065292306,1.5513156999999998e-19,90590.875,0.3527021,257.22812,1.8062367,196.56113,3.6532667,0.21465513,0.0095342421075355,0.2550967593297633,0.0047753985776921,196.60337401854184,0.2553195308328136,2.456876933333333
0.0009626141,0.014304616,-0.0016673111,102148.14,0.10037001,331.90536,23.708292,328.18713,-37.90579,0.506333,0.0430652323036029,0.6001566301114926,0.0685658015945209,331.2185446540068,0.6055938111048077,1.2834938790837072
-0.00071900955,0.010486154,-0.0004151182,104967.75,0.99923074,204.42987,102.2826,1356.6088,72.48426,0.12460987,0.0941440219341961,1.2471955361904916,0.0666872352045307,1362.3887603940177,1.2525202552049444,0.5534930905771464
0.0012308755,0.06619077,-0.0012308755,91072.484,0.305803,260.26526,11.151486,470.53775,-8.782677,0.24011263,0.0175988977029923,0.6438898849103568,0.012053966952977,470.7518085258484,0.644243124301328,1.160480550461843
-1.6320611e-19,0.034070767,-0.0019252748,96507.35,0.10507146,295.89725,-8.59041,310.71826,29.492275,0.47279325,0.0159898476879336,0.5808979548423401,0.0548351675188192,312.2329683522727,0.5836994130251577,1.2835165333333334
-0.004491879,0.065292306,0.0025933797,93697.77,0.35355613,253.08087,-105.15353,-38.707775,53.953175,0.25310025,0.1440848142367851,0.0513924641138975,0.0727300996125891,124.36439124400582,0.169385024281972,3.4578474498201968
0.0015075472,0.008015385,-0.0008703744,101033.586,0.13264422,328.04962,80.634766,369.68,-51.30015,0.44000462,0.1312887096670394,0.6233843030252814,0.0854749318153295,381.8336984577151,0.642767981866853,1.160507581746156
-0.0011503282,0.011833847,0.0019924412,97373.61,0.00430512,380.538,-4.153414,193.04175,6.588685,0.8407829,0.0102501345328287,0.4784794966951039,0.0162711131393549,193.1988065722641,0.4788657882312483,1.533779196505254
-0.004795607,0.02239077,-0.0012849732,97416.766,1.9184265e-05,302.31036,7.740954,8.570467,1.785372,1.1174562,0.0221545111274526,0.0245166318014595,0.0051107158039388,11.686009866784683,0.0334366118829851,3.309850793761437
-1.8747665e-19,0.032273848,-0.0026849245,99228.92,0.021160888,333.63214,1.6520315,192.28238,-4.764301,0.80508274,0.0045038972477336,0.4625572062975251,0.0114479045482109,192.3484895458241,0.4627207675334384,1.7899496666666668
0.004491879,0.05653231,0.0025933797,95117.23,0.08859842,271.98862,-6.261884,20.732437,-4.679047,0.5652282,0.0155274727724116,0.0422470802870054,0.0100691932016755,22.157134652671903,0.0461227368572955,3.4578474498201968
0.004491879,0.05990154,-0.0025933797,93921.05,0.43123925,248.53525,11.747313,37.15759,-1.9065775,0.19476238,0.016608069168657,0.044873258913686,0.0140913654557892,39.016930877397,0.0498798948220042,3.4578474498201968
-0.00031432978,0.056083076,0.0005329707,93320.19,0.99991035,219.70337,-3.2011628,1062.3612,1.1980021,0.10299687,0.0028340857632884,0.941244285604762,0.0010612006879949,1062.366698422792,0.9412491505295676,0.4125050721052952
0.0035105823,0.042156924,0.0035105823,99571.375,0.0017878452,298.55026,-5.978031,33.286514,-5.4275537,1.130045,0.0170027667283883,0.0947073046653447,0.0154519967081713,34.25182050746413,0.0974542550926523,3.309808733657956
-0.00392167,0.039686155,-0.002264169,100286.914,0.013899276,297.10962,-5.67826,61.103176,-3.4899833,0.9905251,0.0150318490241567,0.1618786692003291,0.0091747820897193,61.46560613342111,0.1628337700034868,3.0189002301766195
-0.0003036618,0.038113847,2.8622937e-20,101011.0,0.9999754,206.97363,-23.207363,1360.0787,-19.5626,0.11833338,0.0211824520498826,1.2414296309373165,0.0178559884868405,1360.4173430274489,1.241738725001701,0.2024412
-0.0014593768,0.018796923,-0.00544649,98868.516,1.10800784e-07,297.42126,1.1374751,3.6515338,4.2434187,1.1530275,0.0032824581542269,0.0105366956296383,0.0122455448108001,5.712630826438214,0.0164848370947123,3.7590799089658
0.0013496222,0.06214769,-0.0007791963,90767.44,0.82507664,237.35187,59.78764,589.91364,37.97951,0.111631624,0.0557564319405285,0.5501958559611371,0.0356943984197303,594.1507449584317,0.5541645511020111,1.0389368404857235
0.0037359586,0.011384616,-0.0021569484,98021.81,4.3112576e-07,299.962,-5.0604463,3.8656502,3.0524912,1.1334699,0.0145418253604514,0.0111042281999155,0.0087714408125809,7.061803647087702,0.0202905579681357,2.875939503395293
0.0014593768,0.021941539,0.00544649,97818.36,2.6067084e-07,298.2205,-1.6644242,1.2943218,-6.747485,1.1377225,0.004796996830771,0.003727393318197,0.0194455859782425,7.069238336958649,0.0203724189427811,3.7590799089658
0.00083024846,0.029353846,7.986765e-20,95753.4,0.99984837,213.8745,16.418663,1212.6887,-1.9609323,0.10858,0.0147271283697159,1.089292024614271,0.0025352710286342,1212.8014268040265,1.0893945248611565,0.5534989733333333
0.004491879,0.01116,-0.0025933797,98311.414,4.6360986e-09,296.87375,-4.417065,-0.31749108,2.3973138,1.1486475,0.0127583432366968,0.0009171408759549,0.0069243900584266,5.035710203712581,0.0145452276439027,3.4578474498201968
0.0006890677,0.018796923,-0.0011935149,99226.23,0.95757914,237.6055,1.3786237,694.9426,-27.052162,0.10548875,0.0055604880795362,0.6041154830257842,0.0235542905140183,695.470299413958,0.6046000665405008,0.9187653821431114
-0.0014593768,0.04170769,0.00544649,99609.875,0.00016227912,298.25275,2.1795576,16.713062,-5.112805,1.155935,0.0062735252427222,0.0481050910584767,0.0147213992089695,17.612997692487976,0.0506969081836876,3.7590799089658
0.000644892,0.024412308,0.0024067922,96054.4,0.016952038,352.9995,11.066992,199.65038,31.812426,0.77826416,0.0262480411510298,0.4783711743479215,0.0752208290490709,202.47168442544736,0.4849599088936169,1.6611287174214255
-0.00035669186,0.026658462,-0.001331215,103612.71,0.8697795,245.25087,31.885113,765.485,-92.65819,0.11816125,0.0285069936867535,0.6859923326930703,0.0849511824889465,771.7314855764918,0.6918199423325457,0.9187823969714264
-0.0038263933,0.052264616,-0.0038263933,96608.77,0.00679822,291.55386,5.343656,17.3761,3.9316275,1.055365,0.0153979068660273,0.0482924838312537,0.0110176747379158,18.599494763436244,0.0518714631283643,3.607558199889029
-1.8747665e-19,0.009138461,-0.0026849245,98058.86,1.8962925e-05,342.7101,0.20346251,82.33024,2.4846861,0.99282235,0.0006673382238602,0.2207794584897656,0.0067049358663166,82.36797606148951,0.2208822555034934,1.7899496666666668
-0.0001279371,0.030926153,-0.00044156975,97917.625,0.99998176,204.38925,-9.640964,1459.1274,-5.599471,0.11616088,0.0088578187811541,1.3403055613258537,0.0051481167198159,1459.1699941038703,1.3403447175187182,0.3064867194305833
0.0035523847,0.004196923,-0.002050962,98027.375,4.1756376e-09,295.79425,-11.244025,-0.056929078,6.5692825,1.1495075,0.0325368489090167,0.0004105936709993,0.0190095642231656,13.022550122205452,0.0376852578078683,2.7346242628142687
-0.0035105823,0.0024,-0.0035105823,98191.266,2.642682e-13,295.44214,6.7103977,0.38488662,6.7238812,1.1528013,0.0194295220936102,0.0011144136855069,0.0194685452174926,9.507268450724096,0.0275276678913068,3.309808733657956
0.0027993415,0.0017471564,-0.000746372,98144.39,6.997374e-12,295.668,-13.471188,5.052609,3.5544486,1.15137,0.0389900408980843,0.0146238561700443,0.0102877187757143,14.820117026807411,0.0428942608763062,1.9314225035226984
0.0026849245,0.04956923,-1.8747665e-19,96636.65,0.16166538,275.72562,12.027649,286.92773,0.8351864,0.386192,0.0298034197546741,0.4840505783383868,0.0068326971478571,287.180925758907,0.4850153523024961,1.7899496666666668
-1.0156928e-19,0.027781539,-0.0010996894,97933.88,0.998724,226.87463,37.356476,889.5181,-34.80835,0.10479425,0.0325890570662547,0.7761082453614536,0.0303885938552459,890.9823666922208,0.7773863401134605,0.7331262666666666
0.0013613222,0.014304616,-0.0013613222,103064.79,0.11177656,328.427,40.250526,329.04388,-36.450035,0.4885139,0.0704754344257781,0.5890879221125882,0.0648700109378638,333.49450499255954,0.5968245011353903,1.283466878666386
-0.0009523381,0.005769231,-0.0005498259,92207.27,0.99270314,208.56325,165.04774,1241.6913,91.65274,0.1080205,0.1506001155536651,1.1346935536555982,0.0836221944656185,1255.9610924404883,1.1476944397005646,0.7331079584049207
-0.00031432978,0.060575385,-0.0005329707,92277.73,0.99983084,220.53625,-30.727562,1025.59,-46.425064,0.101468,0.0271720317229087,0.9069516741596038,0.0410537932709158,1027.0999550841525,0.908286888879714,0.4125050721052952
-0.0009008322,0.008464616,-0.0033619737,98200.06,1.09940165e-05,305.81488,2.0397089,12.118113,6.373439,1.1136738,0.0058049489684246,0.0344617192653324,0.0181378966056453,13.84304156478009,0.039373732621199,2.32037983596063
-0.0005498259,0.031375386,0.0009523381,97868.016,0.9987871,229.59438,-23.286163,792.9086,-4.5749903,0.103474125,0.0201923726963749,0.6876470942914009,0.0039740160734892,793.2636534453521,0.6879549774558423,0.7331079584049207
-0.00016102531,0.031824615,0.0005830067,98689.56,0.9999492,209.99275,-13.437475,1342.4163,3.397843,0.11396625,0.0121747617480395,1.2167170561089573,0.0031903399236225,1342.487852301509,1.2167821488331003,0.4032236559999844
-4.0129963e-20,0.054735385,-0.0010048215,93890.625,0.98638237,234.21538,13.2138815,707.272,-8.702345,0.098450676,0.0114111313724117,0.6107958151818361,0.007508066202868,707.448951838078,0.6109485353292442,0.6698810000000001
-0.0016673111,0.004196923,-0.0009626141,95697.06,0.007999711,335.86127,-9.726352,140.03627,-6.1135793,0.90259314,0.0295673933369711,0.3576618391022499,0.0184545517729409,140.5067069238981,0.3593560802044221,1.2834938790837072
-0.00410197,0.06753846,1.5322009e-19,89799.79,0.3520625,254.17087,-51.7207,1.4642636,-1.3540481,0.21804225,0.0690145283778681,0.0316728462124932,0.0035620402149434,51.759137576252165,0.0760188295418489,2.7346466666666664
-0.0041669416,0.026883077,0.0011165227,97883.65,0.0030919737,314.46738,-0.5580669,47.172073,1.3880134,1.0375738,0.002745642407146,0.1295449320651286,0.0038104610407793,47.19578891152032,0.1296300412301484,2.8759558980875943
-0.0016814725,0.038787693,-0.0004505431,101433.21,0.92701924,242.75287,-21.6589,486.70724,-38.4613,0.108792,0.0189324188006772,0.4246432162219984,0.0336349717855863,488.7047339808748,0.4263937252024522,1.1605245659162278
0.0004982899,0.050467692,0.0018596658,92907.98,0.2688945,262.441,4.9836125,401.33875,33.44603,0.26827037,0.0112395385713114,0.5754613758922676,0.0481244995231683,402.7608044086136,0.5775795095270202,1.2835107603984124
-0.0046863924,0.06956,0.002705682,96839.95,0.0007249833,293.448,-52.572887,0.9761505,30.4385,1.1337762,0.1519851875909205,0.003407915213087,0.0880040252145549,60.75659305428029,0.1756582465673357,3.607583913671109
-0.00023684214,0.045975383,-0.0008839167,98871.0,0.9997315,225.11224,-1.9676816,923.2561,7.9124336,0.106523626,0.0038758026348313,0.8083661183773323,0.0072255127316409,923.2921014302912,0.8084077011141931,0.6100648168910395
0.0008703744,0.035193846,0.0015075472,106521.016,0.7274056,250.56062,60.153336,531.9412,72.72539,0.14267012,0.0599172367172398,0.5128967100313736,0.073643654743573,540.2488745384121,0.5216095266584261,1.160507581746156
-0.0030142437,0.04912,0.0017402662,98365.46,0.3663485,255.19937,-25.847486,180.11888,7.8904862,0.229444,0.0344874186059455,0.2313003956743239,0.0149065614265698,182.13501376025144,0.2343319454422819,2.3203631449363105
1.5126382999999998e-19,0.052489232,0.0045283833,95988.25,0.052825913,282.69962,3.6405063,58.528873,-2.7533436,0.7016439,0.008313874216682,0.132370535254478,0.0142342226806578,58.70658533546411,0.1333929990793008,3.0189222
0.004149602,0.02823077,0.004149602,98135.1,4.310584e-07,297.46,0.26502576,3.6971338,0.2875743,1.1443188,0.0007646535196033,0.01066659539011,0.0008296093430293,3.7177595358745994,0.0107260991923158,3.912282284567013
-0.0043740757,0.058329232,-0.0011720242,92220.1,0.723791,241.91037,-7.3553963,100.44785,5.789919,0.12448425,0.0072193144639806,0.0981762460264162,0.0056797428302411,100.88307879113876,0.0986050367059762,3.018916579372005
-0.001400568,0.04328,0.0052270126,99205.836,0.00073756475,297.895,2.3454063,19.478825,-8.178236,1.1439037,0.0067266448610886,0.0558745000202486,0.0234766093052367,21.255801517806866,0.0609783460588322,3.607600091361616
-0.00153905,0.025984615,0.0026657272,100142.02,0.014314523,339.00775,2.2848537,139.60475,0.44385454,0.861703,0.0095164417028508,0.3462170737512991,0.006839076140862,139.6241518715354,0.3464153544259503,2.0520749831783918
-0.005186804,0.069335386,2.0375435e-19,95835.08,0.0043223975,289.5161,-67.697266,-1.8695421,-1.50439,1.0869713,0.1924749714309746,0.0055083940033136,0.0252091042250327,67.7397829994349,0.1941969514891487,3.457869333333333
-0.0018289352,0.021267692,0.0010559278,98937.4,0.05208915,328.94464,-14.690972,252.90013,15.441149,0.6461215,0.0313175302997723,0.5384450571315644,0.0325700075858476,253.7966301879556,0.5403375543561941,1.407912163392128
0.0019924412,0.042156924,-0.0011503282,104413.3,0.291982,269.318,70.61944,282.95486,-19.67096,0.3099435,0.1022977169935345,0.4010002376949454,0.0342489285214146,292.2969462222532,0.415257754459031,1.533779196505254
0.002050962,0.034295384,0.0035523847,98818.734,0.005737515,312.72437,0.8970773,73.8527,3.3094099,1.0188601,0.0024286426290248,0.2002333499869593,0.0090140269625846,73.93225438777309,0.2004508554087556,2.7346242628142687
0.0015075472,0.03452,0.0008703744,98953.06,0.48381764,257.27325,21.311157,459.87363,12.7483835,0.18066463,0.0256324071470683,0.5237159909795669,0.0188596493923471,460.5436377412228,0.5246819473538852,1.160507581746156
0.004795607,0.05743077,0.0012849732,93685.266,0.24422824,257.0436,-10.95614,40.94399,-5.052812,0.29888913,0.0191186523984664,0.0618286860124406,0.0079153176830222,42.68463693095028,0.0651993982915603,3.309850793761437
-0.0032781975,0.04238154,1.5699931e-19,101986.25,0.16639563,269.69662,14.8517685,168.83487,2.5900388,0.40948474,0.0315784642185677,0.2854567867439858,0.0098902778168453,169.5066271756948,0.2873683943928057,2.185465
-0.0021119022,0.03452,1.7622771e-19,100686.65,0.2700105,273.22888,-40.144382,363.90125,-26.462002,0.29467773,0.0593736556023755,0.5162751503254497,0.0386558405335179,367.0639300007186,0.5211137455781683,1.4079348
0.0007469668,0.0013256546,-0.002817889,98191.45,1.1289146e-12,295.6825,-3.232366,3.77991,11.968013,1.1518662,0.0093552925134062,0.0109400067072823,0.0346385226320531,12.960294932378082,0.037510431814337,1.9434743021052947
0.00014174538,0.06731384,0.00029804165,94566.92,0.99995565,222.772,-2.4184372,937.1511,-0.66061425,0.1029295,0.0021274998313352,0.8245168567796908,0.0014205582081969,937.154453375156,0.8245208253009844,0.2200207847616693
0.0005498259,0.011833847,-0.0009523381,94985.86,0.9917526,218.46538,37.68735,922.79913,-61.285614,0.1062525,0.0336393437195276,0.8235103257387488,0.0546944098093831,925.5995339033705,0.8260098912898183,0.7331079584049207
0.0031915514,0.066415384,0.0018426349,91429.44,0.34387988,258.54352,62.78055,199.70425,29.733887,0.22004987,0.0821824670272593,0.261289254013443,0.0388550750227298,211.4409822207932,0.2766509515700426,2.4568546932603774
-0.00074549386,0.027781539,0.0027822433,97790.0,0.014663473,339.7035,-1.2873707,160.20087,-3.962274,0.8364953,0.0054789914945615,0.3959693544533466,0.0111769365756011,160.25503326675013,0.3961649567102225,1.920259111647012
0.0038263933,0.013855385,-0.0038263933,98276.19,1.512265e-08,296.76962,-3.5405126,0.7167699,3.4533625,1.1486375,0.0102283685955478,0.002070411323807,0.009976564002697,4.997469471313559,0.0144373805268146,3.607558199889029
-0.0049647847,0.00532,9.37506e-20,98029.516,5.88265e-10,295.75613,9.568636,-1.0491883,0.044336244,1.1496787,0.0276905962043114,0.0030362322757067,0.0036295362584107,9.626087299203396,0.0280920159125931,3.3098564666666666
0.0010616601,0.06282154,-0.0039621918,91724.734,0.35508713,255.28825,2.9780521,156.53175,-5.389134,0.21790338,0.0054607287072069,0.2034194053844884,0.0225763438532432,156.65280181868042,0.2047412155545932,2.734640827760201
0.0011720242,0.018572308,-0.0043740757,98331.04,1.1249766e-05,302.63275,-1.2648672,15.388926,5.560229,1.1268525,0.0036191553044703,0.0440106558625692,0.0159076061041895,16.41143135133413,0.0469370647413898,3.018916579372005
-0.0008839167,0.02081846,-0.00023684214,100558.875,0.9995099,217.42975,3.534805,1097.8962,29.42835,0.112209626,0.0049961190542225,0.9784442657014468,0.0262028349393384,1098.2962207913447,0.9788078109866644,0.6100648168910395
-0.0009523381,0.05451077,0.0005498259,94538.94,0.9952969,231.66725,4.850292,723.81885,-20.2169,0.0993813,0.0042337102793327,0.6258611811832149,0.0174785990144016,724.1173772209985,0.6261195124241733,0.7331079584049207
0.002039934,0.059452306,-0.00054659264,91007.86,0.233659,266.44037,-5.2395735,427.07388,-6.29564,0.28843287,0.0136166796822531,0.6412174169650184,0.0109519013261511,427.15241681597206,0.6414554808617019,1.4079290131187046
0.0016673111,0.03788923,-0.0009626141,103646.29,0.5669865,255.97462,70.20186,335.13586,-68.24375,0.17086864,0.0785036388643159,0.3572625450888048,0.0748825990966716,349.1440321979765,0.373372134854413,1.2834938790837072
0.0023251872,0.03991077,-0.0013424391,103311.29,0.20849751,272.811,51.409286,187.74075,-17.642653,0.36963838,0.0828934040447631,0.2958235176169067,0.0269928424850072,195.45016526590788,0.3084014973290321,1.7899271558427734
-0.001007429,0.015427692,-0.0037597984,98079.766,3.4296194e-05,308.90887,1.0348457,21.79665,4.445796,1.1008475,0.0029294248656302,0.0616747613664805,0.0125851095572194,22.26948492711325,0.0630138294521361,2.5949521253287604
0.0026058601,0.015876923,-0.0026058601,98062.52,0.00011035643,314.34824,-2.6922762,31.80635,2.5964124,1.0805625,0.007553219369202,0.0891517078407078,0.007284105142076,32.025514965578,0.0897671227202645,2.45682846337794
0.0016267902,0.06304616,0.0016267902,89023.5,0.25296524,262.65463,0.5166101,392.7014,11.611704,0.27001324,0.009247754544877,0.5773929650068546,0.0220543544046312,392.8733741522057,0.5778880095241068,1.533752509317093
-0.0013613222,0.023963077,0.0013613222,98197.94,0.22556575,279.80563,-28.115225,382.95288,22.075523,0.3074485,0.0418332194954861,0.5690890019115062,0.0331785896768942,384.6176060619412,0.5715882514213703,1.283466878666386
0.00037499773,0.008464616,-0.0006495165,75579.73,0.999887,176.39024,91.098885,1826.3876,-149.04309,0.10384411,0.0901110171260722,1.806475131001412,0.1474032330257327,1834.7219176100643,1.8147176384882864,0.4999977694516481
0.0021578514,0.03788923,-0.0012458276,96423.6,0.12465498,291.57812,8.890861,180.05225,-22.840462,0.4370035,0.0229894529100136,0.3233372784648178,0.0408509784807643,181.71281419800107,0.3267174819824808,1.6611119533351038
1.7182793999999998e-19,0.021043077,0.0015584395,96169.85,0.5595155,260.44614,11.724306,660.5606,102.68771,0.16492724,0.0127965367836933,0.7170287697398758,0.1074541694343505,668.597435987146,0.725148541001885,1.0389596666666667
0.0009151009,0.030926153,1.7975756e-20,98500.46,0.9997817,220.30037,10.573379,1055.9502,6.2813253,0.1084445,0.0093593919911897,0.9346998677580084,0.0055470510833737,1056.02181619086,0.9347631843312,0.6100672666666667
-0.00045754042,0.045526154,-0.0007924895,98199.086,0.999626,225.41174,-1.2443635,911.6461,12.512115,0.105669625,0.0027909999655299,0.797725329551427,0.0109449482385485,911.7328079582876,0.79780529139677,0.610057499491838
-0.002050962,0.04709846,-0.0035523847,99841.67,0.112054765,275.12524,-6.59015,85.810326,-5.1038976,0.5272666,0.0155827281680337,0.164030362285426,0.0256586259538434,86.21422096127797,0.1667547488213939,2.7346242628142687
-0.0037597984,0.020144615,0.001007429,98286.61,0.00090200047,314.14087,9.218381,43.288177,-1.7514116,1.0724325,0.025728569451167,0.1207609410662045,0.0048937204730935,44.2934787393935,0.1235682510731118,2.5949521253287604
0.0026058601,0.027556922,-0.0026058601,98242.23,0.0147472005,319.27887,2.3371336,85.321465,0.8559974,0.8923385,0.0059476985846094,0.217238424502659,0.0041978699901304,85.35776071781218,0.217360369688922,2.45682846337794
0.0010392044,0.010935385,0.00059997645,103307.375,0.96138877,234.3175,18.163313,708.98,14.568052,0.110914625,0.0167925359073987,0.6194945575096217,0.0127317528002639,709.3622307948251,0.6198528805899108,0.799977090098061
0.001159104,0.008464616,0.00031057486,95066.86,0.968285,223.20575,80.14229,958.65576,25.631775,0.10648237,0.0714965414363723,0.8561781375396712,0.0228559231041534,962.3412288358388,0.8594621293921018,0.7999941184450516
-0.002372638,0.0064430768,-0.0041095437,98038.625,4.2852224e-09,296.2296,4.7459936,-1.8040775,8.00302,1.1479487,0.0137233487869407,0.0052166258177705,0.0231413345723265,9.477736016457053,0.0274055624397495,3.1635254947783733
0.002317984,0.014529231,0.002317984,98290.25,0.00055863085,327.33276,-0.7960711,54.054626,-1.0108243,1.0341051,0.0026362098738071,0.1479297957711304,0.0027925068925296,54.0699369979437,0.1479796343221996,2.185416273442557
0.0015075472,0.053836923,0.0008703744,94724.586,0.7214602,244.75812,42.447052,530.9209,-4.5562277,0.12830563,0.0409145626689261,0.5191914948243743,0.0105277965876887,532.6345027231665,0.5209075198510285,1.160507581746156
-0.000375,0.06237231,0.000375,90905.414,0.9996102,221.64633,17.674334,974.9583,10.701959,0.09947917,0.0155904407522504,0.8601067838189648,0.0094403750987359,975.177215047435,0.8602998675440197,0.3535533905932737
1.1544706e-19,0.044627693,0.0010996894,95981.586,0.977497,230.09825,20.562387,759.9259,34.655014,0.103305124,0.01799068105928,0.6648440463164098,0.0303219563616411,760.9935316711226,0.6657782600573185,0.7331262666666666
-0.0014401756,0.03946154,-0.0024944716,105517.65,0.23291625,270.878,-29.611868,195.68637,-35.674675,0.33556226,0.0437516761364322,0.2931836588065548,0.0665462424988358,201.1037059991236,0.303807948129504,1.9202423830851167
0.0020366963,0.03991077,0.0020366963,99992.75,0.0454332,304.34213,6.353312,154.92163,-1.2285421,0.7110316,0.0143957220927512,0.3486107672216834,0.0103221525936656,155.05671649727952,0.349060525799795,1.9202156865967344
0.0045283833,0.044627693,-1.5126382999999998e-19,98266.266,0.010668441,298.22775,-9.63078,45.317513,0.31597584,1.0025264,0.0260441493853357,0.1220808822839777,0.0043738392620691,46.33064589065247,0.1249046436539911,3.0189222
-0.0027523169,0.03317231,-0.0027523169,98360.46,0.011664118,310.58762,1.1980597,86.01965,-0.8703273,0.95118225,0.00402598596257,0.2258991694668399,0.0022802405459461,86.03239507753105,0.225946548603262,2.594909258619116
-0.0024067922,0.049344614,-0.000644892,94511.19,0.20747438,271.12537,46.28212,312.04837,21.791933,0.33711362,0.0700070830397119,0.4975550396578434,0.0330150851503881,316.21370652650046,0.5035394771138949,1.6611287174214255
0.0033709237,0.014978462,0.0019461956,98213.1,2.7284288e-05,308.864,-3.06693,21.119274,-1.809085,1.1026038,0.0086851859676345,0.0597630728548812,0.0051227182057553,21.41734302963841,0.060607751766303,2.594935572283576
-0.0009626141,0.057206154,0.0016673111,91506.6,0.35018662,261.8954,-92.74765,469.97238,81.588425,0.2430985,0.1246407210733953,0.6438651858697297,0.1065798976816905,485.93501174268926,0.6644222765038791,1.2834938790837072
1.4721278e-19,0.03991077,0.0054114084,100063.06,6.969004e-05,299.88425,0.87054414,22.5485,-0.1475955,1.1563025,0.0025010843772851,0.0647636007647549,0.0021311633411752,22.56578125794249,0.0648469063584812,3.6076056
-1.5183822e-19,0.032273848,-0.0013781823,104129.25,0.962735,238.42125,-11.012125,635.34937,-38.667118,0.1098155,0.0101361844481127,0.5499444748538427,0.0336210704148688,636.6201653033294,0.551064464498734,0.9187882
-0.004491879,0.010486154,-0.0025933797,98317.516,4.0035464e-09,296.81012,4.691175,-0.8125399,2.6024437,1.1489625,0.0135515486845364,0.0023472770119171,0.0075177268124471,5.42586925583235,0.0156738762769973,3.4578474498201968
0.0037359586,0.06124923,-0.0021569484,92665.19,0.40605313,251.87325,22.82737,134.81238,-7.163132,0.20066226,0.0281640163724856,0.1667076535470221,0.0167937860177713,136.9188704395078,0.1699019859159812,2.875939503395293
-0.0019924412,0.01116,0.0011503282,98637.2,0.002189031,384.54626,-3.3676639,193.1945,2.0272439,0.8652576,0.008368529812915,0.4825593661718397,0.0050401408487867,193.2344837450693,0.4826582405710825,1.533779196505254
-0.0015188704,0.0032984614,-0.0056685233,98181.14,5.092654e-13,295.4319,2.069955,-0.24862175,7.731355,1.1527213,0.0059935444889838,0.0007198787082357,0.022386013191349,8.00752000388529,0.0231856504653039,3.9123237593043534
0.0046863924,0.0064430768,0.002705682,98072.984,1.962945e-10,295.84238,-6.81883,-1.4927125,-3.9551263,1.1498525,0.0197300914371311,0.0043191019475868,0.0114440261656956,8.022945670108202,0.0232141526796117,3.607583913671109
0.0012281717,0.06416923,-0.0045836214,92170.33,0.532651,246.65538,-10.698828,29.682762,6.6291776,0.16175263,0.012844987958696,0.0328575097248063,0.0157976635032201,32.24092548570171,0.038654570662934,3.163541676540452
0.00410197,0.01116,-1.5322009e-19,98204.17,1.6640391e-06,301.6355,-5.5591235,6.1650214,0.022432752,1.1292638,0.0159315945721031,0.0176581116049984,0.0020023025841179,8.30131593056622,0.0238670028847949,2.7346466666666664
-0.002838977,0.01408,-0.0016390758,98271.1,0.00036187316,325.733,1.5113323,50.8595,0.9903736,1.0416701,0.0041753321006929,0.1397249321278345,0.0027347904051287,50.8915877669247,0.1398140519934924,2.185442735178454
-0.0054114084,0.067763075,2.5823509e-19,92385.77,0.02277393,278.6475,-68.63712,-15.720213,-0.82244,0.89639086,0.1793489194456277,0.0413761506948863,0.0227492349593296,70.41914332206385,0.1854603689306019,3.6076056
-0.0010048215,0.058553845,4.0129963e-20,91613.81,0.99857277,228.15613,-25.930313,768.5094,-46.981625,0.09748872,0.0225611697529712,0.6685878538128658,0.0408708056239771,770.3806540329779,0.6702157469047332,0.6698810000000001
0.0001279371,0.005769231,-0.00044156975,59162.0,0.9999995,160.03062,-149.7492,2101.9038,443.63214,0.08874962,0.1547061903518118,2.187417134493846,0.4584587023988777,2153.4237583429926,2.2402928619749027,0.3064867194305833
-0.0011019303,0.024636922,-0.0011019303,101261.414,0.8254074,245.22751,-44.191357,616.64777,-23.886162,0.12110025,0.0417583050310658,0.5659060632274642,0.02280276612856,618.6904694712572,0.5679026277274899,1.0389098500332354
-0.0037597984,0.00824,0.001007429,98172.31,2.1839057e-06,300.51663,7.5173836,3.593844,-1.7166532,1.1330937,0.0215811279697977,0.0103129942746962,0.0049287568314071,8.507271542331019,0.0244212116665378,2.5949521253287604
0.004795607,0.01408,-0.0012849732,98274.19,1.0413685e-07,297.96027,-4.6375475,2.6878812,1.1614542,1.1440263,0.0133710022862952,0.0077484034131305,0.0033487274185448,5.484571817267719,0.0158125087483434,3.309850793761437
0.0015053301,0.025535384,0.00040334585,98247.836,0.5970726,255.13889,51.770203,632.3361,22.653536,0.15945238,0.0501264238109259,0.6686703937036822,0.0233142452265089,634.8561096620041,0.6709517924638041,1.038953872289757
-0.001007429,0.030701539,0.0037597984,97502.42,0.014764412,317.7705,-1.6428597,82.419174,7.6617823,0.8915443,0.004181875806724,0.2100910855059047,0.0194589357072164,82.79083366441452,0.2110317570252634,2.5949521253287604
0.00028127836,0.004196923,0.00028127836,38273.95,1.0,133.907,293.85114,2304.085,292.71524,0.069030516,0.3339180582336316,2.6164173485527606,0.3328644199901213,2341.1190468305017,2.658559710354036,0.2651917810093745
-0.001331215,0.059452306,-0.00035669186,92025.836,0.9516449,231.85738,-38.23015,652.32275,-41.102573,0.10085731,0.0337860229028335,0.5756169647628888,0.0363111700788491,654.7334847430711,0.577749847718653,0.9187823969714264
-0.002838977,0.063944615,0.0016390758,92215.29,0.44269526,253.23438,15.799809,283.19763,3.6269362,0.18362363,0.0211393382299071,0.3373255548103757,0.0107293875973224,283.66121742009824,0.3381575391842384,2.185442735178454
0.0026849245,0.02823077,-1.3196548999999998e-19,96829.81,0.009970635,347.65125,2.4486895,174.63412,2.1032894,0.85328937,0.0164377882566965,0.4378181240251256,0.0052738170458542,174.66395098801,0.4381583318320963,1.7899496666666668
-0.00050239643,0.06708923,-0.00087018503,92365.266,0.97987276,231.416,-3.9432988,710.1083,-14.207282,0.09862892,0.0037558373510207,0.6187970646032758,0.0123838255769263,710.2613562598937,0.6189323651351234,0.6698670379885004
0.0019252748,0.066415384,-1.6320611e-19,94103.516,0.376667,257.54498,19.559126,427.87326,-2.2998924,0.21200988,0.0275771194870931,0.5414372524987103,0.0073640368558536,428.3262489481155,0.5421891044196406,1.2835165333333334
-0.0035105823,0.054286152,0.0035105823,94329.06,0.051593937,277.9709,10.355437,33.664124,-2.0018017,0.7090269,0.023889231304683,0.0774899238251408,0.0114361796442108,35.27769167894164,0.0818912075354212,3.309808733657956
-0.0030952666,0.00084010884,-0.0008253035,98212.42,6.311935e-14,295.64026,11.020175,1.4293613,2.8856838,1.1522763,0.0318974975941277,0.0041372381787011,0.008352493957944,11.481049679804766,0.0332314797719297,2.135603083407881
4.1633363999999997e-20,0.02081846,0.00045,103102.0,0.9999769,199.3905,4.796071,1609.0024,14.54204,0.12538275,0.0046466740412278,1.496378883713914,0.0135193940156786,1609.0752612697015,1.4964471688700194,0.3
-0.00045754042,0.06484307,0.0007924895,91950.266,0.9943309,225.63475,4.05824,803.98474,43.026188,0.09933253,0.0035570204712519,0.7047163413714875,0.0377130290852118,805.145442959579,0.7057336939337883,0.610057499491838
-0.0014932879,0.02373846,-0.0014932879,103598.9,0.1863773,294.9966,-64.41064,296.12726,-55.59241,0.39445776,0.1059747561300922,0.4778467611815546,0.0952899640571217,308.1080990657748,0.4986465214543683,1.407885333805092
-0.0007791963,0.03452,-0.0013496222,90967.31,0.15765275,282.802,-28.347473,430.91602,-13.379675,0.3653949,0.0466005033555779,0.7248655054779957,0.0450087736054717,432.0546391617983,0.7277550395884126,1.0389368404857235
0.00153905,0.051815383,-0.0026657272,96436.8,0.3605685,256.74612,-28.515625,270.36926,31.034924,0.22840762,0.0371352364953788,0.3521029642701275,0.0400375319525722,273.63450829486766,0.3563124011344983,2.0520749831783918
0.0010559278,0.02868,-0.0018289352,95354.664,0.12701748,297.878,6.5141187,308.5275,-19.634287,0.427068,0.0198360574294749,0.5418346130641921,0.0351716670939111,309.2202406452172,0.5433371543111452,1.407912163392128
-0.0006890677,0.010710769,0.0011935149,102335.375,0.8538525,246.70387,-24.838503,643.6231,47.092968,0.117157,0.0235591989026263,0.5795244776526425,0.045154364754961,645.8214875024987,0.581758173735381,0.9187653821431114
0.0004505431,0.03249846,-0.0016814725,109572.71,0.70004624,250.659,23.135874,471.0526,-97.74634,0.15013687,0.0265064158333395,0.4615293997512848,0.0977667709506416,481.6431953385197,0.4725148869794753,1.1605245659162278
-0.0035523847,0.045301538,0.002050962,96527.65,0.046763137,287.16888,3.534765,73.65796,-3.13648,0.7293925,0.0215403719966876,0.170470630342263,0.0098959104884363,73.80939738107354,0.1721108726357498,2.7346242628142687
0.0027523169,0.054286152,-0.0027523169,93297.984,0.3187104,255.23363,-12.147807,157.13187,16.004282,0.242397,0.0164145776282321,0.2138375201701403,0.0217765626262976,158.41127114868334,0.2155693439964167,2.594909258619116
0.00074549386,0.0608,-0.0027822433,92909.29,0.32623687,258.96075,-1.9694152,319.7596,15.850026,0.233024,0.0124511628561718,0.4272493395923736,0.0214876697435232,320.1582479221653,0.4279705008404166,1.920259111647012
0.0033709237,0.036092307,0.0019461956,98345.5,0.011943448,306.86176,1.8393937,83.61055,-2.2110023,0.9597174,0.0071446625660465,0.2205108491303074,0.0057959676489954,83.66000222123297,0.2207026824221673,2.594935572283576
-0.00087018503,0.00868923,0.00050239643,90384.336,0.9983342,199.462,-47.7648,1416.57,28.992294,0.11006638,0.0444180302136016,1.31988834996053,0.0269494976728417,1417.6715395783406,1.320910478872208,0.6698670379885004
0.000530325,0.026883077,-0.000530325,97281.95,0.99985373,209.14313,14.858538,1331.2488,-35.368286,0.11280637,0.0134949281699856,1.2091291685571377,0.032113286092898,1331.801433888519,1.2096308207406392,0.4999952049770078
-1.00559694e-19,0.06596615,-0.003480578,88825.336,0.33693162,257.72186,-7.9965878,205.88475,-2.447391,0.218054,0.012391038461679,0.2718967672964216,0.0043218692046095,206.05452050783185,0.2722132775119997,2.3203853333333333
0.0027822433,0.006667692,-0.00074549386,98045.96,1.5889312e-06,311.85675,-8.386865,25.075476,2.5864,1.0906037,0.0236478933634312,0.0705753531122525,0.0072928178351993,26.567056030256737,0.0747882913257466,1.920259111647012
-1.5699931e-19,0.06484307,-0.0032781975,91049.55,0.36136624,257.38477,-9.821354,263.25525,16.599892,0.21131475,0.0149109692670294,0.3384491411604189,0.0225884125767033,263.96087221663646,0.339529666655865,2.185465
0.002176526,0.007566154,0.002176526,98120.94,5.1777315e-06,310.88138,-4.7974415,21.727587,-4.7681274,1.0947788,0.0135485690330637,0.0612608317133933,0.0134656874956692,22.756065580216674,0.064169914794952,2.052048392038442
0.0024610888,0.056307692,0.0024610888,93040.3,0.48716512,247.76038,-12.745414,209.02475,-12.10921,0.17425138,0.0146540894619164,0.2414987444831304,0.0140292763341951,209.76278186899123,0.2423493480893797,2.32033677277635
0.002838977,0.046649233,-0.0016390758,98634.6,0.39988586,251.29138,-4.4532003,188.1885,16.3833,0.21556576,0.005635810491938,0.2348132555596171,0.0204961302385448,188.9527852243833,0.2357734478289751,2.185442735178454
-0.0014593768,0.035418462,0.00544649,98259.5,5.8526763e-05,299.16287,-0.4070271,10.511728,1.4728887,1.1383737,0.0013718833491278,0.0302286292719153,0.0042360345257568,10.62221717574566,0.0305548045335903,3.7590799089658
0.0012281717,0.061698463,0.0045836214,90936.35,0.36254877,251.66437,-9.265888,56.771725,-2.024165,0.215532,0.0118627358946445,0.0734700287122897,0.0129668110607916,57.558515302702126,0.075542754854301,3.163541676540452
-0.0039621918,0.01947077,0.0010616601,98617.984,0.00032404598,309.18536,7.133379,31.235613,-1.6348785,1.1016425,0.0201499909922947,0.0881771182437194,0.0046213655522764,32.081481311703364,0.0905681143577815,2.734640827760201
-0.0035846329,0.00045,0.00096941355,98228.22,6.1406975e-15,295.60974,10.7317,0.3067475,-2.8846374,1.1525825,0.031064115690444,0.0008879124903112,0.0083498953974758,11.11686160066028,0.0321790059723498,2.4756014450980515
-0.0010559278,0.043055385,0.0018289352,95406.69,0.10759142,288.18326,3.5958138,259.92563,-1.6820064,0.47605738,0.013598052216182,0.4887873062672293,0.0169870771634027,259.9559427158972,0.4892713956308948,1.407912163392128
0.0007924895,0.03901231,0.00045754042,99588.42,0.9981184,228.30762,11.583788,864.188,-39.176525,0.10595263,0.010076569363821,0.7518736452174483,0.0340692664467691,865.1530983586111,0.7527125816265715,0.610057499491838
-0.0009151009,0.04709846,-1.7975756e-20,97245.96,0.9993809,225.90187,1.046995,827.59686,33.072063,0.1044375,0.0025776286659437,0.7233787452843488,0.0289020147716327,828.2580637889773,0.7239604821787982,0.6100672666666667
-0.001331215,0.029578462,-0.00035669186,98906.48,0.8404143,246.1655,-76.46736,705.1695,-21.347658,0.116303496,0.0717294925986314,0.6408204364140885,0.0202426204262752,709.6245509970075,0.6451400743374436,0.9187823969714264
-0.0026657272,0.03317231,-0.00153905,99523.33,0.034460526,315.13562,1.2149475,153.01738,-4.4351006,0.75129277,0.0113391172745333,0.3549253707591643,0.010330340920237,153.08646183390704,0.3552566823194522,2.0520749831783918
-0.0018426349,0.060575385,0.0031915514,90944.516,0.46167213,249.84587,15.127177,225.01187,14.682443,0.17739774,0.0176417259974954,0.2646288609652348,0.0171738730880929,225.99722842843556,0.2657717187150924,2.4568546932603774
-0.0016390758,0.021716923,-0.002838977,96318.766,0.0052539236,334.6215,4.3997865,105.3594,9.680931,0.93331885,0.0115758567177232,0.2769738494296042,0.0254433585551895,105.8946727396253,0.2783808151097525,2.185442735178454
-0.00037499773,0.06372,0.0006495165,91032.55,0.9962186,223.36887,10.462663,889.22314,41.89141,0.09916304,0.009208454104114,0.7826676153501295,0.0368710620356236,890.2708297255948,0.783589731275545,0.4999977694516481
0.00071048376,0.045975383,0.00071048376,97758.06,0.99585366,225.48325,14.390301,820.871,30.468388,0.10552912,0.0126109116849963,0.7193165217804747,0.0266957837271314,821.5622934818692,0.7199221891765057,0.6698505128252208
0.0029004794,0.05540923,0.0029004794,94749.89,0.41347888,250.436,-8.640865,123.16125,4.381285,0.20274225,0.0146833511288244,0.1517107678727479,0.0098818661387541,123.54170837317228,0.1527396777765862,2.7345982032425185
-0.0033709237,0.010261538,0.0019461956,98740.21,3.9643683e-06,303.362,4.1322913,8.442839,-2.1563087,1.1289338,0.011809670060799,0.0241123326090181,0.0061627452459567,9.64401518962265,0.0275472742709584,2.594935572283576
-0.0009626141,0.04372923,-0.0016673111,97143.9,0.6789581,243.8965,-14.661483,435.65662,-35.535084,0.14023112,0.0180367062404858,0.4389639628057605,0.034129828880817,437.3492789847386,0.4406580631664153,1.2834938790837072
0.0030781461,0.04170769,-1.5791709e-19,103098.75,0.10577079,280.6145,-15.413023,150.38225,2.9051158,0.529781,0.0322202849778461,0.2877348104183544,0.0081617526390635,151.1979566359031,0.2896482040280609,2.0520974
0.00097446906,0.056756925,-0.00097446906,94067.55,0.96980715,234.091,-23.995487,627.03186,-39.61195,0.10028967,0.020909365574493,0.5458621154957396,0.0345705519707278,628.7398853534181,0.5473552537116756,0.918738240509974
-0.0005870607,0.055633847,0.0005870607,93461.02,0.9996493,224.15076,-4.876619,941.4913,-2.854515,0.101132624,0.0042735702701825,0.8259966905767976,0.0025014018683354,941.5082568116152,0.8260115333686225,0.5534861359174952
-0.0038924366,0.009363077,1.5418135999999998e-19,98526.664,6.5902464e-06,302.25476,5.706961,6.3108325,0.19744149,1.13058,0.0163367046884267,0.0180571353329181,0.0020873562891401,8.510875033775942,0.0244398263657087,2.5949577333333336
-0.0018984762,0.047996923,0.0018984762,93322.52,0.13522688,279.3601,11.674711,283.66586,-19.462725,0.422018,0.0215918747062874,0.5092228205221411,0.0428398094257369,284.57233996103474,0.5114776038747837,1.7899005265883576
0.0009151009,0.057206154,1.7975756e-20,93218.25,0.9992775,225.445,0.23871626,880.1499,-29.6518,0.10032381,0.0014579988074207,0.7700801408469681,0.0259368215956852,880.6492676989533,0.7705181813571274,0.6100672666666667
-0.0015189121,0.0021044263,-0.0056766337,98230.95,3.5030163e-15,295.423,2.0019717,-0.10607409,7.5693536,1.1533425,0.0057967640350347,0.0003071401227436,0.0219172676712623,7.830342030971775,0.0226729669542084,3.917553892786904
0.00045754042,0.05091692,0.0007924895,98039.914,0.9980184,223.09076,3.667157,918.5024,23.6399,0.1067535,0.0034053368396303,0.8083863197161322,0.0208041114041037,918.8138830678564,0.808661146138788,0.610057499491838
0.0009523381,0.014978462,0.0005498259,101417.086,0.99441,224.90062,37.48831,878.71515,35.27566,0.10992238,0.0329666091088095,0.7716659774353423,0.0310084259372517,880.2215973347928,0.7729920442840801,0.7331079584049207
1.2490008e-19,0.041033845,-0.00075,100760.0,0.99886364,217.37738,37.372936,1138.9688,-29.114313,0.11251375,0.0333016655236538,1.0150963153972057,0.0259430645916058,1139.9536424522544,1.0159737068743644,0.5
-0.0036853154,0.04283077,1.5513156999999998e-19,98461.96,0.12369778,273.30273,-2.1034265,128.93726,5.3585477,0.4792025,0.0232725332561903,0.2382047984599113,0.0098641012789436,129.06570207766927,0.2395421409846891,2.456876933333333
0.00544649,0.053836923,0.0014593768,94792.484,0.005140699,293.361,-9.985078,15.808825,-2.5063639,1.050175,0.0289306426589122,0.0443464913646589,0.0070829899682767,18.86538074214068,0.0534206151958599,3.7590799089658
0.0011165227,0.023513846,-0.0041669416,97469.17,0.0024289512,318.1445,0.043341875,34.60211,0.9234816,1.0298063,0.0022835893644108,0.0948380176870396,0.0036844908803325,34.61445815314415,0.0949370309849625,2.8759558980875943
-0.0013496222,0.02823077,-0.0007791963,99485.625,0.49147725,265.57462,-96.04646,587.79663,-41.098637,0.19609313,0.1072158131361462,0.6707351859037947,0.0445571664310686,597.0082902951569,0.6807101154501886,1.0389368404857235
0.0005329707,0.034744617,0.00031432978,98157.914,0.9999559,211.0495,-9.718798,1316.1326,47.618137,0.11277662,0.00877358184656,1.1898579940531544,0.0430440715153141,1317.0295982963614,1.190668641496546,0.4125050721052952
-0.0035105823,0.0059938463,0.0035105823,98019.56,1.312196e-09,295.91687,6.57869,-1.674715,-6.4352436,1.1489375,0.019032825350938,0.0048451035709706,0.0186178304573208,9.353939952697257,0.0270619119869657,3.309808733657956
1.6234991999999998e-19,0.046873845,0.0021119022,101952.33,0.34279737,264.33087,-2.2092872,363.77374,110.33391,0.26190838,0.0258718843139244,0.4862414243115709,0.1469125883177834,380.1444285523698,0.5086092662552746,1.4079348
-0.0032781975,0.0055446154,1.5699931e-19,98015.45,2.6339274e-07,299.80862,13.662525,4.2816887,0.10982001,1.1339837,0.0392699630933488,0.0123002507111174,0.0050677177337566,14.318153090881838,0.0414621264763199,2.185465
0.0027523169,0.050467692,0.0027523169,96227.234,0.20682022,269.60675,44.10018,137.63013,33.89506,0.35699424,0.0680857016800719,0.2196443867668794,0.0521667801170142,148.44444635031957,0.235797990575075,2.594909258619116
0.00045754042,0.02081846,-0.0007924895,99915.92,0.9991456,217.14937,17.317125,1077.2726,23.004436,0.11166962,0.0154316439489227,0.96081919971151,0.0205106959717481,1077.657339605082,0.9611619836523282,0.610057499491838
1.4721278e-19,0.0028492308,0.0054114084,98124.92,8.89508e-13,295.40125,-0.0021612346,0.025666492,-8.788745,1.1521813,0.0033286575712664,0.0001493481168834,0.0254489858703593,8.788782743632455,0.0256661868596897,3.6076056
0.0012458276,0.038113847,-0.0021578514,96145.19,0.14078225,287.89774,20.003641,184.91438,-45.490337,0.40910587,0.0341548069811276,0.3207544321411585,0.0772252562491954,191.47544057767524,0.3316831270668874,1.6611119533351038
-0.003667574,0.047996923,0.003667574,98132.016,0.0055424436,295.37524,1.8967494,27.6647,-3.0293357,1.0751851,0.0053595470170918,0.0772131359810487,0.008543925538512,27.89462599067596,0.0778690681584412,3.457821927871294
-0.004795607,0.05451077,-0.0012849732,93820.586,0.058319114,274.948,-0.35466874,33.71935,1.5996946,0.6812242,0.0167779057491545,0.0750761076026278,0.0062614578804552,33.7591376837576,0.0771824196878898,3.309850793761437
-0.0008839167,0.031824615,0.00023684214,98626.586,0.999779,221.46075,-16.522013,1032.8278,11.353833,0.108014874,0.0145813049281939,0.9118288007792492,0.0100107431605658,1033.0223380402788,0.9120003242118718,0.6100648168910395
0.00069490174,0.010710769,0.0025934312,98094.02,5.984801e-05,350.56213,-0.25771493,99.42426,-1.3767498,0.9704195,0.0007312267935769,0.2636000600614528,0.0036813069812824,99.43412559853154,0.2636267785679513,1.7899439863847344
-0.0010048215,0.05990154,4.0129963e-20,92328.9,0.9995075,226.09724,-30.744413,786.2346,-46.91391,0.099057734,0.0268550849471927,0.6868296206113275,0.0409827198866301,788.232821011256,0.6885751278298737,0.6698810000000001
0.00248237,0.0028492308,0.004299605,98124.81,4.2232363e-12,295.42523,-4.8565974,0.3824919,-8.381345,1.1520863,0.0140623514409405,0.001107509920392,0.0242683144470624,9.694317014017924,0.0280700443956504,3.3098347708290348
-0.00074549386,0.029578462,-0.0027822433,96547.914,0.015825849,339.2181,-3.2312336,146.16888,-2.4207973,0.8159636,0.007977481530122,0.359103594553359,0.0157370241311346,146.2246306563975,0.3595367655208721,1.920259111647012
0.004313942,0.029803077,-1.5224762e-19,98341.25,0.0023089538,314.68124,0.8042515,51.352463,2.0303562,1.0519612,0.0024506013754614,0.14172486052488,0.0055977869768532,51.398877642809474,0.1418565358273503,2.8759613333333336
0.0007775554,0.047996923,-0.0007775554,98411.86,0.99834865,229.45876,17.912788,702.06525,13.538674,0.104149625,0.015541985302094,0.6091189720891279,0.0117450075058828,702.4242157878483,0.6094304067466272,0.7330862614509579
0.0008703744,0.05990154,-0.0015075472,94558.19,0.8468495,240.203,19.897268,568.1281,-35.0209,0.11253825,0.0240573150814007,0.5205360191073116,0.0324623505090888,569.5541262428742,0.5221018155471098,1.160507581746156
-0.0033709237,0.04575077,0.0019461956,97449.25,0.094205014,279.82974,-14.530612,92.26784,5.7197514,0.5604227,0.0348299463690419,0.1842000346456404,0.017423086713724,93.5799580008345,0.1882719890959868,2.594935572283576
-0.000796675,0.014753846,-0.002973254,98284.586,0.00064076023,337.82874,0.32730937,75.20496,1.0800377,1.000985,0.0008865454670618,0.2024138383835826,0.0029252279392417,75.21342713544378,0.2024369158294424,2.0520916596531995
0.001159104,0.0073415386,-0.00031057486,105493.0,0.86967736,244.02063,102.09905,742.70514,-32.58055,0.11981413,0.0917789480982089,0.6663764536843434,0.029314611779342,750.3976500706973,0.6733055025786654,0.7999941184450516
0.0006495165,0.02373846,0.00037499773,99316.9,0.9998995,207.04913,-9.16083,1390.9175,0.26693553,0.11632863,0.0083687841894925,1.2696836332337635,0.0016122693928085,1390.9476927142575,1.2697122368722351,0.4999977694516481
0.002973254,0.056083076,-0.000796675,95016.96,0.34204474,257.88962,-22.406425,284.7635,5.4876437,0.2313455,0.0293596508397866,0.3751311637103983,0.0120701302129133,285.6963651272252,0.3764718676441952,2.0520916596531995
-0.0041095437,0.013181538,-0.002372638,98303.586,2.4583363e-07,298.60773,4.331685,3.021375,2.5214424,1.1418837,0.0124754489845299,0.0086998396597085,0.0072620010708327,5.852339156813091,0.0168541003029832,3.1635254947783733
0.000848475,0.030476922,-0.000848475,98785.086,0.99810773,232.03612,14.82267,780.9385,-1.5046195,0.10341213,0.0127973681705515,0.673938801012948,0.0041125092113818,781.080608009198,0.6740728394430948,0.7999499015563412
-1.5026859e-19,0.04507692,-0.004745321,99002.984,0.010818145,294.37625,-0.0030400008,44.915775,5.283026,1.0232135,0.003627894095274,0.1218331931055868,0.0142678975317495,45.22540455108064,0.1227194420531898,3.1635473333333333
-0.0037597984,0.019246154,0.001007429,98759.6,0.0004969061,312.64526,5.8781786,39.314125,-1.3522815,1.08854,0.016493312504692,0.1102354253964536,0.0037983185509081,39.77413824867064,0.1115271518220056,2.5949521253287604
2.7755577e-20,0.054735385,0.0003036618,94724.55,0.99996525,216.888,13.514362,1135.1575,-0.005472498,0.105897,0.012050181365742,1.0121759374079244,0.0005463685771358,1135.2379432596786,1.012247812374608,0.2024412
0.004491879,0.04867077,0.0025933797,97623.8,0.003878082,295.74362,-3.7444808,27.110374,-1.7042322,1.0899613,0.0109865169185536,0.0764912260616679,0.0073819782166917,27.420757142591118,0.0776279899315353,3.4578474498201968
-0.00508224,0.06574154,0.0029342247,91777.67,0.012577668,282.68112,-38.39556,-20.108263,19.263426,0.970048,0.1050944180733357,0.0552426720778049,0.0525578981787078,47.43037897643498,0.1298419122988889,3.912307532088964
-0.001159104,0.0064430768,-0.00031057486,98364.08,0.9000335,239.631,92.04119,855.82587,18.516943,0.110054374,0.0817971654509785,0.7629319973983751,0.0166204073443242,860.960148668879,0.7674843626227054,0.7999941184450516
-0.0018289352,0.061923075,-0.0010559278,92119.14,0.5940412,246.81288,-60.898674,494.5384,-24.418179,0.15169112,0.0654529906176233,0.5334369136236319,0.0256840697744492,498.8718523180019,0.5380508398258249,1.407912163392128
-0.0009008322,0.067987695,-0.0033619737,92141.85,0.30072263,261.97876,-30.469212,152.62762,-61.00735,0.24450213,0.0415006582028361,0.2104117615010719,0.0838773283432059,167.1689565104354,0.2302842161748098,2.32037983596063
0.0027523169,0.010935385,-0.0027523169,98303.375,3.816485e-06,303.75638,-3.4612625,9.396027,3.8753076,1.12249,0.009884475970147,0.0268172501939443,0.0110671003844872,10.73702335255228,0.0306487925388478,2.594909258619116
-0.00392167,0.018572308,-0.002264169,98622.61,3.11682e-05,303.18213,3.7462037,16.052225,2.6492076,1.1278512,0.010706364576543,0.0458598446043806,0.0075709291054832,16.695097200088906,0.0476976997045354,3.0189002301766195
-0.00074549386,0.040135384,-0.0027822433,109463.21,0.27865714,268.1,-19.723476,218.54138,-42.481907,0.31168362,0.0567108462640342,0.3119482531296866,0.0629224507840971,223.50405522089216,0.3232445939645751,1.920259111647012
0.004491879,0.023289232,0.0025933797,97572.31,1.3746442e-05,302.62177,-3.7251613,7.5205436,-2.41089,1.1181737,0.0106576519869065,0.0214988858226469,0.0068968849911364,8.731998244538225,0.024967071515702,3.4578474498201968
0.0045836214,0.04328,-0.0012281717,99343.27,0.004025841,298.07938,-8.337422,42.84985,5.3129997,1.0975287,0.0234149991969657,0.1202596795010819,0.014916431628875,43.97556385585959,0.1234226585098366,3.163541676540452
0.0058684936,0.00532,-1.4511581e-19,98129.86,1.8211394e-11,295.58725,-7.480336,-1.031592,0.010693379,1.1515137,0.0216534953992079,0.002986170081957,0.002861791625961,7.551140514896702,0.0220449750753389,3.9123290666666666
-0.0024944716,0.029578462,0.0014401756,96657.23,0.013078287,342.24274,-0.14567499,157.64099,7.850245,0.83450913,0.0092199056863614,0.3912712674912923,0.0194921705959945,157.83640041493229,0.3918649718202064,1.9202423830851167
-0.0024610888,0.06506769,-0.0024610888,90784.516,0.3837615,255.44775,-2.6273825,230.497,8.657235,0.20199412,0.0043685151293418,0.2897934078501213,0.0108765395060268,230.6744846437216,0.2900303471525836,2.32033677277635
-0.0014593768,0.03699077,-0.00544649,98376.6,0.00010174059,299.01038,-0.15805337,13.484262,-3.3060637,1.13965,0.0012661737723039,0.0387747962545197,0.0095054290018418,13.884536713224175,0.0399429743648396,3.7590799089658
-0.003667574,0.06461846,0.003667574,95542.875,0.47136,248.9715,-69.48159,-34.005688,67.67755,0.18773325,0.0836547310285301,0.0402382214772314,0.0812720338683426,102.78292143777556,0.123378977059317,3.457821927871294
0.0056685233,0.02284,-0.0015188704,97712.266,1.231928e-07,297.22577,-5.587921,-0.4473965,1.5453172,1.1402937,0.016130559908706,0.0018097016970839,0.0044608609672039,5.814897245787675,0.0168335754897616,3.9123237593043534
-0.000644892,0.034744617,0.0024067922,94466.73,0.073578075,311.2205,-3.8890421,244.02475,6.4452386,0.5326185,0.0104709811691474,0.4896340818372451,0.0386707398987601,244.14082895253105,0.491270395675909,1.6611287174214255
-0.005186804,0.029578462,9.2732045e-20,97595.27,9.9440345e-05,300.18976,1.3762772,13.927825,0.084166214,1.126205,0.0039518004202414,0.0399680031352003,0.0003015022933943,13.995911264131534,0.0401640250075826,3.457869333333333
0.0030142437,0.054286152,0.0017402662,95206.7,0.33756825,255.66338,-16.533794,205.88838,-11.485569,0.23534825,0.0218409183393474,0.2730906616905176,0.0151580900246116,206.8702725340512,0.2743816737861058,2.3203631449363105
0.0004982899,0.030252308,0.0018596658,100281.08,0.2331697,287.91876,12.120758,371.7575,73.016914,0.33216438,0.0198038366944797,0.5628692045743913,0.1134033070514163,379.0541139610913,0.5745208816537719,1.2835107603984124
0.00044156975,0.0059938463,-0.0001279371,77151.56,0.9999986,169.83662,-523.1031,1954.44,170.61382,0.10992582,0.5269888120918008,1.970334143682784,0.171933972570747,2030.414155389142,2.0468256244135827,0.3064867194305833
-0.0041669416,0.03249846,0.0011165227,97976.61,0.0031811662,311.38675,-0.96395326,60.9495,-2.3550386,1.0471662,0.0040770368276308,0.1682661332517396,0.0065095664445715,61.00259800160117,0.1684413496861217,2.8759558980875943
-0.00045754042,0.025086153,-0.0007924895,97907.6,0.9995844,218.35326,-7.1637588,1081.7529,-6.6331077,0.108775124,0.0063656112132013,0.961972890050386,0.0058880139114212,1081.7969560949568,0.9620119702508024,0.610057499491838
-9.37506e-20,0.013630769,-0.0049647847,98211.65,1.0638955e-07,297.76663,-0.08956924,2.1129012,5.428861,1.1440388,0.0020351680227584,0.0060929591436707,0.0156573706537708,5.826225698257546,0.0169239273159885,3.3098564666666666
-0.00153905,0.057206154,0.0026657272,90608.29,0.3689826,252.73862,26.197254,287.18112,-28.255363,0.21309812,0.0364632013359793,0.3724512418267214,0.0358554451230917,289.75447768732874,0.3759456151292499,2.0520749831783918
-0.0010392044,0.06327077,0.00059997645,90968.67,0.9815495,231.01,27.1374,631.9541,46.243587,0.09714821,0.023654265371197,0.5507354775632829,0.040297126767596,634.2246386921566,0.5527141656795418,0.799977090098061
-0.0005830067,0.031824615,-0.00016102531,99598.875,0.99996,208.87762,-19.65915,1363.7363,2.751443,0.115624875,0.0178588573853644,1.239264167002794,0.0026759638659286,1363.8807677194495,1.2393957298566312,0.4032236559999844
0.0010616601,0.019246154,-0.0039621918,98559.375,0.00012336546,308.8325,-1.3532696,29.753475,5.5259647,1.1051725,0.0038302114628066,0.0841561952868128,0.0156425460958304,30.29252216391952,0.0856832829282478,2.734640827760201
-1.3285194e-19,0.016326154,-0.0024917016,98356.1,0.0020674842,378.07764,0.5474019,188.30162,-3.5998538,0.87850565,0.0015044541860816,0.475134771444496,0.0090475700598338,188.33682245075155,0.4752232874575898,1.6611344
-0.0031915514,0.030701539,-0.0018426349,98102.55,0.012521531,317.78476,-4.2749195,95.12255,-0.10322265,0.92034686,0.0111182669393777,0.2456526848845655,0.0032729145394902,95.2186174555662,0.245925942959082,2.4568546932603774
-0.0035105823,0.059003077,0.0035105823,92899.69,0.46094614,247.6165,8.830304,52.33389,-3.1962755,0.183042,0.0118424626895336,0.0618152567454047,0.0084572296256475,53.16978924479968,0.063505075560889,3.309808733657956
-0.0003036618,0.051141538,2.7321895e-20,96454.336,0.999965,215.92288,-4.49926,1141.7662,24.560112,0.1083135,0.0040208896003589,1.020352282182792,0.0219480575807612,1142.0391840494967,1.0205962299265947,0.2024412
0.0011935149,0.03362154,0.0006890677,103794.625,0.82927173,247.532,38.18533,647.29126,100.176636,0.1236835,0.039901743806358,0.5902223087311489,0.0927001188249665,656.1093301423726,0.5987886395990482,0.9187653821431114
0.0018426349,0.045301538,-0.0031915514,97026.61,0.19021375,264.73276,0.6059825,136.6985,-7.424171,0.36890537,0.0185973583775587,0.2224921666356963,0.0231205758611863,136.9012981387596,0.2244619945135983,2.4568546932603774
0.0005870607,0.046424616,-0.0005870607,97849.14,0.99987435,219.94125,22.045376,1047.1117,24.911137,0.1078865,0.0195200158232789,0.9273526695669072,0.022055965402605,1047.6399551499094,0.9278202791383962,0.5534861359174952
0.0009705788,0.035193846,-0.00026006208,97014.11,0.9885665,228.96063,-22.476513,825.4715,4.4325147,0.1038445,0.0196209317720347,0.7202331464025584,0.0059431240461362,825.7893424690433,0.7205248690114449,0.6698774323920479
0.002973254,0.054735385,0.000796675,94430.375,0.340204,256.3955,-5.8183813,285.8635,-19.619812,0.23115288,0.0142711930671605,0.377307672162376,0.0258930190967724,286.595064884442,0.3784642583680749,2.0520916596531995
0.0012849732,0.05069231,-0.004795607,97900.914,0.01640694,289.69727,-2.7089126,33.423275,3.6066449,0.9666125,0.0077030163211391,0.0882660814006821,0.0187238765094677,33.7262717571148,0.0905583852429876,3.309850793761437
0.0008703744,0.012507692,0.0015075472,97471.164,0.24867299,285.93936,30.252012,438.09314,41.577065,0.2809004,0.0428444743124406,0.6202958039452597,0.0590979000844176,441.1002560406443,0.6245759322657201,1.160507581746156
-0.0015075472,0.06551693,-0.0008703744,87819.77,0.40072125,252.37837,-46.409084,506.98526,-14.1296015,0.19497587,0.055539150860732,0.634463422670118,0.0311965183215737,509.30099408261066,0.6376532402019144,1.160507581746156
0.0037597984,0.038113847,-0.001007429,98421.484,0.025353562,303.12912,8.704544,80.99414,-2.4059432,0.8447444,0.0213928128969845,0.199980206966209,0.0059161407475208,81.49606348326992,0.2012081915410941,2.5949521253287604
0.002838977,0.05204,-0.0016390758,95658.61,0.33231124,257.6385,-14.458107,233.941,20.563202,0.2411585,0.0200286094838,0.3146136662789455,0.0266148575231436,235.28764016734124,0.3163720196988214,2.185442735178454
0.003667574,0.01789846,0.003667574,98642.61,8.740971e-07,298.37662,-3.71984,6.4443073,-3.3345776,1.1467,0.0107172981978645,0.0185651793331512,0.009607284628518,8.153877235576646,0.0234909829991716,3.457821927871294
-0.0052270126,0.0062184613,0.001400568,98104.15,1.60192e-10,295.81363,7.658353,-1.4122987,-1.9836742,1.1503313,0.0221602802489845,0.0040866310856897,0.005740074219493,8.036163364589868,0.0232535379327393,3.607600091361616
0.0039621918,0.059452306,0.0010616601,92948.21,0.41625786,250.52249,4.2608814,156.5075,4.2002773,0.197385,0.0116058768264023,0.1919734087155799,0.0064440286774804,156.62182158291915,0.19243183607809,2.734640827760201
0.0032019995,0.022166153,0.0032019995,97839.89,0.00066602224,312.5365,-3.6101687,23.59935,-4.2278376,1.0764575,0.0101268986670082,0.0660782757661401,0.011855816277773,24.2453552095434,0.0678929523916158,3.018874079741246
0.0007244437,0.012507692,0.00019411351,83038.375,0.999884,187.289,50.05941,1702.8962,18.298853,0.10749438,0.0480548989485546,1.634533197658155,0.0175699621768295,1703.7301020188331,1.6353338347659918,0.4999994352148855
0.0030781461,0.0064430768,-1.8567266e-19,98009.0,1.067803e-06,305.5865,-10.488303,13.725587,0.15591249,1.1124963,0.029863735511526,0.0390424363568917,0.0043097266145033,17.27485302452429,0.0493429658500183,2.0520974
-0.0016390758,0.0032984614,-0.002838977,98013.02,4.1765635e-09,295.851,8.489005,2.59327,14.680013,1.1491163,0.0245621939698339,0.0075033647086864,0.0424754086187517,17.154912907476213,0.0496362991357457,2.185442735178454
-0.001007429,0.06821231,-0.0037597984,92858.67,0.5134463,249.3455,-30.203913,2.6209536,-41.47049,0.17092949,0.0353088185608229,0.0271642481222777,0.0483847280488259,51.37068521175304,0.0657699851951376,2.5949521253287604
0.00026006208,0.0026246153,0.0009705788,93772.39,0.67992467,208.552,83.966064,426.18933,293.99387,0.19390662,0.1102400222203423,0.3998326230282852,0.3744562495093941,524.5188657303738,0.5587812378144618,0.6698774323920479
